-- MySQL dump 10.13  Distrib 5.7.27, for Linux (x86_64)
--
-- Host: localhost    Database: duong_db_migrate
-- ------------------------------------------------------
-- Server version	5.7.27-0ubuntu0.18.04.1

/*!40101 SET @OLD_CHARACTER_SET_CLIENT=@@CHARACTER_SET_CLIENT */;
/*!40101 SET @OLD_CHARACTER_SET_RESULTS=@@CHARACTER_SET_RESULTS */;
/*!40101 SET @OLD_COLLATION_CONNECTION=@@COLLATION_CONNECTION */;
/*!40101 SET NAMES utf8 */;
/*!40103 SET @OLD_TIME_ZONE=@@TIME_ZONE */;
/*!40103 SET TIME_ZONE='+00:00' */;
/*!40014 SET @OLD_UNIQUE_CHECKS=@@UNIQUE_CHECKS, UNIQUE_CHECKS=0 */;
/*!40014 SET @OLD_FOREIGN_KEY_CHECKS=@@FOREIGN_KEY_CHECKS, FOREIGN_KEY_CHECKS=0 */;
/*!40101 SET @OLD_SQL_MODE=@@SQL_MODE, SQL_MODE='NO_AUTO_VALUE_ON_ZERO' */;
/*!40111 SET @OLD_SQL_NOTES=@@SQL_NOTES, SQL_NOTES=0 */;

--
-- Table structure for table `accessories`
--

DROP TABLE IF EXISTS `accessories`;
/*!40101 SET @saved_cs_client     = @@character_set_client */;
/*!40101 SET character_set_client = utf8 */;
CREATE TABLE `accessories` (
  `id` int(10) unsigned NOT NULL AUTO_INCREMENT,
  `name` varchar(191) COLLATE utf8mb4_unicode_ci DEFAULT NULL,
  `category_id` int(11) DEFAULT NULL,
  `user_id` int(11) DEFAULT NULL,
  `qty` int(11) NOT NULL DEFAULT '0',
  `requestable` tinyint(1) NOT NULL DEFAULT '0',
  `created_at` timestamp NULL DEFAULT NULL,
  `updated_at` timestamp NULL DEFAULT NULL,
  `deleted_at` timestamp NULL DEFAULT NULL,
  `location_id` int(11) DEFAULT NULL,
  `purchase_date` date DEFAULT NULL,
  `purchase_cost` decimal(20,2) DEFAULT NULL,
  `order_number` varchar(191) COLLATE utf8mb4_unicode_ci DEFAULT NULL,
  `company_id` int(10) unsigned DEFAULT NULL,
  `min_amt` int(11) DEFAULT NULL,
  `manufacturer_id` int(11) DEFAULT NULL,
  `model_number` varchar(191) COLLATE utf8mb4_unicode_ci DEFAULT NULL,
  `image` varchar(191) COLLATE utf8mb4_unicode_ci DEFAULT NULL,
  `supplier_id` int(11) DEFAULT NULL,
  PRIMARY KEY (`id`)
) ENGINE=InnoDB AUTO_INCREMENT=5 DEFAULT CHARSET=utf8mb4 COLLATE=utf8mb4_unicode_ci;
/*!40101 SET character_set_client = @saved_cs_client */;

--
-- Dumping data for table `accessories`
--

LOCK TABLES `accessories` WRITE;
/*!40000 ALTER TABLE `accessories` DISABLE KEYS */;
INSERT INTO `accessories` VALUES (1,'USB Keyboard',8,1,15,0,'2019-06-11 01:52:41','2019-06-11 01:52:41',NULL,4,NULL,NULL,NULL,NULL,2,1,'9033261',NULL,4),(2,'Bluetooth Keyboard',8,1,10,0,'2019-06-11 01:52:41','2019-06-11 01:52:41',NULL,3,NULL,NULL,NULL,NULL,2,1,'29988776',NULL,4),(3,'Magic Mouse',9,1,13,0,'2019-06-11 01:52:41','2019-06-11 01:52:41',NULL,5,NULL,NULL,NULL,NULL,2,1,'24014322',NULL,2),(4,'Sculpt Comfort Mouse',9,1,13,0,'2019-06-11 01:52:41','2019-06-11 01:52:41',NULL,1,NULL,NULL,NULL,NULL,2,2,'10147275',NULL,NULL);
/*!40000 ALTER TABLE `accessories` ENABLE KEYS */;
UNLOCK TABLES;

--
-- Table structure for table `accessories_users`
--

DROP TABLE IF EXISTS `accessories_users`;
/*!40101 SET @saved_cs_client     = @@character_set_client */;
/*!40101 SET character_set_client = utf8 */;
CREATE TABLE `accessories_users` (
  `id` int(10) unsigned NOT NULL AUTO_INCREMENT,
  `user_id` int(11) DEFAULT NULL,
  `accessory_id` int(11) DEFAULT NULL,
  `assigned_to` int(11) DEFAULT NULL,
  `created_at` timestamp NULL DEFAULT NULL,
  `updated_at` timestamp NULL DEFAULT NULL,
  PRIMARY KEY (`id`)
) ENGINE=InnoDB DEFAULT CHARSET=utf8mb4 COLLATE=utf8mb4_unicode_ci;
/*!40101 SET character_set_client = @saved_cs_client */;

--
-- Dumping data for table `accessories_users`
--

LOCK TABLES `accessories_users` WRITE;
/*!40000 ALTER TABLE `accessories_users` DISABLE KEYS */;
/*!40000 ALTER TABLE `accessories_users` ENABLE KEYS */;
UNLOCK TABLES;

--
-- Table structure for table `action_logs`
--

DROP TABLE IF EXISTS `action_logs`;
/*!40101 SET @saved_cs_client     = @@character_set_client */;
/*!40101 SET character_set_client = utf8 */;
CREATE TABLE `action_logs` (
  `id` int(10) unsigned NOT NULL AUTO_INCREMENT,
  `user_id` int(11) DEFAULT NULL,
  `action_type` varchar(191) COLLATE utf8mb4_unicode_ci NOT NULL,
  `target_id` int(11) DEFAULT NULL,
  `target_type` varchar(191) COLLATE utf8mb4_unicode_ci DEFAULT NULL,
  `location_id` int(11) DEFAULT NULL,
  `note` text COLLATE utf8mb4_unicode_ci,
  `filename` text COLLATE utf8mb4_unicode_ci,
  `item_type` varchar(191) COLLATE utf8mb4_unicode_ci NOT NULL,
  `item_id` int(11) NOT NULL,
  `expected_checkin` date DEFAULT NULL,
  `accepted_id` int(11) DEFAULT NULL,
  `created_at` timestamp NULL DEFAULT NULL,
  `updated_at` timestamp NULL DEFAULT NULL,
  `deleted_at` timestamp NULL DEFAULT NULL,
  `thread_id` int(11) DEFAULT NULL,
  `company_id` int(11) DEFAULT NULL,
  `accept_signature` varchar(100) COLLATE utf8mb4_unicode_ci DEFAULT NULL,
  `log_meta` text COLLATE utf8mb4_unicode_ci,
  PRIMARY KEY (`id`),
  KEY `action_logs_thread_id_index` (`thread_id`),
  KEY `action_logs_target_id_target_type_index` (`target_id`,`target_type`),
  KEY `action_logs_created_at_index` (`created_at`),
  KEY `action_logs_item_type_item_id_action_type_index` (`item_type`,`item_id`,`action_type`),
  KEY `action_logs_target_type_target_id_action_type_index` (`target_type`,`target_id`,`action_type`)
) ENGINE=InnoDB AUTO_INCREMENT=812 DEFAULT CHARSET=utf8mb4 COLLATE=utf8mb4_unicode_ci;
/*!40101 SET character_set_client = @saved_cs_client */;

--
-- Dumping data for table `action_logs`
--

LOCK TABLES `action_logs` WRITE;
/*!40000 ALTER TABLE `action_logs` DISABLE KEYS */;
INSERT INTO `action_logs` VALUES (1,2,'checkout',20,'App\\Models\\User',NULL,NULL,NULL,'App\\Models\\Asset',48,NULL,NULL,'2018-10-22 12:38:50','2019-06-11 01:53:04',NULL,NULL,NULL,NULL,NULL),(2,1,'checkout',7,'App\\Models\\User',NULL,NULL,NULL,'App\\Models\\Asset',57,NULL,NULL,'2018-07-16 05:15:39','2019-06-11 01:53:04',NULL,NULL,NULL,NULL,NULL),(3,2,'checkout',39,'App\\Models\\User',NULL,NULL,NULL,'App\\Models\\Asset',1182,NULL,NULL,'2019-06-09 10:15:13','2019-06-11 01:53:04',NULL,NULL,NULL,NULL,NULL),(4,1,'checkout',10,'App\\Models\\User',NULL,NULL,NULL,'App\\Models\\Asset',78,NULL,NULL,'2019-05-13 21:19:51','2019-06-11 01:53:04',NULL,NULL,NULL,NULL,NULL),(5,1,'checkout',16,'App\\Models\\User',NULL,NULL,NULL,'App\\Models\\Asset',964,NULL,NULL,'2018-11-06 03:24:01','2019-06-11 01:53:04',NULL,NULL,NULL,NULL,NULL),(6,1,'checkout',33,'App\\Models\\User',NULL,NULL,NULL,'App\\Models\\Asset',1117,NULL,NULL,'2018-07-23 07:58:49','2019-06-11 01:53:04',NULL,NULL,NULL,NULL,NULL),(7,1,'checkout',20,'App\\Models\\User',NULL,NULL,NULL,'App\\Models\\Asset',1129,NULL,NULL,'2019-02-24 05:16:43','2019-06-11 01:53:04',NULL,NULL,NULL,NULL,NULL),(8,1,'checkout',15,'App\\Models\\User',NULL,NULL,NULL,'App\\Models\\Asset',700,NULL,NULL,'2018-10-05 17:11:54','2019-06-11 01:53:04',NULL,NULL,NULL,NULL,NULL),(9,2,'checkout',38,'App\\Models\\User',NULL,NULL,NULL,'App\\Models\\Asset',204,NULL,NULL,'2018-12-06 02:43:54','2019-06-11 01:53:04',NULL,NULL,NULL,NULL,NULL),(10,1,'checkout',4,'App\\Models\\User',NULL,NULL,NULL,'App\\Models\\Asset',1198,NULL,NULL,'2018-08-17 15:10:12','2019-06-11 01:53:04',NULL,NULL,NULL,NULL,NULL),(11,1,'checkout',36,'App\\Models\\User',NULL,NULL,NULL,'App\\Models\\Asset',655,NULL,NULL,'2018-09-02 09:54:20','2019-06-11 01:53:04',NULL,NULL,NULL,NULL,NULL),(12,2,'checkout',53,'App\\Models\\User',NULL,NULL,NULL,'App\\Models\\Asset',1359,NULL,NULL,'2018-10-06 08:26:50','2019-06-11 01:53:04',NULL,NULL,NULL,NULL,NULL),(13,2,'checkout',2,'App\\Models\\User',NULL,NULL,NULL,'App\\Models\\Asset',454,NULL,NULL,'2018-09-28 14:54:26','2019-06-11 01:53:04',NULL,NULL,NULL,NULL,NULL),(14,1,'checkout',33,'App\\Models\\User',NULL,NULL,NULL,'App\\Models\\Asset',984,NULL,NULL,'2018-06-15 12:54:38','2019-06-11 01:53:04',NULL,NULL,NULL,NULL,NULL),(15,1,'checkout',20,'App\\Models\\User',NULL,NULL,NULL,'App\\Models\\Asset',792,NULL,NULL,'2018-12-13 21:11:23','2019-06-11 01:53:04',NULL,NULL,NULL,NULL,NULL),(16,1,'checkout',7,'App\\Models\\User',NULL,NULL,NULL,'App\\Models\\Asset',584,NULL,NULL,'2018-08-23 21:33:49','2019-06-11 01:53:04',NULL,NULL,NULL,NULL,NULL),(17,1,'checkout',6,'App\\Models\\User',NULL,NULL,NULL,'App\\Models\\Asset',172,NULL,NULL,'2018-07-16 13:43:18','2019-06-11 01:53:04',NULL,NULL,NULL,NULL,NULL),(18,2,'checkout',1,'App\\Models\\User',NULL,NULL,NULL,'App\\Models\\Asset',1323,NULL,NULL,'2019-02-15 05:52:44','2019-06-11 01:53:04',NULL,NULL,NULL,NULL,NULL),(19,1,'checkout',2,'App\\Models\\User',NULL,NULL,NULL,'App\\Models\\Asset',647,NULL,NULL,'2018-10-14 23:05:32','2019-06-11 01:53:04',NULL,NULL,NULL,NULL,NULL),(20,1,'checkout',31,'App\\Models\\User',NULL,NULL,NULL,'App\\Models\\Asset',266,NULL,NULL,'2019-05-17 09:55:15','2019-06-11 01:53:04',NULL,NULL,NULL,NULL,NULL),(21,2,'checkout',3,'App\\Models\\User',NULL,NULL,NULL,'App\\Models\\Asset',1368,NULL,NULL,'2018-10-29 15:56:52','2019-06-11 01:53:04',NULL,NULL,NULL,NULL,NULL),(22,1,'checkout',44,'App\\Models\\User',NULL,NULL,NULL,'App\\Models\\Asset',372,NULL,NULL,'2018-08-03 08:28:03','2019-06-11 01:53:04',NULL,NULL,NULL,NULL,NULL),(23,1,'checkout',13,'App\\Models\\User',NULL,NULL,NULL,'App\\Models\\Asset',509,NULL,NULL,'2018-08-09 07:06:12','2019-06-11 01:53:04',NULL,NULL,NULL,NULL,NULL),(24,1,'checkout',38,'App\\Models\\User',NULL,NULL,NULL,'App\\Models\\Asset',1130,NULL,NULL,'2018-10-24 01:58:21','2019-06-11 01:53:04',NULL,NULL,NULL,NULL,NULL),(25,1,'checkout',37,'App\\Models\\User',NULL,NULL,NULL,'App\\Models\\Asset',1248,NULL,NULL,'2019-02-08 05:09:24','2019-06-11 01:53:04',NULL,NULL,NULL,NULL,NULL),(26,2,'checkout',2,'App\\Models\\User',NULL,NULL,NULL,'App\\Models\\Asset',1235,NULL,NULL,'2019-01-13 18:59:36','2019-06-11 01:53:04',NULL,NULL,NULL,NULL,NULL),(27,1,'checkout',13,'App\\Models\\User',NULL,NULL,NULL,'App\\Models\\Asset',929,NULL,NULL,'2018-12-22 22:12:02','2019-06-11 01:53:04',NULL,NULL,NULL,NULL,NULL),(28,2,'checkout',47,'App\\Models\\User',NULL,NULL,NULL,'App\\Models\\Asset',234,NULL,NULL,'2019-05-24 08:15:54','2019-06-11 01:53:04',NULL,NULL,NULL,NULL,NULL),(29,2,'checkout',31,'App\\Models\\User',NULL,NULL,NULL,'App\\Models\\Asset',571,NULL,NULL,'2018-07-01 07:51:31','2019-06-11 01:53:04',NULL,NULL,NULL,NULL,NULL),(30,2,'checkout',8,'App\\Models\\User',NULL,NULL,NULL,'App\\Models\\Asset',524,NULL,NULL,'2018-10-18 02:16:42','2019-06-11 01:53:04',NULL,NULL,NULL,NULL,NULL),(31,1,'checkout',2,'App\\Models\\User',NULL,NULL,NULL,'App\\Models\\Asset',611,NULL,NULL,'2019-01-21 05:59:05','2019-06-11 01:53:04',NULL,NULL,NULL,NULL,NULL),(32,2,'checkout',51,'App\\Models\\User',NULL,NULL,NULL,'App\\Models\\Asset',830,NULL,NULL,'2019-02-17 00:55:37','2019-06-11 01:53:04',NULL,NULL,NULL,NULL,NULL),(33,1,'checkout',3,'App\\Models\\User',NULL,NULL,NULL,'App\\Models\\Asset',761,NULL,NULL,'2018-06-15 19:00:10','2019-06-11 01:53:04',NULL,NULL,NULL,NULL,NULL),(34,2,'checkout',30,'App\\Models\\User',NULL,NULL,NULL,'App\\Models\\Asset',799,NULL,NULL,'2018-10-29 13:13:58','2019-06-11 01:53:04',NULL,NULL,NULL,NULL,NULL),(35,2,'checkout',24,'App\\Models\\User',NULL,NULL,NULL,'App\\Models\\Asset',1259,NULL,NULL,'2019-04-27 22:05:14','2019-06-11 01:53:04',NULL,NULL,NULL,NULL,NULL),(36,1,'checkout',16,'App\\Models\\User',NULL,NULL,NULL,'App\\Models\\Asset',504,NULL,NULL,'2019-02-25 14:36:40','2019-06-11 01:53:04',NULL,NULL,NULL,NULL,NULL),(37,1,'checkout',4,'App\\Models\\User',NULL,NULL,NULL,'App\\Models\\Asset',885,NULL,NULL,'2019-03-19 17:24:27','2019-06-11 01:53:05',NULL,NULL,NULL,NULL,NULL),(38,1,'checkout',27,'App\\Models\\User',NULL,NULL,NULL,'App\\Models\\Asset',1199,NULL,NULL,'2018-07-16 21:31:42','2019-06-11 01:53:05',NULL,NULL,NULL,NULL,NULL),(39,2,'checkout',5,'App\\Models\\User',NULL,NULL,NULL,'App\\Models\\Asset',1177,NULL,NULL,'2018-09-26 23:16:27','2019-06-11 01:53:05',NULL,NULL,NULL,NULL,NULL),(40,2,'checkout',26,'App\\Models\\User',NULL,NULL,NULL,'App\\Models\\Asset',642,NULL,NULL,'2018-09-16 08:52:44','2019-06-11 01:53:05',NULL,NULL,NULL,NULL,NULL),(41,2,'checkout',29,'App\\Models\\User',NULL,NULL,NULL,'App\\Models\\Asset',692,NULL,NULL,'2019-06-03 01:58:25','2019-06-11 01:53:05',NULL,NULL,NULL,NULL,NULL),(42,2,'checkout',14,'App\\Models\\User',NULL,NULL,NULL,'App\\Models\\Asset',1268,NULL,NULL,'2018-07-06 06:59:16','2019-06-11 01:53:05',NULL,NULL,NULL,NULL,NULL),(43,2,'checkout',36,'App\\Models\\User',NULL,NULL,NULL,'App\\Models\\Asset',1292,NULL,NULL,'2018-12-30 03:42:41','2019-06-11 01:53:05',NULL,NULL,NULL,NULL,NULL),(44,2,'checkout',10,'App\\Models\\User',NULL,NULL,NULL,'App\\Models\\Asset',970,NULL,NULL,'2018-11-08 19:10:22','2019-06-11 01:53:05',NULL,NULL,NULL,NULL,NULL),(45,1,'checkout',19,'App\\Models\\User',NULL,NULL,NULL,'App\\Models\\Asset',142,NULL,NULL,'2019-05-29 21:12:44','2019-06-11 01:53:05',NULL,NULL,NULL,NULL,NULL),(46,1,'checkout',16,'App\\Models\\User',NULL,NULL,NULL,'App\\Models\\Asset',507,NULL,NULL,'2018-11-14 01:22:29','2019-06-11 01:53:05',NULL,NULL,NULL,NULL,NULL),(47,1,'checkout',22,'App\\Models\\User',NULL,NULL,NULL,'App\\Models\\Asset',79,NULL,NULL,'2018-10-19 17:51:59','2019-06-11 01:53:05',NULL,NULL,NULL,NULL,NULL),(48,1,'checkout',48,'App\\Models\\User',NULL,NULL,NULL,'App\\Models\\Asset',200,NULL,NULL,'2018-12-17 05:46:14','2019-06-11 01:53:05',NULL,NULL,NULL,NULL,NULL),(49,2,'checkout',2,'App\\Models\\User',NULL,NULL,NULL,'App\\Models\\Asset',354,NULL,NULL,'2018-06-13 11:16:55','2019-06-11 01:53:05',NULL,NULL,NULL,NULL,NULL),(50,1,'checkout',53,'App\\Models\\User',NULL,NULL,NULL,'App\\Models\\Asset',470,NULL,NULL,'2019-06-09 06:37:17','2019-06-11 01:53:05',NULL,NULL,NULL,NULL,NULL),(51,2,'checkout',5,'App\\Models\\User',NULL,NULL,NULL,'App\\Models\\Asset',146,NULL,NULL,'2018-12-30 04:56:16','2019-06-11 01:53:05',NULL,NULL,NULL,NULL,NULL),(52,2,'checkout',47,'App\\Models\\User',NULL,NULL,NULL,'App\\Models\\Asset',1155,NULL,NULL,'2018-11-13 08:26:22','2019-06-11 01:53:05',NULL,NULL,NULL,NULL,NULL),(53,1,'checkout',34,'App\\Models\\User',NULL,NULL,NULL,'App\\Models\\Asset',220,NULL,NULL,'2018-10-29 01:57:11','2019-06-11 01:53:05',NULL,NULL,NULL,NULL,NULL),(54,2,'checkout',27,'App\\Models\\User',NULL,NULL,NULL,'App\\Models\\Asset',907,NULL,NULL,'2019-01-15 21:29:36','2019-06-11 01:53:05',NULL,NULL,NULL,NULL,NULL),(55,1,'checkout',29,'App\\Models\\User',NULL,NULL,NULL,'App\\Models\\Asset',213,NULL,NULL,'2019-01-30 05:21:42','2019-06-11 01:53:05',NULL,NULL,NULL,NULL,NULL),(56,2,'checkout',4,'App\\Models\\User',NULL,NULL,NULL,'App\\Models\\Asset',92,NULL,NULL,'2019-03-19 04:28:38','2019-06-11 01:53:05',NULL,NULL,NULL,NULL,NULL),(57,2,'checkout',4,'App\\Models\\User',NULL,NULL,NULL,'App\\Models\\Asset',1112,NULL,NULL,'2019-02-02 16:40:54','2019-06-11 01:53:05',NULL,NULL,NULL,NULL,NULL),(58,1,'checkout',42,'App\\Models\\User',NULL,NULL,NULL,'App\\Models\\Asset',480,NULL,NULL,'2019-03-22 09:25:23','2019-06-11 01:53:05',NULL,NULL,NULL,NULL,NULL),(59,1,'checkout',17,'App\\Models\\User',NULL,NULL,NULL,'App\\Models\\Asset',248,NULL,NULL,'2018-06-26 07:49:41','2019-06-11 01:53:05',NULL,NULL,NULL,NULL,NULL),(60,1,'checkout',47,'App\\Models\\User',NULL,NULL,NULL,'App\\Models\\Asset',152,NULL,NULL,'2018-08-31 11:25:43','2019-06-11 01:53:05',NULL,NULL,NULL,NULL,NULL),(61,1,'checkout',13,'App\\Models\\User',NULL,NULL,NULL,'App\\Models\\Asset',1282,NULL,NULL,'2019-05-22 07:58:32','2019-06-11 01:53:05',NULL,NULL,NULL,NULL,NULL),(62,2,'checkout',30,'App\\Models\\User',NULL,NULL,NULL,'App\\Models\\Asset',242,NULL,NULL,'2018-11-18 03:19:18','2019-06-11 01:53:05',NULL,NULL,NULL,NULL,NULL),(63,2,'checkout',58,'App\\Models\\User',NULL,NULL,NULL,'App\\Models\\Asset',1279,NULL,NULL,'2019-01-08 10:21:23','2019-06-11 01:53:05',NULL,NULL,NULL,NULL,NULL),(64,2,'checkout',36,'App\\Models\\User',NULL,NULL,NULL,'App\\Models\\Asset',966,NULL,NULL,'2018-07-06 05:46:25','2019-06-11 01:53:05',NULL,NULL,NULL,NULL,NULL),(65,1,'checkout',50,'App\\Models\\User',NULL,NULL,NULL,'App\\Models\\Asset',88,NULL,NULL,'2018-11-23 00:50:05','2019-06-11 01:53:05',NULL,NULL,NULL,NULL,NULL),(66,2,'checkout',28,'App\\Models\\User',NULL,NULL,NULL,'App\\Models\\Asset',210,NULL,NULL,'2019-03-28 16:56:05','2019-06-11 01:53:05',NULL,NULL,NULL,NULL,NULL),(67,2,'checkout',27,'App\\Models\\User',NULL,NULL,NULL,'App\\Models\\Asset',1225,NULL,NULL,'2018-08-21 18:19:52','2019-06-11 01:53:05',NULL,NULL,NULL,NULL,NULL),(68,1,'checkout',56,'App\\Models\\User',NULL,NULL,NULL,'App\\Models\\Asset',663,NULL,NULL,'2018-12-04 06:11:04','2019-06-11 01:53:05',NULL,NULL,NULL,NULL,NULL),(69,1,'checkout',16,'App\\Models\\User',NULL,NULL,NULL,'App\\Models\\Asset',245,NULL,NULL,'2019-02-11 20:40:40','2019-06-11 01:53:05',NULL,NULL,NULL,NULL,NULL),(70,2,'checkout',45,'App\\Models\\User',NULL,NULL,NULL,'App\\Models\\Asset',510,NULL,NULL,'2018-06-27 18:26:13','2019-06-11 01:53:05',NULL,NULL,NULL,NULL,NULL),(71,1,'checkout',5,'App\\Models\\User',NULL,NULL,NULL,'App\\Models\\Asset',808,NULL,NULL,'2019-04-14 23:49:15','2019-06-11 01:53:05',NULL,NULL,NULL,NULL,NULL),(72,2,'checkout',31,'App\\Models\\User',NULL,NULL,NULL,'App\\Models\\Asset',486,NULL,NULL,'2018-09-12 22:23:00','2019-06-11 01:53:05',NULL,NULL,NULL,NULL,NULL),(73,2,'checkout',5,'App\\Models\\User',NULL,NULL,NULL,'App\\Models\\Asset',307,NULL,NULL,'2019-03-01 17:00:52','2019-06-11 01:53:05',NULL,NULL,NULL,NULL,NULL),(74,1,'checkout',23,'App\\Models\\User',NULL,NULL,NULL,'App\\Models\\Asset',518,NULL,NULL,'2019-05-23 21:42:01','2019-06-11 01:53:05',NULL,NULL,NULL,NULL,NULL),(75,2,'checkout',38,'App\\Models\\User',NULL,NULL,NULL,'App\\Models\\Asset',1314,NULL,NULL,'2018-12-19 03:51:09','2019-06-11 01:53:05',NULL,NULL,NULL,NULL,NULL),(76,2,'checkout',31,'App\\Models\\User',NULL,NULL,NULL,'App\\Models\\Asset',1200,NULL,NULL,'2018-08-31 22:32:38','2019-06-11 01:53:05',NULL,NULL,NULL,NULL,NULL),(77,1,'checkout',5,'App\\Models\\User',NULL,NULL,NULL,'App\\Models\\Asset',704,NULL,NULL,'2019-01-09 20:29:27','2019-06-11 01:53:05',NULL,NULL,NULL,NULL,NULL),(78,2,'checkout',45,'App\\Models\\User',NULL,NULL,NULL,'App\\Models\\Asset',222,NULL,NULL,'2018-11-02 05:47:49','2019-06-11 01:53:05',NULL,NULL,NULL,NULL,NULL),(79,1,'checkout',15,'App\\Models\\User',NULL,NULL,NULL,'App\\Models\\Asset',71,NULL,NULL,'2018-09-18 20:16:00','2019-06-11 01:53:05',NULL,NULL,NULL,NULL,NULL),(80,2,'checkout',25,'App\\Models\\User',NULL,NULL,NULL,'App\\Models\\Asset',276,NULL,NULL,'2018-12-21 07:53:12','2019-06-11 01:53:05',NULL,NULL,NULL,NULL,NULL),(81,2,'checkout',47,'App\\Models\\User',NULL,NULL,NULL,'App\\Models\\Asset',391,NULL,NULL,'2019-02-07 01:35:39','2019-06-11 01:53:05',NULL,NULL,NULL,NULL,NULL),(82,1,'checkout',22,'App\\Models\\User',NULL,NULL,NULL,'App\\Models\\Asset',934,NULL,NULL,'2019-05-01 17:35:51','2019-06-11 01:53:05',NULL,NULL,NULL,NULL,NULL),(83,2,'checkout',5,'App\\Models\\User',NULL,NULL,NULL,'App\\Models\\Asset',1254,NULL,NULL,'2018-09-19 07:30:09','2019-06-11 01:53:05',NULL,NULL,NULL,NULL,NULL),(84,1,'checkout',18,'App\\Models\\User',NULL,NULL,NULL,'App\\Models\\Asset',188,NULL,NULL,'2018-09-03 12:52:36','2019-06-11 01:53:05',NULL,NULL,NULL,NULL,NULL),(85,2,'checkout',43,'App\\Models\\User',NULL,NULL,NULL,'App\\Models\\Asset',445,NULL,NULL,'2019-05-01 13:01:24','2019-06-11 01:53:05',NULL,NULL,NULL,NULL,NULL),(86,2,'checkout',40,'App\\Models\\User',NULL,NULL,NULL,'App\\Models\\Asset',977,NULL,NULL,'2018-08-26 13:11:07','2019-06-11 01:53:05',NULL,NULL,NULL,NULL,NULL),(87,2,'checkout',55,'App\\Models\\User',NULL,NULL,NULL,'App\\Models\\Asset',1216,NULL,NULL,'2019-01-15 12:14:27','2019-06-11 01:53:05',NULL,NULL,NULL,NULL,NULL),(88,2,'checkout',43,'App\\Models\\User',NULL,NULL,NULL,'App\\Models\\Asset',697,NULL,NULL,'2018-12-18 06:40:29','2019-06-11 01:53:05',NULL,NULL,NULL,NULL,NULL),(89,1,'checkout',41,'App\\Models\\User',NULL,NULL,NULL,'App\\Models\\Asset',766,NULL,NULL,'2019-03-14 07:44:34','2019-06-11 01:53:05',NULL,NULL,NULL,NULL,NULL),(90,1,'checkout',16,'App\\Models\\User',NULL,NULL,NULL,'App\\Models\\Asset',1165,NULL,NULL,'2018-10-17 16:10:59','2019-06-11 01:53:05',NULL,NULL,NULL,NULL,NULL),(91,1,'checkout',46,'App\\Models\\User',NULL,NULL,NULL,'App\\Models\\Asset',975,NULL,NULL,'2019-03-11 02:29:05','2019-06-11 01:53:05',NULL,NULL,NULL,NULL,NULL),(92,2,'checkout',45,'App\\Models\\User',NULL,NULL,NULL,'App\\Models\\Asset',368,NULL,NULL,'2018-11-18 19:03:02','2019-06-11 01:53:05',NULL,NULL,NULL,NULL,NULL),(93,2,'checkout',52,'App\\Models\\User',NULL,NULL,NULL,'App\\Models\\Asset',911,NULL,NULL,'2018-09-06 05:49:27','2019-06-11 01:53:05',NULL,NULL,NULL,NULL,NULL),(94,2,'checkout',47,'App\\Models\\User',NULL,NULL,NULL,'App\\Models\\Asset',177,NULL,NULL,'2019-04-12 16:03:06','2019-06-11 01:53:05',NULL,NULL,NULL,NULL,NULL),(95,1,'checkout',31,'App\\Models\\User',NULL,NULL,NULL,'App\\Models\\Asset',231,NULL,NULL,'2019-03-16 01:49:10','2019-06-11 01:53:05',NULL,NULL,NULL,NULL,NULL),(96,1,'checkout',48,'App\\Models\\User',NULL,NULL,NULL,'App\\Models\\Asset',568,NULL,NULL,'2018-11-09 09:19:23','2019-06-11 01:53:05',NULL,NULL,NULL,NULL,NULL),(97,2,'checkout',26,'App\\Models\\User',NULL,NULL,NULL,'App\\Models\\Asset',1295,NULL,NULL,'2018-09-13 20:25:36','2019-06-11 01:53:05',NULL,NULL,NULL,NULL,NULL),(98,1,'checkout',24,'App\\Models\\User',NULL,NULL,NULL,'App\\Models\\Asset',1150,NULL,NULL,'2018-09-06 19:49:43','2019-06-11 01:53:05',NULL,NULL,NULL,NULL,NULL),(99,2,'checkout',28,'App\\Models\\User',NULL,NULL,NULL,'App\\Models\\Asset',166,NULL,NULL,'2019-01-01 19:21:00','2019-06-11 01:53:05',NULL,NULL,NULL,NULL,NULL),(100,2,'checkout',42,'App\\Models\\User',NULL,NULL,NULL,'App\\Models\\Asset',731,NULL,NULL,'2019-05-27 11:40:35','2019-06-11 01:53:05',NULL,NULL,NULL,NULL,NULL),(101,2,'checkout',50,'App\\Models\\User',NULL,NULL,NULL,'App\\Models\\Asset',238,NULL,NULL,'2019-01-23 20:23:16','2019-06-11 01:53:05',NULL,NULL,NULL,NULL,NULL),(102,2,'checkout',13,'App\\Models\\User',NULL,NULL,NULL,'App\\Models\\Asset',350,NULL,NULL,'2018-07-26 01:08:58','2019-06-11 01:53:05',NULL,NULL,NULL,NULL,NULL),(103,2,'checkout',6,'App\\Models\\User',NULL,NULL,NULL,'App\\Models\\Asset',305,NULL,NULL,'2019-04-08 16:56:26','2019-06-11 01:53:05',NULL,NULL,NULL,NULL,NULL),(104,2,'checkout',28,'App\\Models\\User',NULL,NULL,NULL,'App\\Models\\Asset',1233,NULL,NULL,'2018-10-02 04:49:06','2019-06-11 01:53:05',NULL,NULL,NULL,NULL,NULL),(105,2,'checkout',45,'App\\Models\\User',NULL,NULL,NULL,'App\\Models\\Asset',775,NULL,NULL,'2018-09-29 21:55:27','2019-06-11 01:53:05',NULL,NULL,NULL,NULL,NULL),(106,1,'checkout',32,'App\\Models\\User',NULL,NULL,NULL,'App\\Models\\Asset',501,NULL,NULL,'2018-09-24 16:12:24','2019-06-11 01:53:05',NULL,NULL,NULL,NULL,NULL),(107,2,'checkout',21,'App\\Models\\User',NULL,NULL,NULL,'App\\Models\\Asset',246,NULL,NULL,'2019-02-23 07:39:26','2019-06-11 01:53:05',NULL,NULL,NULL,NULL,NULL),(108,2,'checkout',3,'App\\Models\\User',NULL,NULL,NULL,'App\\Models\\Asset',122,NULL,NULL,'2019-02-05 16:17:09','2019-06-11 01:53:05',NULL,NULL,NULL,NULL,NULL),(109,2,'checkout',43,'App\\Models\\User',NULL,NULL,NULL,'App\\Models\\Asset',1319,NULL,NULL,'2019-05-11 11:49:56','2019-06-11 01:53:05',NULL,NULL,NULL,NULL,NULL),(110,2,'checkout',45,'App\\Models\\User',NULL,NULL,NULL,'App\\Models\\Asset',572,NULL,NULL,'2019-04-19 18:12:59','2019-06-11 01:53:05',NULL,NULL,NULL,NULL,NULL),(111,2,'checkout',39,'App\\Models\\User',NULL,NULL,NULL,'App\\Models\\Asset',318,NULL,NULL,'2018-12-09 03:44:42','2019-06-11 01:53:05',NULL,NULL,NULL,NULL,NULL),(112,1,'checkout',50,'App\\Models\\User',NULL,NULL,NULL,'App\\Models\\Asset',1317,NULL,NULL,'2018-11-23 10:23:53','2019-06-11 01:53:05',NULL,NULL,NULL,NULL,NULL),(113,1,'checkout',56,'App\\Models\\User',NULL,NULL,NULL,'App\\Models\\Asset',1132,NULL,NULL,'2018-08-25 19:41:30','2019-06-11 01:53:05',NULL,NULL,NULL,NULL,NULL),(114,2,'checkout',17,'App\\Models\\User',NULL,NULL,NULL,'App\\Models\\Asset',163,NULL,NULL,'2018-08-03 20:19:01','2019-06-11 01:53:05',NULL,NULL,NULL,NULL,NULL),(115,2,'checkout',21,'App\\Models\\User',NULL,NULL,NULL,'App\\Models\\Asset',426,NULL,NULL,'2018-07-24 03:47:22','2019-06-11 01:53:05',NULL,NULL,NULL,NULL,NULL),(116,2,'checkout',27,'App\\Models\\User',NULL,NULL,NULL,'App\\Models\\Asset',376,NULL,NULL,'2018-08-14 12:18:26','2019-06-11 01:53:05',NULL,NULL,NULL,NULL,NULL),(117,1,'checkout',16,'App\\Models\\User',NULL,NULL,NULL,'App\\Models\\Asset',891,NULL,NULL,'2019-03-02 00:39:43','2019-06-11 01:53:05',NULL,NULL,NULL,NULL,NULL),(118,1,'checkout',40,'App\\Models\\User',NULL,NULL,NULL,'App\\Models\\Asset',361,NULL,NULL,'2018-07-04 08:07:41','2019-06-11 01:53:05',NULL,NULL,NULL,NULL,NULL),(119,2,'checkout',50,'App\\Models\\User',NULL,NULL,NULL,'App\\Models\\Asset',635,NULL,NULL,'2019-06-06 16:34:59','2019-06-11 01:53:05',NULL,NULL,NULL,NULL,NULL),(120,2,'checkout',4,'App\\Models\\User',NULL,NULL,NULL,'App\\Models\\Asset',1226,NULL,NULL,'2018-12-06 18:48:23','2019-06-11 01:53:05',NULL,NULL,NULL,NULL,NULL),(121,2,'checkout',6,'App\\Models\\User',NULL,NULL,NULL,'App\\Models\\Asset',597,NULL,NULL,'2019-05-29 14:09:58','2019-06-11 01:53:05',NULL,NULL,NULL,NULL,NULL),(122,2,'checkout',26,'App\\Models\\User',NULL,NULL,NULL,'App\\Models\\Asset',433,NULL,NULL,'2018-06-23 10:27:59','2019-06-11 01:53:05',NULL,NULL,NULL,NULL,NULL),(123,1,'checkout',25,'App\\Models\\User',NULL,NULL,NULL,'App\\Models\\Asset',370,NULL,NULL,'2019-03-06 06:45:57','2019-06-11 01:53:05',NULL,NULL,NULL,NULL,NULL),(124,1,'checkout',10,'App\\Models\\User',NULL,NULL,NULL,'App\\Models\\Asset',60,NULL,NULL,'2018-08-19 23:31:21','2019-06-11 01:53:05',NULL,NULL,NULL,NULL,NULL),(125,2,'checkout',36,'App\\Models\\User',NULL,NULL,NULL,'App\\Models\\Asset',521,NULL,NULL,'2018-09-01 23:16:29','2019-06-11 01:53:05',NULL,NULL,NULL,NULL,NULL),(126,1,'checkout',24,'App\\Models\\User',NULL,NULL,NULL,'App\\Models\\Asset',817,NULL,NULL,'2019-02-05 14:08:01','2019-06-11 01:53:05',NULL,NULL,NULL,NULL,NULL),(127,1,'checkout',21,'App\\Models\\User',NULL,NULL,NULL,'App\\Models\\Asset',836,NULL,NULL,'2019-05-06 03:00:32','2019-06-11 01:53:05',NULL,NULL,NULL,NULL,NULL),(128,1,'checkout',20,'App\\Models\\User',NULL,NULL,NULL,'App\\Models\\Asset',1308,NULL,NULL,'2019-03-05 04:47:51','2019-06-11 01:53:05',NULL,NULL,NULL,NULL,NULL),(129,2,'checkout',54,'App\\Models\\User',NULL,NULL,NULL,'App\\Models\\Asset',920,NULL,NULL,'2019-02-03 23:27:46','2019-06-11 01:53:05',NULL,NULL,NULL,NULL,NULL),(130,2,'checkout',8,'App\\Models\\User',NULL,NULL,NULL,'App\\Models\\Asset',144,NULL,NULL,'2018-12-20 22:33:58','2019-06-11 01:53:05',NULL,NULL,NULL,NULL,NULL),(131,2,'checkout',53,'App\\Models\\User',NULL,NULL,NULL,'App\\Models\\Asset',812,NULL,NULL,'2018-09-09 14:13:35','2019-06-11 01:53:05',NULL,NULL,NULL,NULL,NULL),(132,1,'checkout',25,'App\\Models\\User',NULL,NULL,NULL,'App\\Models\\Asset',164,NULL,NULL,'2019-04-28 06:45:08','2019-06-11 01:53:05',NULL,NULL,NULL,NULL,NULL),(133,2,'checkout',19,'App\\Models\\User',NULL,NULL,NULL,'App\\Models\\Asset',1190,NULL,NULL,'2018-10-23 22:24:49','2019-06-11 01:53:05',NULL,NULL,NULL,NULL,NULL),(134,1,'checkout',33,'App\\Models\\User',NULL,NULL,NULL,'App\\Models\\Asset',1206,NULL,NULL,'2018-07-12 16:50:33','2019-06-11 01:53:05',NULL,NULL,NULL,NULL,NULL),(135,1,'checkout',47,'App\\Models\\User',NULL,NULL,NULL,'App\\Models\\Asset',565,NULL,NULL,'2018-09-13 18:20:46','2019-06-11 01:53:05',NULL,NULL,NULL,NULL,NULL),(136,2,'checkout',13,'App\\Models\\User',NULL,NULL,NULL,'App\\Models\\Asset',646,NULL,NULL,'2018-08-08 04:57:08','2019-06-11 01:53:05',NULL,NULL,NULL,NULL,NULL),(137,2,'checkout',43,'App\\Models\\User',NULL,NULL,NULL,'App\\Models\\Asset',120,NULL,NULL,'2019-05-06 16:32:24','2019-06-11 01:53:05',NULL,NULL,NULL,NULL,NULL),(138,2,'checkout',50,'App\\Models\\User',NULL,NULL,NULL,'App\\Models\\Asset',271,NULL,NULL,'2019-05-12 13:53:40','2019-06-11 01:53:05',NULL,NULL,NULL,NULL,NULL),(139,1,'checkout',50,'App\\Models\\User',NULL,NULL,NULL,'App\\Models\\Asset',414,NULL,NULL,'2018-07-14 20:57:21','2019-06-11 01:53:05',NULL,NULL,NULL,NULL,NULL),(140,1,'checkout',2,'App\\Models\\User',NULL,NULL,NULL,'App\\Models\\Asset',939,NULL,NULL,'2018-09-05 16:25:42','2019-06-11 01:53:05',NULL,NULL,NULL,NULL,NULL),(141,1,'checkout',16,'App\\Models\\User',NULL,NULL,NULL,'App\\Models\\Asset',815,NULL,NULL,'2018-09-13 18:54:00','2019-06-11 01:53:05',NULL,NULL,NULL,NULL,NULL),(142,1,'checkout',52,'App\\Models\\User',NULL,NULL,NULL,'App\\Models\\Asset',343,NULL,NULL,'2018-09-11 18:58:18','2019-06-11 01:53:05',NULL,NULL,NULL,NULL,NULL),(143,2,'checkout',4,'App\\Models\\User',NULL,NULL,NULL,'App\\Models\\Asset',696,NULL,NULL,'2018-12-21 14:33:32','2019-06-11 01:53:05',NULL,NULL,NULL,NULL,NULL),(144,1,'checkout',21,'App\\Models\\User',NULL,NULL,NULL,'App\\Models\\Asset',810,NULL,NULL,'2019-02-27 18:09:22','2019-06-11 01:53:05',NULL,NULL,NULL,NULL,NULL),(145,2,'checkout',24,'App\\Models\\User',NULL,NULL,NULL,'App\\Models\\Asset',182,NULL,NULL,'2018-08-09 06:33:28','2019-06-11 01:53:05',NULL,NULL,NULL,NULL,NULL),(146,1,'checkout',42,'App\\Models\\User',NULL,NULL,NULL,'App\\Models\\Asset',784,NULL,NULL,'2019-02-20 19:42:48','2019-06-11 01:53:05',NULL,NULL,NULL,NULL,NULL),(147,1,'checkout',57,'App\\Models\\User',NULL,NULL,NULL,'App\\Models\\Asset',1232,NULL,NULL,'2019-01-19 16:41:58','2019-06-11 01:53:05',NULL,NULL,NULL,NULL,NULL),(148,1,'checkout',58,'App\\Models\\User',NULL,NULL,NULL,'App\\Models\\Asset',288,NULL,NULL,'2018-08-04 21:19:13','2019-06-11 01:53:05',NULL,NULL,NULL,NULL,NULL),(149,2,'checkout',21,'App\\Models\\User',NULL,NULL,NULL,'App\\Models\\Asset',739,NULL,NULL,'2019-05-24 14:17:00','2019-06-11 01:53:05',NULL,NULL,NULL,NULL,NULL),(150,1,'checkout',15,'App\\Models\\User',NULL,NULL,NULL,'App\\Models\\Asset',422,NULL,NULL,'2018-12-13 16:11:19','2019-06-11 01:53:05',NULL,NULL,NULL,NULL,NULL),(151,1,'checkout',55,'App\\Models\\User',NULL,NULL,NULL,'App\\Models\\Asset',408,NULL,NULL,'2019-02-24 10:41:10','2019-06-11 01:53:05',NULL,NULL,NULL,NULL,NULL),(152,1,'checkout',24,'App\\Models\\User',NULL,NULL,NULL,'App\\Models\\Asset',328,NULL,NULL,'2018-09-04 06:19:29','2019-06-11 01:53:05',NULL,NULL,NULL,NULL,NULL),(153,2,'checkout',5,'App\\Models\\User',NULL,NULL,NULL,'App\\Models\\Asset',250,NULL,NULL,'2018-08-01 16:06:47','2019-06-11 01:53:05',NULL,NULL,NULL,NULL,NULL),(154,1,'checkout',50,'App\\Models\\User',NULL,NULL,NULL,'App\\Models\\Asset',552,NULL,NULL,'2018-08-16 15:50:48','2019-06-11 01:53:05',NULL,NULL,NULL,NULL,NULL),(155,2,'checkout',3,'App\\Models\\User',NULL,NULL,NULL,'App\\Models\\Asset',895,NULL,NULL,'2019-05-05 20:14:47','2019-06-11 01:53:05',NULL,NULL,NULL,NULL,NULL),(156,1,'checkout',19,'App\\Models\\User',NULL,NULL,NULL,'App\\Models\\Asset',297,NULL,NULL,'2019-02-11 12:36:16','2019-06-11 01:53:05',NULL,NULL,NULL,NULL,NULL),(157,2,'checkout',21,'App\\Models\\User',NULL,NULL,NULL,'App\\Models\\Asset',783,NULL,NULL,'2019-05-02 17:52:04','2019-06-11 01:53:05',NULL,NULL,NULL,NULL,NULL),(158,1,'checkout',58,'App\\Models\\User',NULL,NULL,NULL,'App\\Models\\Asset',569,NULL,NULL,'2019-04-01 03:51:21','2019-06-11 01:53:05',NULL,NULL,NULL,NULL,NULL),(159,1,'checkout',10,'App\\Models\\User',NULL,NULL,NULL,'App\\Models\\Asset',668,NULL,NULL,'2019-01-06 09:14:05','2019-06-11 01:53:05',NULL,NULL,NULL,NULL,NULL),(160,1,'checkout',14,'App\\Models\\User',NULL,NULL,NULL,'App\\Models\\Asset',1153,NULL,NULL,'2019-04-09 09:28:14','2019-06-11 01:53:05',NULL,NULL,NULL,NULL,NULL),(161,1,'checkout',48,'App\\Models\\User',NULL,NULL,NULL,'App\\Models\\Asset',9,NULL,NULL,'2018-09-19 21:04:54','2019-06-11 01:53:05',NULL,NULL,NULL,NULL,NULL),(162,1,'checkout',24,'App\\Models\\User',NULL,NULL,NULL,'App\\Models\\Asset',1321,NULL,NULL,'2019-04-09 02:01:36','2019-06-11 01:53:05',NULL,NULL,NULL,NULL,NULL),(163,2,'checkout',41,'App\\Models\\User',NULL,NULL,NULL,'App\\Models\\Asset',249,NULL,NULL,'2019-05-24 03:50:19','2019-06-11 01:53:05',NULL,NULL,NULL,NULL,NULL),(164,2,'checkout',4,'App\\Models\\User',NULL,NULL,NULL,'App\\Models\\Asset',1297,NULL,NULL,'2019-03-14 08:23:45','2019-06-11 01:53:05',NULL,NULL,NULL,NULL,NULL),(165,2,'checkout',39,'App\\Models\\User',NULL,NULL,NULL,'App\\Models\\Asset',495,NULL,NULL,'2018-08-23 10:36:54','2019-06-11 01:53:05',NULL,NULL,NULL,NULL,NULL),(166,2,'checkout',18,'App\\Models\\User',NULL,NULL,NULL,'App\\Models\\Asset',345,NULL,NULL,'2019-03-28 00:53:50','2019-06-11 01:53:05',NULL,NULL,NULL,NULL,NULL),(167,1,'checkout',24,'App\\Models\\User',NULL,NULL,NULL,'App\\Models\\Asset',432,NULL,NULL,'2018-11-06 08:26:05','2019-06-11 01:53:05',NULL,NULL,NULL,NULL,NULL),(168,1,'checkout',7,'App\\Models\\User',NULL,NULL,NULL,'App\\Models\\Asset',824,NULL,NULL,'2018-09-03 23:17:34','2019-06-11 01:53:05',NULL,NULL,NULL,NULL,NULL),(169,1,'checkout',19,'App\\Models\\User',NULL,NULL,NULL,'App\\Models\\Asset',1241,NULL,NULL,'2018-11-24 00:43:30','2019-06-11 01:53:05',NULL,NULL,NULL,NULL,NULL),(170,2,'checkout',5,'App\\Models\\User',NULL,NULL,NULL,'App\\Models\\Asset',884,NULL,NULL,'2018-07-04 14:13:25','2019-06-11 01:53:05',NULL,NULL,NULL,NULL,NULL),(171,2,'checkout',3,'App\\Models\\User',NULL,NULL,NULL,'App\\Models\\Asset',477,NULL,NULL,'2018-11-23 05:57:33','2019-06-11 01:53:05',NULL,NULL,NULL,NULL,NULL),(172,2,'checkout',46,'App\\Models\\User',NULL,NULL,NULL,'App\\Models\\Asset',488,NULL,NULL,'2019-04-18 06:24:17','2019-06-11 01:53:05',NULL,NULL,NULL,NULL,NULL),(173,2,'checkout',12,'App\\Models\\User',NULL,NULL,NULL,'App\\Models\\Asset',864,NULL,NULL,'2018-12-08 14:52:39','2019-06-11 01:53:05',NULL,NULL,NULL,NULL,NULL),(174,1,'checkout',27,'App\\Models\\User',NULL,NULL,NULL,'App\\Models\\Asset',304,NULL,NULL,'2018-07-22 12:12:36','2019-06-11 01:53:05',NULL,NULL,NULL,NULL,NULL),(175,1,'checkout',56,'App\\Models\\User',NULL,NULL,NULL,'App\\Models\\Asset',1331,NULL,NULL,'2018-10-19 10:16:01','2019-06-11 01:53:05',NULL,NULL,NULL,NULL,NULL),(176,2,'checkout',16,'App\\Models\\User',NULL,NULL,NULL,'App\\Models\\Asset',721,NULL,NULL,'2019-01-20 04:17:41','2019-06-11 01:53:05',NULL,NULL,NULL,NULL,NULL),(177,1,'checkout',56,'App\\Models\\User',NULL,NULL,NULL,'App\\Models\\Asset',30,NULL,NULL,'2018-08-28 17:47:49','2019-06-11 01:53:05',NULL,NULL,NULL,NULL,NULL),(178,1,'checkout',18,'App\\Models\\User',NULL,NULL,NULL,'App\\Models\\Asset',797,NULL,NULL,'2018-12-08 08:43:33','2019-06-11 01:53:05',NULL,NULL,NULL,NULL,NULL),(179,2,'checkout',13,'App\\Models\\User',NULL,NULL,NULL,'App\\Models\\Asset',103,NULL,NULL,'2019-05-02 18:24:03','2019-06-11 01:53:05',NULL,NULL,NULL,NULL,NULL),(180,2,'checkout',58,'App\\Models\\User',NULL,NULL,NULL,'App\\Models\\Asset',752,NULL,NULL,'2018-07-13 11:04:31','2019-06-11 01:53:05',NULL,NULL,NULL,NULL,NULL),(181,1,'checkout',15,'App\\Models\\User',NULL,NULL,NULL,'App\\Models\\Asset',194,NULL,NULL,'2019-01-04 04:21:59','2019-06-11 01:53:05',NULL,NULL,NULL,NULL,NULL),(182,1,'checkout',41,'App\\Models\\User',NULL,NULL,NULL,'App\\Models\\Asset',1122,NULL,NULL,'2018-12-11 23:55:04','2019-06-11 01:53:05',NULL,NULL,NULL,NULL,NULL),(183,1,'checkout',45,'App\\Models\\User',NULL,NULL,NULL,'App\\Models\\Asset',1291,NULL,NULL,'2018-07-15 01:41:19','2019-06-11 01:53:05',NULL,NULL,NULL,NULL,NULL),(184,1,'checkout',23,'App\\Models\\User',NULL,NULL,NULL,'App\\Models\\Asset',1212,NULL,NULL,'2019-03-27 02:13:32','2019-06-11 01:53:05',NULL,NULL,NULL,NULL,NULL),(185,1,'checkout',14,'App\\Models\\User',NULL,NULL,NULL,'App\\Models\\Asset',111,NULL,NULL,'2019-03-17 11:35:28','2019-06-11 01:53:05',NULL,NULL,NULL,NULL,NULL),(186,2,'checkout',13,'App\\Models\\User',NULL,NULL,NULL,'App\\Models\\Asset',181,NULL,NULL,'2018-09-24 07:33:08','2019-06-11 01:53:05',NULL,NULL,NULL,NULL,NULL),(187,2,'checkout',2,'App\\Models\\User',NULL,NULL,NULL,'App\\Models\\Asset',31,NULL,NULL,'2019-04-04 00:57:33','2019-06-11 01:53:05',NULL,NULL,NULL,NULL,NULL),(188,1,'checkout',34,'App\\Models\\User',NULL,NULL,NULL,'App\\Models\\Asset',1284,NULL,NULL,'2019-02-18 08:09:02','2019-06-11 01:53:05',NULL,NULL,NULL,NULL,NULL),(189,2,'checkout',46,'App\\Models\\User',NULL,NULL,NULL,'App\\Models\\Asset',322,NULL,NULL,'2018-07-08 14:35:23','2019-06-11 01:53:05',NULL,NULL,NULL,NULL,NULL),(190,2,'checkout',48,'App\\Models\\User',NULL,NULL,NULL,'App\\Models\\Asset',159,NULL,NULL,'2019-03-06 06:30:29','2019-06-11 01:53:05',NULL,NULL,NULL,NULL,NULL),(191,1,'checkout',51,'App\\Models\\User',NULL,NULL,NULL,'App\\Models\\Asset',921,NULL,NULL,'2019-05-31 11:42:59','2019-06-11 01:53:05',NULL,NULL,NULL,NULL,NULL),(192,2,'checkout',10,'App\\Models\\User',NULL,NULL,NULL,'App\\Models\\Asset',409,NULL,NULL,'2019-03-25 15:24:07','2019-06-11 01:53:05',NULL,NULL,NULL,NULL,NULL),(193,1,'checkout',7,'App\\Models\\User',NULL,NULL,NULL,'App\\Models\\Asset',598,NULL,NULL,'2019-04-16 20:59:33','2019-06-11 01:53:05',NULL,NULL,NULL,NULL,NULL),(194,1,'checkout',53,'App\\Models\\User',NULL,NULL,NULL,'App\\Models\\Asset',385,NULL,NULL,'2018-08-20 12:48:39','2019-06-11 01:53:05',NULL,NULL,NULL,NULL,NULL),(195,2,'checkout',44,'App\\Models\\User',NULL,NULL,NULL,'App\\Models\\Asset',981,NULL,NULL,'2018-10-16 23:41:10','2019-06-11 01:53:05',NULL,NULL,NULL,NULL,NULL),(196,1,'checkout',55,'App\\Models\\User',NULL,NULL,NULL,'App\\Models\\Asset',168,NULL,NULL,'2019-03-30 12:20:03','2019-06-11 01:53:05',NULL,NULL,NULL,NULL,NULL),(197,2,'checkout',6,'App\\Models\\User',NULL,NULL,NULL,'App\\Models\\Asset',233,NULL,NULL,'2018-07-24 11:54:49','2019-06-11 01:53:05',NULL,NULL,NULL,NULL,NULL),(198,2,'checkout',9,'App\\Models\\User',NULL,NULL,NULL,'App\\Models\\Asset',398,NULL,NULL,'2019-01-09 14:31:52','2019-06-11 01:53:05',NULL,NULL,NULL,NULL,NULL),(199,1,'checkout',32,'App\\Models\\User',NULL,NULL,NULL,'App\\Models\\Asset',751,NULL,NULL,'2019-05-15 06:20:53','2019-06-11 01:53:05',NULL,NULL,NULL,NULL,NULL),(200,1,'checkout',33,'App\\Models\\User',NULL,NULL,NULL,'App\\Models\\Asset',1318,NULL,NULL,'2018-06-20 06:40:26','2019-06-11 01:53:05',NULL,NULL,NULL,NULL,NULL),(201,2,'checkout',54,'App\\Models\\User',NULL,NULL,NULL,'App\\Models\\Asset',215,NULL,NULL,'2019-01-22 02:19:47','2019-06-11 01:53:05',NULL,NULL,NULL,NULL,NULL),(202,2,'checkout',39,'App\\Models\\User',NULL,NULL,NULL,'App\\Models\\Asset',816,NULL,NULL,'2019-04-07 22:34:31','2019-06-11 01:53:05',NULL,NULL,NULL,NULL,NULL),(203,2,'checkout',35,'App\\Models\\User',NULL,NULL,NULL,'App\\Models\\Asset',367,NULL,NULL,'2019-02-16 15:25:45','2019-06-11 01:53:05',NULL,NULL,NULL,NULL,NULL),(204,2,'checkout',15,'App\\Models\\User',NULL,NULL,NULL,'App\\Models\\Asset',1139,NULL,NULL,'2019-04-15 01:05:28','2019-06-11 01:53:05',NULL,NULL,NULL,NULL,NULL),(205,1,'checkout',47,'App\\Models\\User',NULL,NULL,NULL,'App\\Models\\Asset',487,NULL,NULL,'2018-09-03 03:16:13','2019-06-11 01:53:05',NULL,NULL,NULL,NULL,NULL),(206,2,'checkout',54,'App\\Models\\User',NULL,NULL,NULL,'App\\Models\\Asset',1204,NULL,NULL,'2018-07-10 17:20:16','2019-06-11 01:53:05',NULL,NULL,NULL,NULL,NULL),(207,1,'checkout',32,'App\\Models\\User',NULL,NULL,NULL,'App\\Models\\Asset',21,NULL,NULL,'2018-06-25 12:50:23','2019-06-11 01:53:05',NULL,NULL,NULL,NULL,NULL),(208,2,'checkout',21,'App\\Models\\User',NULL,NULL,NULL,'App\\Models\\Asset',449,NULL,NULL,'2018-09-05 20:24:04','2019-06-11 01:53:05',NULL,NULL,NULL,NULL,NULL),(209,1,'checkout',49,'App\\Models\\User',NULL,NULL,NULL,'App\\Models\\Asset',76,NULL,NULL,'2018-06-20 22:40:39','2019-06-11 01:53:05',NULL,NULL,NULL,NULL,NULL),(210,1,'checkout',23,'App\\Models\\User',NULL,NULL,NULL,'App\\Models\\Asset',1158,NULL,NULL,'2018-12-20 01:39:59','2019-06-11 01:53:05',NULL,NULL,NULL,NULL,NULL),(211,1,'checkout',52,'App\\Models\\User',NULL,NULL,NULL,'App\\Models\\Asset',854,NULL,NULL,'2018-08-24 01:28:24','2019-06-11 01:53:05',NULL,NULL,NULL,NULL,NULL),(212,2,'checkout',23,'App\\Models\\User',NULL,NULL,NULL,'App\\Models\\Asset',326,NULL,NULL,'2019-02-10 20:15:41','2019-06-11 01:53:05',NULL,NULL,NULL,NULL,NULL),(213,1,'checkout',28,'App\\Models\\User',NULL,NULL,NULL,'App\\Models\\Asset',114,NULL,NULL,'2019-02-12 17:50:19','2019-06-11 01:53:05',NULL,NULL,NULL,NULL,NULL),(214,2,'checkout',56,'App\\Models\\User',NULL,NULL,NULL,'App\\Models\\Asset',1285,NULL,NULL,'2019-01-20 22:06:12','2019-06-11 01:53:05',NULL,NULL,NULL,NULL,NULL),(215,2,'checkout',7,'App\\Models\\User',NULL,NULL,NULL,'App\\Models\\Asset',96,NULL,NULL,'2018-11-07 16:07:39','2019-06-11 01:53:05',NULL,NULL,NULL,NULL,NULL),(216,2,'checkout',9,'App\\Models\\User',NULL,NULL,NULL,'App\\Models\\Asset',1123,NULL,NULL,'2019-02-03 17:22:25','2019-06-11 01:53:05',NULL,NULL,NULL,NULL,NULL),(217,1,'checkout',42,'App\\Models\\User',NULL,NULL,NULL,'App\\Models\\Asset',81,NULL,NULL,'2019-01-28 06:33:44','2019-06-11 01:53:05',NULL,NULL,NULL,NULL,NULL),(218,1,'checkout',10,'App\\Models\\User',NULL,NULL,NULL,'App\\Models\\Asset',95,NULL,NULL,'2019-04-14 02:22:41','2019-06-11 01:53:05',NULL,NULL,NULL,NULL,NULL),(219,2,'checkout',31,'App\\Models\\User',NULL,NULL,NULL,'App\\Models\\Asset',859,NULL,NULL,'2019-05-03 21:57:41','2019-06-11 01:53:05',NULL,NULL,NULL,NULL,NULL),(220,2,'checkout',39,'App\\Models\\User',NULL,NULL,NULL,'App\\Models\\Asset',36,NULL,NULL,'2018-07-24 03:32:59','2019-06-11 01:53:05',NULL,NULL,NULL,NULL,NULL),(221,1,'checkout',31,'App\\Models\\User',NULL,NULL,NULL,'App\\Models\\Asset',333,NULL,NULL,'2018-07-31 05:32:27','2019-06-11 01:53:05',NULL,NULL,NULL,NULL,NULL),(222,1,'checkout',19,'App\\Models\\User',NULL,NULL,NULL,'App\\Models\\Asset',1172,NULL,NULL,'2019-06-09 02:13:54','2019-06-11 01:53:05',NULL,NULL,NULL,NULL,NULL),(223,2,'checkout',36,'App\\Models\\User',NULL,NULL,NULL,'App\\Models\\Asset',757,NULL,NULL,'2018-11-15 12:36:47','2019-06-11 01:53:05',NULL,NULL,NULL,NULL,NULL),(224,2,'checkout',10,'App\\Models\\User',NULL,NULL,NULL,'App\\Models\\Asset',400,NULL,NULL,'2019-02-08 13:26:13','2019-06-11 01:53:05',NULL,NULL,NULL,NULL,NULL),(225,1,'checkout',33,'App\\Models\\User',NULL,NULL,NULL,'App\\Models\\Asset',254,NULL,NULL,'2019-02-03 20:08:00','2019-06-11 01:53:05',NULL,NULL,NULL,NULL,NULL),(226,1,'checkout',58,'App\\Models\\User',NULL,NULL,NULL,'App\\Models\\Asset',1320,NULL,NULL,'2018-10-13 05:14:22','2019-06-11 01:53:05',NULL,NULL,NULL,NULL,NULL),(227,2,'checkout',15,'App\\Models\\User',NULL,NULL,NULL,'App\\Models\\Asset',925,NULL,NULL,'2018-10-08 17:54:58','2019-06-11 01:53:05',NULL,NULL,NULL,NULL,NULL),(228,1,'checkout',15,'App\\Models\\User',NULL,NULL,NULL,'App\\Models\\Asset',1191,NULL,NULL,'2019-06-01 05:24:39','2019-06-11 01:53:05',NULL,NULL,NULL,NULL,NULL),(229,1,'checkout',41,'App\\Models\\User',NULL,NULL,NULL,'App\\Models\\Asset',679,NULL,NULL,'2018-11-14 02:34:11','2019-06-11 01:53:05',NULL,NULL,NULL,NULL,NULL),(230,1,'checkout',54,'App\\Models\\User',NULL,NULL,NULL,'App\\Models\\Asset',876,NULL,NULL,'2019-01-19 09:11:51','2019-06-11 01:53:05',NULL,NULL,NULL,NULL,NULL),(231,1,'checkout',30,'App\\Models\\User',NULL,NULL,NULL,'App\\Models\\Asset',709,NULL,NULL,'2018-10-28 09:32:27','2019-06-11 01:53:05',NULL,NULL,NULL,NULL,NULL),(232,2,'checkout',55,'App\\Models\\User',NULL,NULL,NULL,'App\\Models\\Asset',506,NULL,NULL,'2018-07-11 03:02:34','2019-06-11 01:53:05',NULL,NULL,NULL,NULL,NULL),(233,1,'checkout',46,'App\\Models\\User',NULL,NULL,NULL,'App\\Models\\Asset',933,NULL,NULL,'2019-01-13 14:49:58','2019-06-11 01:53:05',NULL,NULL,NULL,NULL,NULL),(234,1,'checkout',58,'App\\Models\\User',NULL,NULL,NULL,'App\\Models\\Asset',779,NULL,NULL,'2018-11-26 05:22:00','2019-06-11 01:53:05',NULL,NULL,NULL,NULL,NULL),(235,1,'checkout',24,'App\\Models\\User',NULL,NULL,NULL,'App\\Models\\Asset',1166,NULL,NULL,'2018-12-23 04:56:34','2019-06-11 01:53:05',NULL,NULL,NULL,NULL,NULL),(236,1,'checkout',51,'App\\Models\\User',NULL,NULL,NULL,'App\\Models\\Asset',440,NULL,NULL,'2019-04-23 07:36:12','2019-06-11 01:53:05',NULL,NULL,NULL,NULL,NULL),(237,2,'checkout',26,'App\\Models\\User',NULL,NULL,NULL,'App\\Models\\Asset',863,NULL,NULL,'2019-03-09 22:13:52','2019-06-11 01:53:05',NULL,NULL,NULL,NULL,NULL),(238,2,'checkout',33,'App\\Models\\User',NULL,NULL,NULL,'App\\Models\\Asset',125,NULL,NULL,'2018-11-16 20:09:37','2019-06-11 01:53:05',NULL,NULL,NULL,NULL,NULL),(239,2,'checkout',5,'App\\Models\\User',NULL,NULL,NULL,'App\\Models\\Asset',969,NULL,NULL,'2019-01-09 09:55:10','2019-06-11 01:53:05',NULL,NULL,NULL,NULL,NULL),(240,2,'checkout',42,'App\\Models\\User',NULL,NULL,NULL,'App\\Models\\Asset',559,NULL,NULL,'2018-12-30 12:47:22','2019-06-11 01:53:05',NULL,NULL,NULL,NULL,NULL),(241,2,'checkout',35,'App\\Models\\User',NULL,NULL,NULL,'App\\Models\\Asset',1293,NULL,NULL,'2018-08-31 23:58:26','2019-06-11 01:53:05',NULL,NULL,NULL,NULL,NULL),(242,1,'checkout',25,'App\\Models\\User',NULL,NULL,NULL,'App\\Models\\Asset',315,NULL,NULL,'2018-10-22 16:06:30','2019-06-11 01:53:05',NULL,NULL,NULL,NULL,NULL),(243,2,'checkout',39,'App\\Models\\User',NULL,NULL,NULL,'App\\Models\\Asset',627,NULL,NULL,'2018-08-19 17:36:36','2019-06-11 01:53:05',NULL,NULL,NULL,NULL,NULL),(244,1,'checkout',28,'App\\Models\\User',NULL,NULL,NULL,'App\\Models\\Asset',330,NULL,NULL,'2018-11-07 22:27:04','2019-06-11 01:53:05',NULL,NULL,NULL,NULL,NULL),(245,2,'checkout',36,'App\\Models\\User',NULL,NULL,NULL,'App\\Models\\Asset',1143,NULL,NULL,'2019-04-26 12:09:21','2019-06-11 01:53:05',NULL,NULL,NULL,NULL,NULL),(246,1,'checkout',7,'App\\Models\\User',NULL,NULL,NULL,'App\\Models\\Asset',342,NULL,NULL,'2018-10-02 05:51:26','2019-06-11 01:53:05',NULL,NULL,NULL,NULL,NULL),(247,2,'checkout',44,'App\\Models\\User',NULL,NULL,NULL,'App\\Models\\Asset',983,NULL,NULL,'2019-05-09 14:18:01','2019-06-11 01:53:05',NULL,NULL,NULL,NULL,NULL),(248,1,'checkout',14,'App\\Models\\User',NULL,NULL,NULL,'App\\Models\\Asset',91,NULL,NULL,'2019-04-24 23:30:07','2019-06-11 01:53:05',NULL,NULL,NULL,NULL,NULL),(249,2,'checkout',11,'App\\Models\\User',NULL,NULL,NULL,'App\\Models\\Asset',311,NULL,NULL,'2018-12-04 20:48:43','2019-06-11 01:53:05',NULL,NULL,NULL,NULL,NULL),(250,2,'checkout',9,'App\\Models\\User',NULL,NULL,NULL,'App\\Models\\Asset',1340,NULL,NULL,'2018-11-29 21:43:12','2019-06-11 01:53:05',NULL,NULL,NULL,NULL,NULL),(251,1,'checkout',36,'App\\Models\\User',NULL,NULL,NULL,'App\\Models\\Asset',640,NULL,NULL,'2019-04-01 02:00:49','2019-06-11 01:53:05',NULL,NULL,NULL,NULL,NULL),(252,1,'checkout',28,'App\\Models\\User',NULL,NULL,NULL,'App\\Models\\Asset',901,NULL,NULL,'2018-08-07 23:45:11','2019-06-11 01:53:05',NULL,NULL,NULL,NULL,NULL),(253,2,'checkout',26,'App\\Models\\User',NULL,NULL,NULL,'App\\Models\\Asset',1193,NULL,NULL,'2018-11-18 00:19:02','2019-06-11 01:53:05',NULL,NULL,NULL,NULL,NULL),(254,2,'checkout',4,'App\\Models\\User',NULL,NULL,NULL,'App\\Models\\Asset',1170,NULL,NULL,'2019-04-28 03:44:06','2019-06-11 01:53:05',NULL,NULL,NULL,NULL,NULL),(255,2,'checkout',2,'App\\Models\\User',NULL,NULL,NULL,'App\\Models\\Asset',452,NULL,NULL,'2018-08-13 06:47:46','2019-06-11 01:53:05',NULL,NULL,NULL,NULL,NULL),(256,1,'checkout',44,'App\\Models\\User',NULL,NULL,NULL,'App\\Models\\Asset',189,NULL,NULL,'2019-01-27 15:26:08','2019-06-11 01:53:05',NULL,NULL,NULL,NULL,NULL),(257,1,'checkout',49,'App\\Models\\User',NULL,NULL,NULL,'App\\Models\\Asset',1196,NULL,NULL,'2018-06-16 07:57:42','2019-06-11 01:53:05',NULL,NULL,NULL,NULL,NULL),(258,2,'checkout',15,'App\\Models\\User',NULL,NULL,NULL,'App\\Models\\Asset',34,NULL,NULL,'2019-04-06 04:52:26','2019-06-11 01:53:05',NULL,NULL,NULL,NULL,NULL),(259,2,'checkout',11,'App\\Models\\User',NULL,NULL,NULL,'App\\Models\\Asset',1111,NULL,NULL,'2019-01-14 23:49:48','2019-06-11 01:53:05',NULL,NULL,NULL,NULL,NULL),(260,1,'checkout',47,'App\\Models\\User',NULL,NULL,NULL,'App\\Models\\Asset',1255,NULL,NULL,'2019-06-06 14:38:59','2019-06-11 01:53:05',NULL,NULL,NULL,NULL,NULL),(261,2,'checkout',42,'App\\Models\\User',NULL,NULL,NULL,'App\\Models\\Asset',612,NULL,NULL,'2019-02-25 09:59:18','2019-06-11 01:53:05',NULL,NULL,NULL,NULL,NULL),(262,2,'checkout',56,'App\\Models\\User',NULL,NULL,NULL,'App\\Models\\Asset',638,NULL,NULL,'2018-10-21 08:17:06','2019-06-11 01:53:05',NULL,NULL,NULL,NULL,NULL),(263,1,'checkout',54,'App\\Models\\User',NULL,NULL,NULL,'App\\Models\\Asset',353,NULL,NULL,'2018-11-18 15:24:21','2019-06-11 01:53:05',NULL,NULL,NULL,NULL,NULL),(264,1,'checkout',11,'App\\Models\\User',NULL,NULL,NULL,'App\\Models\\Asset',916,NULL,NULL,'2019-01-29 20:17:31','2019-06-11 01:53:05',NULL,NULL,NULL,NULL,NULL),(265,2,'checkout',3,'App\\Models\\User',NULL,NULL,NULL,'App\\Models\\Asset',1205,NULL,NULL,'2018-10-02 09:15:42','2019-06-11 01:53:05',NULL,NULL,NULL,NULL,NULL),(266,1,'checkout',28,'App\\Models\\User',NULL,NULL,NULL,'App\\Models\\Asset',942,NULL,NULL,'2019-01-01 20:59:00','2019-06-11 01:53:05',NULL,NULL,NULL,NULL,NULL),(267,1,'checkout',15,'App\\Models\\User',NULL,NULL,NULL,'App\\Models\\Asset',689,NULL,NULL,'2019-03-05 04:37:52','2019-06-11 01:53:05',NULL,NULL,NULL,NULL,NULL),(268,2,'checkout',29,'App\\Models\\User',NULL,NULL,NULL,'App\\Models\\Asset',395,NULL,NULL,'2018-11-30 10:36:43','2019-06-11 01:53:05',NULL,NULL,NULL,NULL,NULL),(269,1,'checkout',56,'App\\Models\\User',NULL,NULL,NULL,'App\\Models\\Asset',813,NULL,NULL,'2018-10-21 13:59:01','2019-06-11 01:53:05',NULL,NULL,NULL,NULL,NULL),(270,1,'checkout',3,'App\\Models\\User',NULL,NULL,NULL,'App\\Models\\Asset',1201,NULL,NULL,'2018-06-19 13:41:32','2019-06-11 01:53:05',NULL,NULL,NULL,NULL,NULL),(271,2,'checkout',30,'App\\Models\\User',NULL,NULL,NULL,'App\\Models\\Asset',653,NULL,NULL,'2018-08-05 16:36:16','2019-06-11 01:53:05',NULL,NULL,NULL,NULL,NULL),(272,1,'checkout',53,'App\\Models\\User',NULL,NULL,NULL,'App\\Models\\Asset',1276,NULL,NULL,'2019-06-01 23:13:34','2019-06-11 01:53:05',NULL,NULL,NULL,NULL,NULL),(273,2,'checkout',24,'App\\Models\\User',NULL,NULL,NULL,'App\\Models\\Asset',198,NULL,NULL,'2019-02-26 01:42:09','2019-06-11 01:53:05',NULL,NULL,NULL,NULL,NULL),(274,1,'checkout',9,'App\\Models\\User',NULL,NULL,NULL,'App\\Models\\Asset',769,NULL,NULL,'2019-03-09 22:06:01','2019-06-11 01:53:05',NULL,NULL,NULL,NULL,NULL),(275,1,'checkout',56,'App\\Models\\User',NULL,NULL,NULL,'App\\Models\\Asset',424,NULL,NULL,'2018-09-07 19:48:01','2019-06-11 01:53:05',NULL,NULL,NULL,NULL,NULL),(276,2,'checkout',24,'App\\Models\\User',NULL,NULL,NULL,'App\\Models\\Asset',690,NULL,NULL,'2019-04-15 21:25:42','2019-06-11 01:53:05',NULL,NULL,NULL,NULL,NULL),(277,2,'checkout',38,'App\\Models\\User',NULL,NULL,NULL,'App\\Models\\Asset',839,NULL,NULL,'2019-04-22 16:35:52','2019-06-11 01:53:05',NULL,NULL,NULL,NULL,NULL),(278,1,'checkout',26,'App\\Models\\User',NULL,NULL,NULL,'App\\Models\\Asset',97,NULL,NULL,'2018-08-06 09:51:47','2019-06-11 01:53:05',NULL,NULL,NULL,NULL,NULL),(279,2,'checkout',34,'App\\Models\\User',NULL,NULL,NULL,'App\\Models\\Asset',63,NULL,NULL,'2018-09-30 22:16:02','2019-06-11 01:53:05',NULL,NULL,NULL,NULL,NULL),(280,1,'checkout',47,'App\\Models\\User',NULL,NULL,NULL,'App\\Models\\Asset',712,NULL,NULL,'2019-05-28 18:22:18','2019-06-11 01:53:05',NULL,NULL,NULL,NULL,NULL),(281,1,'checkout',41,'App\\Models\\User',NULL,NULL,NULL,'App\\Models\\Asset',788,NULL,NULL,'2018-07-20 05:30:16','2019-06-11 01:53:05',NULL,NULL,NULL,NULL,NULL),(282,1,'checkout',38,'App\\Models\\User',NULL,NULL,NULL,'App\\Models\\Asset',641,NULL,NULL,'2019-01-29 17:27:36','2019-06-11 01:53:05',NULL,NULL,NULL,NULL,NULL),(283,2,'checkout',43,'App\\Models\\User',NULL,NULL,NULL,'App\\Models\\Asset',542,NULL,NULL,'2018-08-05 01:49:22','2019-06-11 01:53:05',NULL,NULL,NULL,NULL,NULL),(284,1,'checkout',35,'App\\Models\\User',NULL,NULL,NULL,'App\\Models\\Asset',531,NULL,NULL,'2018-10-28 07:24:53','2019-06-11 01:53:05',NULL,NULL,NULL,NULL,NULL),(285,1,'checkout',9,'App\\Models\\User',NULL,NULL,NULL,'App\\Models\\Asset',1283,NULL,NULL,'2018-10-09 07:33:36','2019-06-11 01:53:05',NULL,NULL,NULL,NULL,NULL),(286,1,'checkout',17,'App\\Models\\User',NULL,NULL,NULL,'App\\Models\\Asset',811,NULL,NULL,'2019-02-12 23:15:02','2019-06-11 01:53:05',NULL,NULL,NULL,NULL,NULL),(287,2,'checkout',10,'App\\Models\\User',NULL,NULL,NULL,'App\\Models\\Asset',364,NULL,NULL,'2019-02-02 07:21:26','2019-06-11 01:53:05',NULL,NULL,NULL,NULL,NULL),(288,1,'checkout',47,'App\\Models\\User',NULL,NULL,NULL,'App\\Models\\Asset',625,NULL,NULL,'2018-12-16 07:17:58','2019-06-11 01:53:05',NULL,NULL,NULL,NULL,NULL),(289,2,'checkout',36,'App\\Models\\User',NULL,NULL,NULL,'App\\Models\\Asset',802,NULL,NULL,'2018-09-07 01:50:17','2019-06-11 01:53:05',NULL,NULL,NULL,NULL,NULL),(290,1,'checkout',5,'App\\Models\\User',NULL,NULL,NULL,'App\\Models\\Asset',834,NULL,NULL,'2019-05-31 09:37:39','2019-06-11 01:53:05',NULL,NULL,NULL,NULL,NULL),(291,2,'checkout',5,'App\\Models\\User',NULL,NULL,NULL,'App\\Models\\Asset',207,NULL,NULL,'2018-12-08 04:17:04','2019-06-11 01:53:05',NULL,NULL,NULL,NULL,NULL),(292,2,'checkout',13,'App\\Models\\User',NULL,NULL,NULL,'App\\Models\\Asset',73,NULL,NULL,'2019-05-04 14:53:24','2019-06-11 01:53:05',NULL,NULL,NULL,NULL,NULL),(293,1,'checkout',25,'App\\Models\\User',NULL,NULL,NULL,'App\\Models\\Asset',497,NULL,NULL,'2018-08-17 02:51:53','2019-06-11 01:53:05',NULL,NULL,NULL,NULL,NULL),(294,2,'checkout',41,'App\\Models\\User',NULL,NULL,NULL,'App\\Models\\Asset',1156,NULL,NULL,'2018-12-30 05:04:54','2019-06-11 01:53:05',NULL,NULL,NULL,NULL,NULL),(295,2,'checkout',34,'App\\Models\\User',NULL,NULL,NULL,'App\\Models\\Asset',325,NULL,NULL,'2019-05-04 02:41:24','2019-06-11 01:53:05',NULL,NULL,NULL,NULL,NULL),(296,1,'checkout',30,'App\\Models\\User',NULL,NULL,NULL,'App\\Models\\Asset',239,NULL,NULL,'2018-08-18 02:57:21','2019-06-11 01:53:05',NULL,NULL,NULL,NULL,NULL),(297,1,'checkout',25,'App\\Models\\User',NULL,NULL,NULL,'App\\Models\\Asset',577,NULL,NULL,'2018-11-01 14:43:16','2019-06-11 01:53:05',NULL,NULL,NULL,NULL,NULL),(298,1,'checkout',47,'App\\Models\\User',NULL,NULL,NULL,'App\\Models\\Asset',147,NULL,NULL,'2018-12-08 03:36:16','2019-06-11 01:53:05',NULL,NULL,NULL,NULL,NULL),(299,2,'checkout',2,'App\\Models\\User',NULL,NULL,NULL,'App\\Models\\Asset',908,NULL,NULL,'2018-07-29 23:41:43','2019-06-11 01:53:05',NULL,NULL,NULL,NULL,NULL),(300,1,'checkout',19,'App\\Models\\User',NULL,NULL,NULL,'App\\Models\\Asset',1306,NULL,NULL,'2019-03-29 19:36:37','2019-06-11 01:53:05',NULL,NULL,NULL,NULL,NULL),(301,2,'checkout',2,'App\\Models\\Location',NULL,NULL,NULL,'App\\Models\\Asset',338,NULL,NULL,'2019-04-16 06:49:24','2019-06-11 01:53:06',NULL,NULL,NULL,NULL,NULL),(302,1,'checkout',3,'App\\Models\\Location',NULL,NULL,NULL,'App\\Models\\Asset',740,NULL,NULL,'2018-09-23 22:21:42','2019-06-11 01:53:06',NULL,NULL,NULL,NULL,NULL),(303,2,'checkout',4,'App\\Models\\Location',NULL,NULL,NULL,'App\\Models\\Asset',134,NULL,NULL,'2018-08-28 12:59:53','2019-06-11 01:53:06',NULL,NULL,NULL,NULL,NULL),(304,1,'checkout',5,'App\\Models\\Location',NULL,NULL,NULL,'App\\Models\\Asset',711,NULL,NULL,'2018-12-17 07:49:53','2019-06-11 01:53:06',NULL,NULL,NULL,NULL,NULL),(305,2,'checkout',8,'App\\Models\\Location',NULL,NULL,NULL,'App\\Models\\Asset',670,NULL,NULL,'2019-04-30 11:27:10','2019-06-11 01:53:06',NULL,NULL,NULL,NULL,NULL),(306,1,'checkout',4,'App\\Models\\Location',NULL,NULL,NULL,'App\\Models\\Asset',835,NULL,NULL,'2018-10-14 12:11:48','2019-06-11 01:53:06',NULL,NULL,NULL,NULL,NULL),(307,2,'checkout',10,'App\\Models\\Location',NULL,NULL,NULL,'App\\Models\\Asset',997,NULL,NULL,'2018-08-27 11:13:20','2019-06-11 01:53:06',NULL,NULL,NULL,NULL,NULL),(308,1,'checkout',8,'App\\Models\\Location',NULL,NULL,NULL,'App\\Models\\Asset',80,NULL,NULL,'2018-07-31 00:37:51','2019-06-11 01:53:06',NULL,NULL,NULL,NULL,NULL),(309,2,'checkout',3,'App\\Models\\Location',NULL,NULL,NULL,'App\\Models\\Asset',535,NULL,NULL,'2018-12-03 06:32:27','2019-06-11 01:53:06',NULL,NULL,NULL,NULL,NULL),(310,2,'checkout',5,'App\\Models\\Location',NULL,NULL,NULL,'App\\Models\\Asset',656,NULL,NULL,'2019-05-31 01:24:15','2019-06-11 01:53:06',NULL,NULL,NULL,NULL,NULL),(311,2,'checkout',7,'App\\Models\\Location',NULL,NULL,NULL,'App\\Models\\Asset',1352,NULL,NULL,'2019-04-10 10:01:47','2019-06-11 01:53:06',NULL,NULL,NULL,NULL,NULL),(312,2,'checkout',5,'App\\Models\\Location',NULL,NULL,NULL,'App\\Models\\Asset',550,NULL,NULL,'2019-01-10 02:18:15','2019-06-11 01:53:06',NULL,NULL,NULL,NULL,NULL),(313,2,'checkout',2,'App\\Models\\Location',NULL,NULL,NULL,'App\\Models\\Asset',221,NULL,NULL,'2019-05-28 14:24:49','2019-06-11 01:53:06',NULL,NULL,NULL,NULL,NULL),(314,1,'checkout',4,'App\\Models\\Location',NULL,NULL,NULL,'App\\Models\\Asset',938,NULL,NULL,'2018-08-31 15:59:37','2019-06-11 01:53:06',NULL,NULL,NULL,NULL,NULL),(315,2,'checkout',9,'App\\Models\\Location',NULL,NULL,NULL,'App\\Models\\Asset',1249,NULL,NULL,'2018-08-19 21:02:09','2019-06-11 01:53:06',NULL,NULL,NULL,NULL,NULL),(316,1,'checkout',9,'App\\Models\\Location',NULL,NULL,NULL,'App\\Models\\Asset',621,NULL,NULL,'2019-01-06 20:20:10','2019-06-11 01:53:06',NULL,NULL,NULL,NULL,NULL),(317,2,'checkout',1,'App\\Models\\Location',NULL,NULL,NULL,'App\\Models\\Asset',1332,NULL,NULL,'2018-08-12 00:02:44','2019-06-11 01:53:06',NULL,NULL,NULL,NULL,NULL),(318,2,'checkout',1,'App\\Models\\Location',NULL,NULL,NULL,'App\\Models\\Asset',1325,NULL,NULL,'2019-01-07 02:41:01','2019-06-11 01:53:06',NULL,NULL,NULL,NULL,NULL),(319,1,'checkout',10,'App\\Models\\Location',NULL,NULL,NULL,'App\\Models\\Asset',858,NULL,NULL,'2018-07-27 04:37:53','2019-06-11 01:53:06',NULL,NULL,NULL,NULL,NULL),(320,1,'checkout',3,'App\\Models\\Location',NULL,NULL,NULL,'App\\Models\\Asset',755,NULL,NULL,'2019-04-01 17:38:37','2019-06-11 01:53:06',NULL,NULL,NULL,NULL,NULL),(321,2,'checkout',9,'App\\Models\\Location',NULL,NULL,NULL,'App\\Models\\Asset',1256,NULL,NULL,'2019-03-18 01:58:25','2019-06-11 01:53:06',NULL,NULL,NULL,NULL,NULL),(322,1,'checkout',6,'App\\Models\\Location',NULL,NULL,NULL,'App\\Models\\Asset',263,NULL,NULL,'2018-06-29 06:09:13','2019-06-11 01:53:06',NULL,NULL,NULL,NULL,NULL),(323,1,'checkout',9,'App\\Models\\Location',NULL,NULL,NULL,'App\\Models\\Asset',456,NULL,NULL,'2018-07-20 09:32:40','2019-06-11 01:53:06',NULL,NULL,NULL,NULL,NULL),(324,2,'checkout',10,'App\\Models\\Location',NULL,NULL,NULL,'App\\Models\\Asset',191,NULL,NULL,'2019-03-22 10:32:28','2019-06-11 01:53:06',NULL,NULL,NULL,NULL,NULL),(325,2,'checkout',8,'App\\Models\\Location',NULL,NULL,NULL,'App\\Models\\Asset',794,NULL,NULL,'2018-10-14 00:03:05','2019-06-11 01:53:06',NULL,NULL,NULL,NULL,NULL),(326,1,'checkout',2,'App\\Models\\Location',NULL,NULL,NULL,'App\\Models\\Asset',284,NULL,NULL,'2018-06-15 01:55:14','2019-06-11 01:53:06',NULL,NULL,NULL,NULL,NULL),(327,2,'checkout',6,'App\\Models\\Location',NULL,NULL,NULL,'App\\Models\\Asset',279,NULL,NULL,'2019-05-18 12:24:08','2019-06-11 01:53:06',NULL,NULL,NULL,NULL,NULL),(328,1,'checkout',6,'App\\Models\\Location',NULL,NULL,NULL,'App\\Models\\Asset',106,NULL,NULL,'2019-01-06 23:48:39','2019-06-11 01:53:06',NULL,NULL,NULL,NULL,NULL),(329,1,'checkout',10,'App\\Models\\Location',NULL,NULL,NULL,'App\\Models\\Asset',1366,NULL,NULL,'2018-12-12 12:44:34','2019-06-11 01:53:06',NULL,NULL,NULL,NULL,NULL),(330,2,'checkout',3,'App\\Models\\Location',NULL,NULL,NULL,'App\\Models\\Asset',6,NULL,NULL,'2019-04-24 08:25:20','2019-06-11 01:53:06',NULL,NULL,NULL,NULL,NULL),(331,2,'checkout',3,'App\\Models\\Location',NULL,NULL,NULL,'App\\Models\\Asset',833,NULL,NULL,'2019-05-31 05:26:08','2019-06-11 01:53:06',NULL,NULL,NULL,NULL,NULL),(332,1,'checkout',2,'App\\Models\\Location',NULL,NULL,NULL,'App\\Models\\Asset',1180,NULL,NULL,'2019-01-24 04:49:31','2019-06-11 01:53:06',NULL,NULL,NULL,NULL,NULL),(333,1,'checkout',3,'App\\Models\\Location',NULL,NULL,NULL,'App\\Models\\Asset',1280,NULL,NULL,'2018-06-14 01:20:57','2019-06-11 01:53:06',NULL,NULL,NULL,NULL,NULL),(334,1,'checkout',4,'App\\Models\\Location',NULL,NULL,NULL,'App\\Models\\Asset',309,NULL,NULL,'2019-04-28 13:12:05','2019-06-11 01:53:06',NULL,NULL,NULL,NULL,NULL),(335,1,'checkout',6,'App\\Models\\Location',NULL,NULL,NULL,'App\\Models\\Asset',533,NULL,NULL,'2019-05-02 09:18:18','2019-06-11 01:53:06',NULL,NULL,NULL,NULL,NULL),(336,2,'checkout',9,'App\\Models\\Location',NULL,NULL,NULL,'App\\Models\\Asset',853,NULL,NULL,'2018-09-30 08:47:57','2019-06-11 01:53:06',NULL,NULL,NULL,NULL,NULL),(337,1,'checkout',1,'App\\Models\\Location',NULL,NULL,NULL,'App\\Models\\Asset',82,NULL,NULL,'2018-12-11 14:55:37','2019-06-11 01:53:06',NULL,NULL,NULL,NULL,NULL),(338,1,'checkout',5,'App\\Models\\Location',NULL,NULL,NULL,'App\\Models\\Asset',347,NULL,NULL,'2019-01-01 08:12:46','2019-06-11 01:53:06',NULL,NULL,NULL,NULL,NULL),(339,1,'checkout',6,'App\\Models\\Location',NULL,NULL,NULL,'App\\Models\\Asset',381,NULL,NULL,'2018-10-30 06:20:33','2019-06-11 01:53:06',NULL,NULL,NULL,NULL,NULL),(340,2,'checkout',2,'App\\Models\\Location',NULL,NULL,NULL,'App\\Models\\Asset',904,NULL,NULL,'2018-11-30 17:47:30','2019-06-11 01:53:06',NULL,NULL,NULL,NULL,NULL),(341,1,'checkout',3,'App\\Models\\Location',NULL,NULL,NULL,'App\\Models\\Asset',64,NULL,NULL,'2019-03-15 10:09:55','2019-06-11 01:53:06',NULL,NULL,NULL,NULL,NULL),(342,1,'checkout',6,'App\\Models\\Location',NULL,NULL,NULL,'App\\Models\\Asset',1126,NULL,NULL,'2018-11-29 12:58:08','2019-06-11 01:53:06',NULL,NULL,NULL,NULL,NULL),(343,1,'checkout',2,'App\\Models\\Location',NULL,NULL,NULL,'App\\Models\\Asset',241,NULL,NULL,'2019-03-18 09:38:51','2019-06-11 01:53:06',NULL,NULL,NULL,NULL,NULL),(344,2,'checkout',8,'App\\Models\\Location',NULL,NULL,NULL,'App\\Models\\Asset',22,NULL,NULL,'2018-11-16 08:29:15','2019-06-11 01:53:06',NULL,NULL,NULL,NULL,NULL),(345,1,'checkout',6,'App\\Models\\Location',NULL,NULL,NULL,'App\\Models\\Asset',873,NULL,NULL,'2019-05-04 10:52:44','2019-06-11 01:53:06',NULL,NULL,NULL,NULL,NULL),(346,1,'checkout',3,'App\\Models\\Location',NULL,NULL,NULL,'App\\Models\\Asset',596,NULL,NULL,'2018-06-26 13:54:58','2019-06-11 01:53:06',NULL,NULL,NULL,NULL,NULL),(347,2,'checkout',3,'App\\Models\\Location',NULL,NULL,NULL,'App\\Models\\Asset',1370,NULL,NULL,'2018-10-09 11:02:21','2019-06-11 01:53:06',NULL,NULL,NULL,NULL,NULL),(348,2,'checkout',1,'App\\Models\\Location',NULL,NULL,NULL,'App\\Models\\Asset',1217,NULL,NULL,'2018-09-01 14:52:51','2019-06-11 01:53:06',NULL,NULL,NULL,NULL,NULL),(349,2,'checkout',7,'App\\Models\\Location',NULL,NULL,NULL,'App\\Models\\Asset',115,NULL,NULL,'2018-11-13 07:20:17','2019-06-11 01:53:06',NULL,NULL,NULL,NULL,NULL),(350,1,'checkout',1,'App\\Models\\Location',NULL,NULL,NULL,'App\\Models\\Asset',771,NULL,NULL,'2018-12-23 12:39:23','2019-06-11 01:53:06',NULL,NULL,NULL,NULL,NULL),(351,1,'checkout',2,'App\\Models\\Location',NULL,NULL,NULL,'App\\Models\\Asset',173,NULL,NULL,'2018-12-02 03:41:58','2019-06-11 01:53:06',NULL,NULL,NULL,NULL,NULL),(352,2,'checkout',5,'App\\Models\\Location',NULL,NULL,NULL,'App\\Models\\Asset',1243,NULL,NULL,'2019-05-16 06:17:57','2019-06-11 01:53:06',NULL,NULL,NULL,NULL,NULL),(353,1,'checkout',7,'App\\Models\\Location',NULL,NULL,NULL,'App\\Models\\Asset',829,NULL,NULL,'2019-04-09 13:45:02','2019-06-11 01:53:06',NULL,NULL,NULL,NULL,NULL),(354,2,'checkout',9,'App\\Models\\Location',NULL,NULL,NULL,'App\\Models\\Asset',4,NULL,NULL,'2018-10-16 10:04:22','2019-06-11 01:53:06',NULL,NULL,NULL,NULL,NULL),(355,1,'checkout',2,'App\\Models\\Location',NULL,NULL,NULL,'App\\Models\\Asset',714,NULL,NULL,'2018-07-04 22:11:47','2019-06-11 01:53:06',NULL,NULL,NULL,NULL,NULL),(356,1,'checkout',7,'App\\Models\\Location',NULL,NULL,NULL,'App\\Models\\Asset',1273,NULL,NULL,'2018-07-07 02:17:14','2019-06-11 01:53:06',NULL,NULL,NULL,NULL,NULL),(357,2,'checkout',3,'App\\Models\\Location',NULL,NULL,NULL,'App\\Models\\Asset',517,NULL,NULL,'2019-04-23 04:20:20','2019-06-11 01:53:06',NULL,NULL,NULL,NULL,NULL),(358,1,'checkout',8,'App\\Models\\Location',NULL,NULL,NULL,'App\\Models\\Asset',980,NULL,NULL,'2019-06-07 10:13:38','2019-06-11 01:53:06',NULL,NULL,NULL,NULL,NULL),(359,1,'checkout',10,'App\\Models\\Location',NULL,NULL,NULL,'App\\Models\\Asset',919,NULL,NULL,'2018-06-27 01:33:54','2019-06-11 01:53:06',NULL,NULL,NULL,NULL,NULL),(360,1,'checkout',3,'App\\Models\\Location',NULL,NULL,NULL,'App\\Models\\Asset',230,NULL,NULL,'2018-12-23 21:39:14','2019-06-11 01:53:06',NULL,NULL,NULL,NULL,NULL),(361,1,'checkout',4,'App\\Models\\Location',NULL,NULL,NULL,'App\\Models\\Asset',447,NULL,NULL,'2018-09-29 17:22:59','2019-06-11 01:53:06',NULL,NULL,NULL,NULL,NULL),(362,2,'checkout',6,'App\\Models\\Location',NULL,NULL,NULL,'App\\Models\\Asset',145,NULL,NULL,'2019-03-27 22:40:03','2019-06-11 01:53:06',NULL,NULL,NULL,NULL,NULL),(363,1,'checkout',4,'App\\Models\\Location',NULL,NULL,NULL,'App\\Models\\Asset',1178,NULL,NULL,'2019-05-24 18:09:57','2019-06-11 01:53:06',NULL,NULL,NULL,NULL,NULL),(364,1,'checkout',5,'App\\Models\\Location',NULL,NULL,NULL,'App\\Models\\Asset',425,NULL,NULL,'2018-06-24 11:32:21','2019-06-11 01:53:06',NULL,NULL,NULL,NULL,NULL),(365,1,'checkout',9,'App\\Models\\Location',NULL,NULL,NULL,'App\\Models\\Asset',631,NULL,NULL,'2019-03-29 15:29:23','2019-06-11 01:53:06',NULL,NULL,NULL,NULL,NULL),(366,2,'checkout',9,'App\\Models\\Location',NULL,NULL,NULL,'App\\Models\\Asset',1281,NULL,NULL,'2018-11-26 18:48:02','2019-06-11 01:53:06',NULL,NULL,NULL,NULL,NULL),(367,1,'checkout',7,'App\\Models\\Location',NULL,NULL,NULL,'App\\Models\\Asset',317,NULL,NULL,'2019-05-20 17:48:36','2019-06-11 01:53:06',NULL,NULL,NULL,NULL,NULL),(368,1,'checkout',7,'App\\Models\\Location',NULL,NULL,NULL,'App\\Models\\Asset',1103,NULL,NULL,'2019-04-11 11:38:45','2019-06-11 01:53:06',NULL,NULL,NULL,NULL,NULL),(369,1,'checkout',1,'App\\Models\\Location',NULL,NULL,NULL,'App\\Models\\Asset',252,NULL,NULL,'2019-02-17 16:28:33','2019-06-11 01:53:06',NULL,NULL,NULL,NULL,NULL),(370,2,'checkout',6,'App\\Models\\Location',NULL,NULL,NULL,'App\\Models\\Asset',581,NULL,NULL,'2018-12-30 14:16:52','2019-06-11 01:53:06',NULL,NULL,NULL,NULL,NULL),(371,1,'checkout',5,'App\\Models\\Location',NULL,NULL,NULL,'App\\Models\\Asset',475,NULL,NULL,'2019-02-28 17:41:45','2019-06-11 01:53:06',NULL,NULL,NULL,NULL,NULL),(372,1,'checkout',8,'App\\Models\\Location',NULL,NULL,NULL,'App\\Models\\Asset',791,NULL,NULL,'2018-09-19 00:05:44','2019-06-11 01:53:06',NULL,NULL,NULL,NULL,NULL),(373,2,'checkout',7,'App\\Models\\Location',NULL,NULL,NULL,'App\\Models\\Asset',135,NULL,NULL,'2019-03-03 21:39:37','2019-06-11 01:53:06',NULL,NULL,NULL,NULL,NULL),(374,1,'checkout',7,'App\\Models\\Location',NULL,NULL,NULL,'App\\Models\\Asset',541,NULL,NULL,'2019-03-19 08:18:59','2019-06-11 01:53:06',NULL,NULL,NULL,NULL,NULL),(375,1,'checkout',5,'App\\Models\\Location',NULL,NULL,NULL,'App\\Models\\Asset',630,NULL,NULL,'2018-08-02 18:32:15','2019-06-11 01:53:06',NULL,NULL,NULL,NULL,NULL),(376,1,'checkout',9,'App\\Models\\Location',NULL,NULL,NULL,'App\\Models\\Asset',59,NULL,NULL,'2018-10-08 00:59:48','2019-06-11 01:53:06',NULL,NULL,NULL,NULL,NULL),(377,2,'checkout',7,'App\\Models\\Location',NULL,NULL,NULL,'App\\Models\\Asset',545,NULL,NULL,'2019-02-06 10:05:10','2019-06-11 01:53:06',NULL,NULL,NULL,NULL,NULL),(378,1,'checkout',6,'App\\Models\\Location',NULL,NULL,NULL,'App\\Models\\Asset',750,NULL,NULL,'2018-12-27 18:40:58','2019-06-11 01:53:06',NULL,NULL,NULL,NULL,NULL),(379,1,'checkout',2,'App\\Models\\Location',NULL,NULL,NULL,'App\\Models\\Asset',404,NULL,NULL,'2018-07-08 01:51:05','2019-06-11 01:53:06',NULL,NULL,NULL,NULL,NULL),(380,2,'checkout',2,'App\\Models\\Location',NULL,NULL,NULL,'App\\Models\\Asset',623,NULL,NULL,'2018-09-11 09:52:39','2019-06-11 01:53:06',NULL,NULL,NULL,NULL,NULL),(381,1,'checkout',2,'App\\Models\\Location',NULL,NULL,NULL,'App\\Models\\Asset',378,NULL,NULL,'2018-08-25 12:25:55','2019-06-11 01:53:06',NULL,NULL,NULL,NULL,NULL),(382,2,'checkout',9,'App\\Models\\Location',NULL,NULL,NULL,'App\\Models\\Asset',922,NULL,NULL,'2018-08-11 07:04:39','2019-06-11 01:53:06',NULL,NULL,NULL,NULL,NULL),(383,1,'checkout',6,'App\\Models\\Location',NULL,NULL,NULL,'App\\Models\\Asset',1271,NULL,NULL,'2018-07-19 02:25:04','2019-06-11 01:53:06',NULL,NULL,NULL,NULL,NULL),(384,2,'checkout',4,'App\\Models\\Location',NULL,NULL,NULL,'App\\Models\\Asset',479,NULL,NULL,'2018-07-12 17:42:34','2019-06-11 01:53:06',NULL,NULL,NULL,NULL,NULL),(385,2,'checkout',1,'App\\Models\\Location',NULL,NULL,NULL,'App\\Models\\Asset',1336,NULL,NULL,'2018-08-22 13:38:02','2019-06-11 01:53:06',NULL,NULL,NULL,NULL,NULL),(386,2,'checkout',2,'App\\Models\\Location',NULL,NULL,NULL,'App\\Models\\Asset',151,NULL,NULL,'2018-09-12 04:20:52','2019-06-11 01:53:06',NULL,NULL,NULL,NULL,NULL),(387,1,'checkout',2,'App\\Models\\Location',NULL,NULL,NULL,'App\\Models\\Asset',126,NULL,NULL,'2019-04-07 11:05:46','2019-06-11 01:53:06',NULL,NULL,NULL,NULL,NULL),(388,1,'checkout',7,'App\\Models\\Location',NULL,NULL,NULL,'App\\Models\\Asset',1333,NULL,NULL,'2019-05-03 01:19:44','2019-06-11 01:53:06',NULL,NULL,NULL,NULL,NULL),(389,1,'checkout',6,'App\\Models\\Location',NULL,NULL,NULL,'App\\Models\\Asset',413,NULL,NULL,'2018-12-24 17:18:52','2019-06-11 01:53:06',NULL,NULL,NULL,NULL,NULL),(390,2,'checkout',3,'App\\Models\\Location',NULL,NULL,NULL,'App\\Models\\Asset',1356,NULL,NULL,'2018-07-08 02:25:33','2019-06-11 01:53:06',NULL,NULL,NULL,NULL,NULL),(391,2,'checkout',7,'App\\Models\\Location',NULL,NULL,NULL,'App\\Models\\Asset',1104,NULL,NULL,'2019-03-18 18:44:07','2019-06-11 01:53:06',NULL,NULL,NULL,NULL,NULL),(392,2,'checkout',8,'App\\Models\\Location',NULL,NULL,NULL,'App\\Models\\Asset',344,NULL,NULL,'2019-02-05 13:25:27','2019-06-11 01:53:06',NULL,NULL,NULL,NULL,NULL),(393,2,'checkout',9,'App\\Models\\Location',NULL,NULL,NULL,'App\\Models\\Asset',851,NULL,NULL,'2018-10-05 23:44:13','2019-06-11 01:53:06',NULL,NULL,NULL,NULL,NULL),(394,1,'checkout',4,'App\\Models\\Location',NULL,NULL,NULL,'App\\Models\\Asset',356,NULL,NULL,'2018-12-14 16:37:43','2019-06-11 01:53:06',NULL,NULL,NULL,NULL,NULL),(395,1,'checkout',8,'App\\Models\\Location',NULL,NULL,NULL,'App\\Models\\Asset',464,NULL,NULL,'2019-03-24 10:29:12','2019-06-11 01:53:06',NULL,NULL,NULL,NULL,NULL),(396,2,'checkout',2,'App\\Models\\Location',NULL,NULL,NULL,'App\\Models\\Asset',436,NULL,NULL,'2018-09-06 18:41:59','2019-06-11 01:53:06',NULL,NULL,NULL,NULL,NULL),(397,1,'checkout',6,'App\\Models\\Location',NULL,NULL,NULL,'App\\Models\\Asset',351,NULL,NULL,'2019-04-03 20:08:00','2019-06-11 01:53:06',NULL,NULL,NULL,NULL,NULL),(398,2,'checkout',4,'App\\Models\\Location',NULL,NULL,NULL,'App\\Models\\Asset',708,NULL,NULL,'2018-12-18 11:55:46','2019-06-11 01:53:06',NULL,NULL,NULL,NULL,NULL),(399,1,'checkout',4,'App\\Models\\Location',NULL,NULL,NULL,'App\\Models\\Asset',270,NULL,NULL,'2018-11-03 07:28:46','2019-06-11 01:53:06',NULL,NULL,NULL,NULL,NULL),(400,1,'checkout',1,'App\\Models\\Location',NULL,NULL,NULL,'App\\Models\\Asset',789,NULL,NULL,'2018-11-27 08:50:51','2019-06-11 01:53:06',NULL,NULL,NULL,NULL,NULL),(401,59,'update',NULL,NULL,NULL,NULL,NULL,'App\\Models\\Asset',1,NULL,NULL,'2019-06-12 01:56:57','2019-06-12 01:56:57',NULL,NULL,NULL,NULL,'{\"purchase_cost\":{\"old\":\"897.55\",\"new\":96.69},\"supplier_id\":{\"old\":1,\"new\":\"4\"}}'),(402,59,'update',NULL,NULL,NULL,NULL,NULL,'App\\Models\\Asset',2,NULL,NULL,'2019-06-12 01:58:12','2019-06-12 01:58:12',NULL,NULL,NULL,NULL,'{\"purchase_cost\":{\"old\":\"1435.15\",\"new\":153.153},\"notes\":{\"old\":\"Created by DB seeder\",\"new\":\"ahihi do ngoc\"},\"warranty_months\":{\"old\":null,\"new\":\"36\"}}'),(403,59,'create',NULL,NULL,NULL,NULL,NULL,'App\\Models\\Store',1,NULL,NULL,'2019-06-26 23:41:25','2019-06-26 23:41:25',NULL,NULL,3,NULL,NULL),(404,59,'create',NULL,NULL,NULL,NULL,NULL,'App\\Models\\Store',2,NULL,NULL,'2019-06-27 00:07:39','2019-06-27 00:07:39',NULL,NULL,5,NULL,NULL),(405,59,'create',NULL,NULL,NULL,NULL,NULL,'App\\Models\\Store',3,NULL,NULL,'2019-06-27 00:42:21','2019-06-27 00:42:21',NULL,NULL,5,NULL,NULL),(406,59,'update',NULL,NULL,NULL,NULL,NULL,'App\\Models\\Store',3,NULL,NULL,'2019-06-27 00:43:20','2019-06-27 00:43:20',NULL,NULL,3,NULL,'{\"company_id\":{\"old\":5,\"new\":\"3\"},\"name\":{\"old\":\"Store 2\",\"new\":\"Store 2 updated\"},\"location_id\":{\"old\":11,\"new\":\"5\"},\"updated_at\":{\"old\":\"2019-06-27 00:42:21\",\"new\":\"2019-06-27 00:43:20\"}}'),(407,59,'delete',NULL,NULL,NULL,NULL,NULL,'App\\Models\\Store',3,NULL,NULL,'2019-06-27 01:00:29','2019-06-27 01:00:29',NULL,NULL,3,NULL,NULL),(408,59,'update',NULL,NULL,NULL,NULL,NULL,'App\\Models\\Asset',1,NULL,NULL,'2019-07-02 23:59:32','2019-07-02 23:59:32',NULL,NULL,NULL,NULL,'{\"rtd_location_id\":{\"old\":1,\"new\":\"11\"},\"location_id\":{\"old\":1,\"new\":\"11\"}}'),(409,59,'checkout',59,'App\\Models\\User',NULL,'',NULL,'App\\Models\\Asset',1,NULL,NULL,'2019-07-03 19:14:13','2019-07-03 19:14:13',NULL,NULL,NULL,NULL,NULL),(410,59,'create',NULL,NULL,NULL,NULL,NULL,'App\\Models\\Store',4,NULL,NULL,'2019-07-03 19:26:12','2019-07-03 19:26:12',NULL,NULL,5,NULL,NULL),(411,59,'checkout',59,'App\\Models\\User',11,'',NULL,'App\\Models\\Asset',2,NULL,NULL,'2019-07-04 01:06:02','2019-07-04 01:06:02',NULL,NULL,NULL,NULL,NULL),(412,59,'create',NULL,NULL,NULL,NULL,NULL,'App\\Models\\Store',5,NULL,NULL,'2019-07-05 00:38:24','2019-07-05 00:38:24',NULL,NULL,4,NULL,NULL),(413,59,'create',NULL,NULL,NULL,NULL,NULL,'App\\Models\\Consumable',4,NULL,NULL,'2019-07-05 01:29:08','2019-07-05 01:29:08',NULL,NULL,3,NULL,NULL),(414,59,'create',NULL,NULL,NULL,NULL,NULL,'App\\Models\\Store',1,NULL,NULL,'2019-07-05 01:52:19','2019-07-05 01:52:19',NULL,NULL,4,NULL,NULL),(415,59,'checkout',1,'App\\Models\\Asset',NULL,'',NULL,'App\\Models\\Asset',3,NULL,NULL,'2019-07-05 01:58:34','2019-07-05 01:58:34',NULL,NULL,NULL,NULL,NULL),(416,59,'create',NULL,NULL,NULL,NULL,NULL,'App\\Models\\Store',2,NULL,NULL,'2019-07-05 02:19:43','2019-07-05 02:19:43',NULL,NULL,5,NULL,NULL),(417,59,'create',NULL,NULL,NULL,NULL,NULL,'App\\Models\\Store',3,NULL,NULL,'2019-07-05 02:36:19','2019-07-05 02:36:19',NULL,NULL,2,NULL,NULL),(418,59,'create',NULL,NULL,NULL,NULL,NULL,'App\\Models\\Store',4,NULL,NULL,'2019-07-05 02:37:54','2019-07-05 02:37:54',NULL,NULL,5,NULL,NULL),(419,59,'delete',NULL,NULL,NULL,NULL,NULL,'App\\Models\\Store',4,NULL,NULL,'2019-07-08 00:20:41','2019-07-08 00:20:41',NULL,NULL,5,NULL,NULL),(420,59,'update',NULL,NULL,NULL,NULL,NULL,'App\\Models\\Store',2,NULL,NULL,'2019-07-08 01:55:59','2019-07-08 01:55:59',NULL,NULL,5,NULL,'{\"name\":{\"old\":\"1111\",\"new\":\"Vinx\"},\"updated_at\":{\"old\":\"2019-07-05 02:19:43\",\"new\":\"2019-07-08 01:55:59\"}}'),(421,59,'create',NULL,NULL,NULL,NULL,NULL,'App\\Models\\Store',5,NULL,NULL,'2019-07-08 02:02:02','2019-07-08 02:02:02',NULL,NULL,5,NULL,NULL),(422,59,'create',NULL,NULL,NULL,NULL,NULL,'App\\Models\\Store',6,NULL,NULL,'2019-07-08 02:02:55','2019-07-08 02:02:55',NULL,NULL,4,NULL,NULL),(423,59,'create',NULL,NULL,NULL,NULL,NULL,'App\\Models\\Store',7,NULL,NULL,'2019-07-08 02:03:08','2019-07-08 02:03:08',NULL,NULL,5,NULL,NULL),(424,59,'create',NULL,NULL,NULL,NULL,NULL,'App\\Models\\Store',8,NULL,NULL,'2019-07-08 20:39:04','2019-07-08 20:39:04',NULL,NULL,5,NULL,NULL),(425,59,'update',NULL,NULL,NULL,NULL,NULL,'App\\Models\\Store',8,NULL,NULL,'2019-07-08 20:48:28','2019-07-08 20:48:28',NULL,NULL,5,NULL,'{\"location_id\":{\"old\":null,\"new\":\"1\"},\"updated_at\":{\"old\":\"2019-07-08 20:39:04\",\"new\":\"2019-07-08 20:48:28\"}}'),(426,59,'delete',NULL,NULL,NULL,NULL,NULL,'App\\Models\\Store',8,NULL,NULL,'2019-07-08 20:48:52','2019-07-08 20:48:52',NULL,NULL,5,NULL,NULL),(427,59,'checkout',11,'App\\Models\\Location',11,'',NULL,'App\\Models\\Asset',5,NULL,NULL,'2019-07-10 20:48:03','2019-07-10 20:48:03',NULL,NULL,NULL,NULL,NULL),(428,59,'create',NULL,NULL,NULL,NULL,NULL,'App\\Models\\Contract',35,NULL,NULL,'2019-07-16 01:53:48','2019-07-16 01:53:48',NULL,NULL,NULL,NULL,NULL),(429,59,'delete',NULL,NULL,NULL,NULL,NULL,'App\\Models\\Contract',26,NULL,NULL,'2019-07-16 01:56:07','2019-07-16 01:56:07',NULL,NULL,NULL,NULL,NULL),(430,59,'create',NULL,NULL,NULL,NULL,NULL,'App\\Models\\Store',9,NULL,NULL,'2019-07-16 02:18:40','2019-07-16 02:18:40',NULL,NULL,5,NULL,NULL),(431,59,'update',NULL,NULL,NULL,NULL,NULL,'App\\Models\\Store',1,NULL,NULL,'2019-07-16 02:19:55','2019-07-16 02:19:55',NULL,NULL,4,NULL,'{\"image\":{\"old\":null,\"new\":\"zKPfjsMWn18ugezQKU1R0EcNk.jpg\"},\"updated_at\":{\"old\":\"2019-07-05 01:52:19\",\"new\":\"2019-07-16 02:19:55\"}}'),(432,59,'create',NULL,NULL,NULL,NULL,NULL,'App\\Models\\Contract',36,NULL,NULL,'2019-07-16 02:59:03','2019-07-16 02:59:03',NULL,NULL,NULL,NULL,NULL),(433,59,'update',NULL,NULL,NULL,NULL,NULL,'App\\Models\\Contract',36,NULL,NULL,'2019-07-16 02:59:41','2019-07-16 02:59:41',NULL,NULL,NULL,NULL,'{\"location_id\":{\"old\":null,\"new\":\"1\"},\"contact_id_1\":{\"old\":null,\"new\":\"61\"},\"contact_id_2\":{\"old\":null,\"new\":\"62\"},\"updated_at\":{\"old\":\"2019-07-16 02:59:03\",\"new\":\"2019-07-16 02:59:41\"}}'),(434,59,'update',NULL,NULL,NULL,NULL,NULL,'App\\Models\\Asset',1,NULL,NULL,'2019-07-16 03:03:46','2019-07-16 03:03:46',NULL,NULL,NULL,NULL,'{\"image\":{\"old\":null,\"new\":\"3aAgIgwEuR0xidcjfSieeiz1p.jpeg\"}}'),(435,59,'delete',NULL,NULL,NULL,NULL,NULL,'App\\Models\\Contract',36,NULL,NULL,'2019-07-16 03:57:58','2019-07-16 03:57:58',NULL,NULL,NULL,NULL,NULL),(436,59,'update',NULL,NULL,NULL,NULL,NULL,'App\\Models\\Contract',28,NULL,NULL,'2019-07-16 18:51:04','2019-07-16 18:51:04',NULL,NULL,NULL,NULL,'{\"billing_date\":{\"old\":null,\"new\":\"2019-07-30\"},\"updated_at\":{\"old\":\"2019-07-08 02:39:47\",\"new\":\"2019-07-16 18:51:04\"},\"user_id\":{\"old\":0,\"new\":59}}'),(437,59,'update',NULL,NULL,NULL,NULL,NULL,'App\\Models\\Contract',34,NULL,NULL,'2019-07-16 18:51:33','2019-07-16 18:51:33',NULL,NULL,NULL,NULL,'{\"billing_date\":{\"old\":null,\"new\":\"2019-07-29\"},\"updated_at\":{\"old\":\"2019-07-08 21:41:02\",\"new\":\"2019-07-16 18:51:33\"},\"user_id\":{\"old\":0,\"new\":59}}'),(438,59,'delete',NULL,NULL,NULL,NULL,NULL,'App\\Models\\Contract',27,NULL,NULL,'2019-07-16 18:51:45','2019-07-16 18:51:45',NULL,NULL,NULL,NULL,NULL),(439,59,'create',NULL,NULL,NULL,NULL,NULL,'App\\Models\\Inventory',16,NULL,NULL,'2019-07-16 19:04:19','2019-07-16 19:04:19',NULL,NULL,NULL,NULL,NULL),(440,59,'create',NULL,NULL,NULL,NULL,NULL,'App\\Models\\Inventory',17,NULL,NULL,'2019-07-16 19:08:31','2019-07-16 19:08:31',NULL,NULL,NULL,NULL,NULL),(441,59,'create',NULL,NULL,NULL,NULL,NULL,'App\\Models\\Asset',1374,NULL,NULL,'2019-07-16 19:16:01','2019-07-16 19:16:01',NULL,NULL,2,NULL,NULL),(442,59,'checkout',15,'App\\Models\\User',1,'Checked out on asset creation',NULL,'App\\Models\\Asset',1374,NULL,NULL,'2019-07-16 19:16:01','2019-07-16 19:16:01',NULL,NULL,1,NULL,NULL),(443,59,'update',NULL,NULL,NULL,NULL,NULL,'App\\Models\\Inventory',17,NULL,NULL,'2019-07-16 19:16:09','2019-07-16 19:16:09',NULL,NULL,NULL,NULL,'{\"inventory_date\":{\"old\":\"2019-07-31\",\"new\":\"2019-07-31 00:00:00\"},\"name\":{\"old\":null,\"new\":\"Ki\\u1ec3m k\\u00ea \\u0111\\u1ee3t 1\"},\"updated_at\":{\"old\":\"2019-07-16 19:08:31\",\"new\":\"2019-07-16 19:16:09\"}}'),(444,59,'update',NULL,NULL,NULL,NULL,NULL,'App\\Models\\Contract',32,NULL,NULL,'2019-07-16 19:17:11','2019-07-16 19:17:11',NULL,NULL,NULL,NULL,'{\"updated_at\":{\"old\":\"2019-07-08 21:10:22\",\"new\":\"2019-07-16 19:17:11\"},\"user_id\":{\"old\":0,\"new\":59}}'),(449,59,'create',NULL,NULL,NULL,NULL,NULL,'App\\Models\\Contract',37,NULL,NULL,'2019-07-16 19:19:09','2019-07-16 19:19:09',NULL,NULL,NULL,NULL,NULL),(450,59,'update',NULL,NULL,NULL,NULL,NULL,'App\\Models\\Contract',37,NULL,NULL,'2019-07-16 19:19:40','2019-07-16 19:19:40',NULL,NULL,NULL,NULL,'{\"name\":{\"old\":\"Contract SASS\",\"new\":\"Contract SASSA\"},\"updated_at\":{\"old\":\"2019-07-16 19:19:09\",\"new\":\"2019-07-16 19:19:40\"}}'),(451,59,'create',NULL,NULL,NULL,NULL,NULL,'App\\Models\\Store',10,NULL,NULL,'2019-07-16 19:27:30','2019-07-16 19:27:30',NULL,NULL,5,NULL,NULL),(452,63,'delete',NULL,NULL,NULL,NULL,NULL,'App\\Models\\Store',5,NULL,NULL,'2019-07-16 20:08:13','2019-07-16 20:08:13',NULL,NULL,5,NULL,NULL),(453,63,'update',NULL,NULL,NULL,NULL,NULL,'App\\Models\\Store',9,NULL,NULL,'2019-07-16 20:08:56','2019-07-16 20:08:56',NULL,NULL,5,NULL,'{\"name\":{\"old\":\"ahih \\u0111\\u1ed3 ng\\u1ed1c\",\"new\":\"Store fruit\"},\"image\":{\"old\":\"Vkkj7HUpdGLmX8HeO2qjC0b83.jpg\",\"new\":\"Zcph9ocnkdN7mbBDgpQNcBhQy.jpeg\"},\"updated_at\":{\"old\":\"2019-07-16 02:18:40\",\"new\":\"2019-07-16 20:08:56\"}}'),(454,63,'create',NULL,NULL,NULL,NULL,NULL,'App\\Models\\Store',11,NULL,NULL,'2019-07-16 20:09:58','2019-07-16 20:09:58',NULL,NULL,5,NULL,NULL),(456,63,'create',NULL,NULL,NULL,NULL,NULL,'App\\Models\\Inventory',18,NULL,NULL,'2019-07-16 20:20:30','2019-07-16 20:20:30',NULL,NULL,NULL,NULL,NULL),(457,63,'update',NULL,NULL,NULL,NULL,NULL,'App\\Models\\Inventory',17,NULL,NULL,'2019-07-16 20:21:17','2019-07-16 20:21:17',NULL,NULL,NULL,NULL,'{\"inventory_date\":{\"old\":\"2019-07-31\",\"new\":\"2019-07-31 00:00:00\"},\"notes\":{\"old\":null,\"new\":\"123\"},\"updated_at\":{\"old\":\"2019-07-16 19:16:09\",\"new\":\"2019-07-16 20:21:17\"}}'),(458,65,'create',NULL,NULL,NULL,NULL,NULL,'App\\Models\\Contract',38,NULL,NULL,'2019-07-16 20:37:53','2019-07-16 20:37:53',NULL,NULL,NULL,NULL,NULL),(459,64,'create',NULL,NULL,NULL,NULL,NULL,'App\\Models\\Store',12,NULL,NULL,'2019-07-16 20:46:20','2019-07-16 20:46:20',NULL,NULL,5,NULL,NULL),(460,64,'update',NULL,NULL,NULL,NULL,NULL,'App\\Models\\Store',12,NULL,NULL,'2019-07-16 20:46:47','2019-07-16 20:46:47',NULL,NULL,5,NULL,'{\"image\":{\"old\":\"KnrxUK64yVxLw3Z8z70q8QiOO.jpg\",\"new\":null},\"updated_at\":{\"old\":\"2019-07-16 20:46:20\",\"new\":\"2019-07-16 20:46:47\"}}'),(461,64,'update',NULL,NULL,NULL,NULL,NULL,'App\\Models\\Store',12,NULL,NULL,'2019-07-16 21:07:23','2019-07-16 21:07:23',NULL,NULL,5,NULL,'{\"location_id\":{\"old\":7,\"new\":null},\"updated_at\":{\"old\":\"2019-07-16 20:46:47\",\"new\":\"2019-07-16 21:07:23\"}}'),(462,64,'update',NULL,NULL,NULL,NULL,NULL,'App\\Models\\Store',11,NULL,NULL,'2019-07-16 21:07:38','2019-07-16 21:07:38',NULL,NULL,5,NULL,'{\"location_id\":{\"old\":1,\"new\":null},\"updated_at\":{\"old\":\"2019-07-16 20:09:58\",\"new\":\"2019-07-16 21:07:38\"}}'),(463,65,'create',NULL,NULL,NULL,NULL,NULL,'App\\Models\\InventoryResult',39,NULL,NULL,'2019-07-16 21:12:00','2019-07-16 21:12:00',NULL,NULL,NULL,NULL,NULL),(464,65,'delete',NULL,NULL,NULL,NULL,NULL,'App\\Models\\InventoryResult',35,NULL,NULL,'2019-07-16 21:12:54','2019-07-16 21:12:54',NULL,NULL,NULL,NULL,NULL),(465,65,'update',NULL,NULL,NULL,NULL,NULL,'App\\Models\\InventoryResult',36,NULL,NULL,'2019-07-16 21:13:00','2019-07-16 21:13:00',NULL,NULL,NULL,NULL,'{\"checked_time\":{\"old\":\"2019-07-16 19:17:26\",\"new\":\"2019-07-16 21:13:00\"},\"user_id\":{\"old\":59,\"new\":65},\"updated_at\":{\"old\":\"2019-07-16 19:17:26\",\"new\":\"2019-07-16 21:13:00\"},\"status_id\":{\"old\":1,\"new\":\"4\"}}'),(466,63,'create',NULL,NULL,NULL,NULL,NULL,'App\\Models\\InventoryResult',40,NULL,NULL,'2019-07-16 21:16:05','2019-07-16 21:16:05',NULL,NULL,NULL,NULL,NULL),(467,63,'create',NULL,NULL,NULL,NULL,NULL,'App\\Models\\InventoryResult',41,NULL,NULL,'2019-07-16 21:16:31','2019-07-16 21:16:31',NULL,NULL,NULL,NULL,NULL),(468,63,'update',NULL,NULL,NULL,NULL,NULL,'App\\Models\\InventoryResult',41,NULL,NULL,'2019-07-16 21:16:44','2019-07-16 21:16:44',NULL,NULL,NULL,NULL,'{\"checked_time\":{\"old\":\"2019-07-16 21:16:31\",\"new\":\"2019-07-16 21:16:44\"},\"updated_at\":{\"old\":\"2019-07-16 21:16:31\",\"new\":\"2019-07-16 21:16:44\"},\"status_id\":{\"old\":1,\"new\":\"5\"}}'),(469,63,'update',NULL,NULL,NULL,NULL,NULL,'App\\Models\\InventoryResult',41,NULL,NULL,'2019-07-16 21:17:10','2019-07-16 21:17:10',NULL,NULL,NULL,NULL,'{\"checked_time\":{\"old\":\"2019-07-16 21:16:44\",\"new\":\"2019-07-16 21:17:10\"},\"updated_at\":{\"old\":\"2019-07-16 21:16:44\",\"new\":\"2019-07-16 21:17:10\"},\"status_id\":{\"old\":5,\"new\":\"2\"}}'),(470,64,'create',NULL,NULL,NULL,NULL,NULL,'App\\Models\\Store',13,NULL,NULL,'2019-07-16 21:50:28','2019-07-16 21:50:28',NULL,NULL,5,NULL,NULL),(471,64,'update',NULL,NULL,NULL,NULL,NULL,'App\\Models\\Store',13,NULL,NULL,'2019-07-16 21:52:30','2019-07-16 21:52:30',NULL,NULL,5,NULL,'{\"name\":{\"old\":\"store_Test\",\"new\":\"store_test_edit\"},\"image\":{\"old\":null,\"new\":\"F0q11SkMAgvSRDt43LMgS2lKK.jpg\"},\"updated_at\":{\"old\":\"2019-07-16 21:50:28\",\"new\":\"2019-07-16 21:52:30\"}}'),(472,64,'update',NULL,NULL,NULL,NULL,NULL,'App\\Models\\Store',13,NULL,NULL,'2019-07-16 21:52:53','2019-07-16 21:52:53',NULL,NULL,5,NULL,'{\"location_id\":{\"old\":null,\"new\":\"8\"},\"image\":{\"old\":\"F0q11SkMAgvSRDt43LMgS2lKK.jpg\",\"new\":\"TuC0oMXIOGiAD3LNnuzHKEobx.jpg\"},\"updated_at\":{\"old\":\"2019-07-16 21:52:30\",\"new\":\"2019-07-16 21:52:53\"}}'),(473,64,'delete',NULL,NULL,NULL,NULL,NULL,'App\\Models\\Store',13,NULL,NULL,'2019-07-16 21:54:00','2019-07-16 21:54:00',NULL,NULL,5,NULL,NULL),(474,64,'update',NULL,NULL,NULL,NULL,NULL,'App\\Models\\Store',12,NULL,NULL,'2019-07-16 21:54:52','2019-07-16 21:54:52',NULL,NULL,5,NULL,'{\"image\":{\"old\":null,\"new\":\"Xv0e2B1TPrxRhPLEKUfyasgjw.jpg\"},\"updated_at\":{\"old\":\"2019-07-16 21:07:23\",\"new\":\"2019-07-16 21:54:52\"}}'),(475,63,'create',NULL,NULL,NULL,NULL,NULL,'App\\Models\\Inventory',19,NULL,NULL,'2019-07-16 21:57:08','2019-07-16 21:57:08',NULL,NULL,NULL,NULL,NULL),(476,64,'create',NULL,NULL,NULL,NULL,NULL,'App\\Models\\Contract',39,NULL,NULL,'2019-07-16 23:24:25','2019-07-16 23:24:25',NULL,NULL,NULL,NULL,NULL),(477,64,'update',NULL,NULL,NULL,NULL,NULL,'App\\Models\\Contract',39,NULL,NULL,'2019-07-16 23:25:03','2019-07-16 23:25:03',NULL,NULL,NULL,NULL,'{\"location_id\":{\"old\":null,\"new\":\"7\"},\"updated_at\":{\"old\":\"2019-07-16 23:24:25\",\"new\":\"2019-07-16 23:25:03\"}}'),(478,64,'update',NULL,NULL,NULL,NULL,NULL,'App\\Models\\Contract',39,NULL,NULL,'2019-07-16 23:25:21','2019-07-16 23:25:21',NULL,NULL,NULL,NULL,'{\"contact_id_1\":{\"old\":null,\"new\":\"62\"},\"contact_id_2\":{\"old\":null,\"new\":\"65\"},\"updated_at\":{\"old\":\"2019-07-16 23:25:03\",\"new\":\"2019-07-16 23:25:21\"}}'),(479,64,'update',NULL,NULL,NULL,NULL,NULL,'App\\Models\\Contract',39,NULL,NULL,'2019-07-16 23:26:10','2019-07-16 23:26:10',NULL,NULL,NULL,NULL,'{\"start_date\":{\"old\":\"2019-07-10\",\"new\":\"2019-07-11\"},\"billing_date\":{\"old\":\"2019-07-18\",\"new\":\"2019-07-09\"},\"payment_date\":{\"old\":null,\"new\":\"2019-07-18\"},\"updated_at\":{\"old\":\"2019-07-16 23:25:21\",\"new\":\"2019-07-16 23:26:10\"}}'),(480,64,'update',NULL,NULL,NULL,NULL,NULL,'App\\Models\\Contract',39,NULL,NULL,'2019-07-16 23:29:53','2019-07-16 23:29:53',NULL,NULL,NULL,NULL,'{\"terms_and_conditions\":{\"old\":null,\"new\":\"Terms and Conditions\"},\"notes\":{\"old\":null,\"new\":\"\\r\\nNotes\\r\\n\"},\"updated_at\":{\"old\":\"2019-07-16 23:26:10\",\"new\":\"2019-07-16 23:29:53\"}}'),(481,63,'update',NULL,NULL,NULL,NULL,NULL,'App\\Models\\Inventory',19,NULL,NULL,'2019-07-16 23:32:53','2019-07-16 23:32:53',NULL,NULL,NULL,NULL,'{\"inventory_date\":{\"old\":\"2019-07-31\",\"new\":\"2019-07-31 00:00:00\"},\"name\":{\"old\":null,\"new\":\"Ki\\u1ec3m K\\u00ea \\u0111\\u1ee3t 3\"},\"updated_at\":{\"old\":\"2019-07-16 21:57:08\",\"new\":\"2019-07-16 23:32:53\"}}'),(482,64,'create',NULL,NULL,NULL,NULL,NULL,'App\\Models\\Contract',40,NULL,NULL,'2019-07-16 23:35:42','2019-07-16 23:35:42',NULL,NULL,NULL,NULL,NULL),(483,64,'delete',NULL,NULL,NULL,NULL,NULL,'App\\Models\\Contract',40,NULL,NULL,'2019-07-16 23:35:51','2019-07-16 23:35:51',NULL,NULL,NULL,NULL,NULL),(484,64,'create',NULL,NULL,NULL,NULL,NULL,'App\\Models\\Inventory',20,NULL,NULL,'2019-07-16 23:52:12','2019-07-16 23:52:12',NULL,NULL,NULL,NULL,NULL),(485,64,'update',NULL,NULL,NULL,NULL,NULL,'App\\Models\\Inventory',20,NULL,NULL,'2019-07-16 23:53:01','2019-07-16 23:53:01',NULL,NULL,NULL,NULL,'{\"inventory_date\":{\"old\":\"2019-07-17\",\"new\":\"2019-07-17 00:00:00\"},\"name\":{\"old\":null,\"new\":\"Ki\\u1ec3m k\\u00ea Kitty\"},\"notes\":{\"old\":null,\"new\":\"S\\u1ed1 l\\u01b0\\u1ee3ng \"},\"updated_at\":{\"old\":\"2019-07-16 23:52:12\",\"new\":\"2019-07-16 23:53:01\"}}'),(486,64,'update',NULL,NULL,NULL,NULL,NULL,'App\\Models\\Inventory',20,NULL,NULL,'2019-07-16 23:53:18','2019-07-16 23:53:18',NULL,NULL,NULL,NULL,'{\"inventory_date\":{\"old\":\"2019-07-17\",\"new\":\"2019-07-17 00:00:00\"},\"name\":{\"old\":\"Ki\\u1ec3m k\\u00ea Kitty\",\"new\":\"Ki\\u1ec3m k\\u00ea\"},\"updated_at\":{\"old\":\"2019-07-16 23:53:01\",\"new\":\"2019-07-16 23:53:18\"}}'),(487,63,'create',NULL,NULL,NULL,NULL,NULL,'App\\Models\\InventoryResult',42,NULL,NULL,'2019-07-16 23:54:53','2019-07-16 23:54:53',NULL,NULL,NULL,NULL,NULL),(488,63,'create',NULL,NULL,NULL,NULL,NULL,'App\\Models\\InventoryResult',43,NULL,NULL,'2019-07-16 23:55:04','2019-07-16 23:55:04',NULL,NULL,NULL,NULL,NULL),(489,64,'create',NULL,NULL,NULL,NULL,NULL,'App\\Models\\InventoryResult',44,NULL,NULL,'2019-07-16 23:57:00','2019-07-16 23:57:00',NULL,NULL,NULL,NULL,NULL),(490,64,'create',NULL,NULL,NULL,NULL,NULL,'App\\Models\\InventoryResult',45,NULL,NULL,'2019-07-16 23:57:10','2019-07-16 23:57:10',NULL,NULL,NULL,NULL,NULL),(491,64,'create',NULL,NULL,NULL,NULL,NULL,'App\\Models\\InventoryResult',46,NULL,NULL,'2019-07-16 23:57:16','2019-07-16 23:57:16',NULL,NULL,NULL,NULL,NULL),(492,64,'create',NULL,NULL,NULL,NULL,NULL,'App\\Models\\InventoryResult',47,NULL,NULL,'2019-07-16 23:57:33','2019-07-16 23:57:33',NULL,NULL,NULL,NULL,NULL),(493,64,'update',NULL,NULL,NULL,NULL,NULL,'App\\Models\\InventoryResult',47,NULL,NULL,'2019-07-16 23:57:43','2019-07-16 23:57:43',NULL,NULL,NULL,NULL,'{\"checked_time\":{\"old\":\"2019-07-16 23:57:33\",\"new\":\"2019-07-16 23:57:43\"},\"updated_at\":{\"old\":\"2019-07-16 23:57:33\",\"new\":\"2019-07-16 23:57:43\"},\"status_id\":{\"old\":1,\"new\":\"6\"}}'),(494,64,'update',NULL,NULL,NULL,NULL,NULL,'App\\Models\\InventoryResult',44,NULL,NULL,'2019-07-16 23:58:40','2019-07-16 23:58:40',NULL,NULL,NULL,NULL,'{\"checked_time\":{\"old\":\"2019-07-16 23:57:00\",\"new\":\"2019-07-16 23:58:40\"},\"updated_at\":{\"old\":\"2019-07-16 23:57:00\",\"new\":\"2019-07-16 23:58:40\"},\"status_id\":{\"old\":1,\"new\":\"4\"}}'),(495,64,'delete',NULL,NULL,NULL,NULL,NULL,'App\\Models\\InventoryResult',46,NULL,NULL,'2019-07-16 23:59:50','2019-07-16 23:59:50',NULL,NULL,NULL,NULL,NULL),(496,63,'update',NULL,NULL,NULL,NULL,NULL,'App\\Models\\InventoryResult',42,NULL,NULL,'2019-07-17 00:00:00','2019-07-17 00:00:00',NULL,NULL,NULL,NULL,'{\"checked_time\":{\"old\":\"2019-07-16 23:54:53\",\"new\":\"2019-07-17 00:00:00\"},\"updated_at\":{\"old\":\"2019-07-16 23:54:53\",\"new\":\"2019-07-17 00:00:00\"}}'),(497,64,'delete',NULL,NULL,NULL,NULL,NULL,'App\\Models\\InventoryResult',44,NULL,NULL,'2019-07-17 00:00:00','2019-07-17 00:00:00',NULL,NULL,NULL,NULL,NULL),(498,64,'create',NULL,NULL,NULL,NULL,NULL,'App\\Models\\InventoryResult',48,NULL,NULL,'2019-07-17 00:00:11','2019-07-17 00:00:11',NULL,NULL,NULL,NULL,NULL),(499,64,'delete',NULL,NULL,NULL,NULL,NULL,'App\\Models\\InventoryResult',47,NULL,NULL,'2019-07-17 00:01:55','2019-07-17 00:01:55',NULL,NULL,NULL,NULL,NULL),(500,63,'create',NULL,NULL,NULL,NULL,NULL,'App\\Models\\InventoryResult',49,NULL,NULL,'2019-07-17 00:01:56','2019-07-17 00:01:56',NULL,NULL,NULL,NULL,NULL),(501,64,'create',NULL,NULL,NULL,NULL,NULL,'App\\Models\\InventoryResult',50,NULL,NULL,'2019-07-17 00:02:17','2019-07-17 00:02:17',NULL,NULL,NULL,NULL,NULL),(502,64,'update',NULL,NULL,NULL,NULL,NULL,'App\\Models\\InventoryResult',50,NULL,NULL,'2019-07-17 00:02:30','2019-07-17 00:02:30',NULL,NULL,NULL,NULL,'{\"checked_time\":{\"old\":\"2019-07-17 00:02:17\",\"new\":\"2019-07-17 00:02:30\"},\"updated_at\":{\"old\":\"2019-07-17 00:02:17\",\"new\":\"2019-07-17 00:02:30\"},\"status_id\":{\"old\":1,\"new\":\"7\"}}'),(503,64,'create',NULL,NULL,NULL,NULL,NULL,'App\\Models\\Contract',41,NULL,NULL,'2019-07-17 00:04:39','2019-07-17 00:04:39',NULL,NULL,NULL,NULL,NULL),(504,63,'delete',NULL,NULL,NULL,NULL,NULL,'App\\Models\\InventoryResult',41,NULL,NULL,'2019-07-17 00:04:42','2019-07-17 00:04:42',NULL,NULL,NULL,NULL,NULL),(505,63,'delete',NULL,NULL,NULL,NULL,NULL,'App\\Models\\InventoryResult',39,NULL,NULL,'2019-07-17 00:05:01','2019-07-17 00:05:01',NULL,NULL,NULL,NULL,NULL),(506,63,'delete',NULL,NULL,NULL,NULL,NULL,'App\\Models\\InventoryResult',40,NULL,NULL,'2019-07-17 00:05:29','2019-07-17 00:05:29',NULL,NULL,NULL,NULL,NULL),(507,64,'update',NULL,NULL,NULL,NULL,NULL,'App\\Models\\Contract',41,NULL,NULL,'2019-07-17 00:05:47','2019-07-17 00:05:47',NULL,NULL,NULL,NULL,'{\"name\":{\"old\":\"HD Kitty\",\"new\":\"HD Su kem\"},\"updated_at\":{\"old\":\"2019-07-17 00:04:39\",\"new\":\"2019-07-17 00:05:47\"}}'),(508,63,'delete',NULL,NULL,NULL,NULL,NULL,'App\\Models\\InventoryResult',50,NULL,NULL,'2019-07-17 00:15:03','2019-07-17 00:15:03',NULL,NULL,NULL,NULL,NULL),(509,63,'delete',NULL,NULL,NULL,NULL,NULL,'App\\Models\\InventoryResult',48,NULL,NULL,'2019-07-17 00:15:18','2019-07-17 00:15:18',NULL,NULL,NULL,NULL,NULL),(510,63,'delete',NULL,NULL,NULL,NULL,NULL,'App\\Models\\InventoryResult',45,NULL,NULL,'2019-07-17 00:15:31','2019-07-17 00:15:31',NULL,NULL,NULL,NULL,NULL),(511,65,'update',NULL,NULL,NULL,NULL,NULL,'App\\Models\\Contract',41,NULL,NULL,'2019-07-17 00:16:03','2019-07-17 00:16:03',NULL,NULL,NULL,NULL,'{\"updated_at\":{\"old\":\"2019-07-17 00:05:47\",\"new\":\"2019-07-17 00:16:03\"},\"user_id\":{\"old\":64,\"new\":65}}'),(512,65,'update',NULL,NULL,NULL,NULL,NULL,'App\\Models\\Contract',39,NULL,NULL,'2019-07-17 00:16:24','2019-07-17 00:16:24',NULL,NULL,NULL,NULL,'{\"notes\":{\"old\":\"\\r\\nNotes\\r\\n\",\"new\":\"Notes\\r\\n\"},\"updated_at\":{\"old\":\"2019-07-16 23:29:53\",\"new\":\"2019-07-17 00:16:24\"},\"user_id\":{\"old\":64,\"new\":65}}'),(513,64,'delete',NULL,NULL,NULL,NULL,NULL,'App\\Models\\Contract',41,NULL,NULL,'2019-07-17 00:25:12','2019-07-17 00:25:12',NULL,NULL,NULL,NULL,NULL),(514,59,'create',NULL,NULL,NULL,NULL,NULL,'App\\Models\\InventoryResult',51,NULL,NULL,'2019-07-17 00:47:00','2019-07-17 00:47:00',NULL,NULL,NULL,NULL,NULL),(515,64,'create',NULL,NULL,NULL,NULL,NULL,'App\\Models\\Inventory',21,NULL,NULL,'2019-07-17 01:38:09','2019-07-17 01:38:09',NULL,NULL,NULL,NULL,NULL),(516,64,'create',NULL,NULL,NULL,NULL,NULL,'App\\Models\\InventoryResult',52,NULL,NULL,'2019-07-17 01:38:33','2019-07-17 01:38:33',NULL,NULL,NULL,NULL,NULL),(517,64,'create',NULL,NULL,NULL,NULL,NULL,'App\\Models\\InventoryResult',53,NULL,NULL,'2019-07-17 01:38:39','2019-07-17 01:38:39',NULL,NULL,NULL,NULL,NULL),(518,64,'delete',NULL,NULL,NULL,NULL,NULL,'App\\Models\\InventoryResult',52,NULL,NULL,'2019-07-17 01:38:47','2019-07-17 01:38:47',NULL,NULL,NULL,NULL,NULL),(519,64,'create',NULL,NULL,NULL,NULL,NULL,'App\\Models\\InventoryResult',54,NULL,NULL,'2019-07-17 01:39:06','2019-07-17 01:39:06',NULL,NULL,NULL,NULL,NULL),(520,64,'create',NULL,NULL,NULL,NULL,NULL,'App\\Models\\InventoryResult',55,NULL,NULL,'2019-07-17 01:39:16','2019-07-17 01:39:16',NULL,NULL,NULL,NULL,NULL),(521,64,'update',NULL,NULL,NULL,NULL,NULL,'App\\Models\\InventoryResult',54,NULL,NULL,'2019-07-17 01:39:27','2019-07-17 01:39:27',NULL,NULL,NULL,NULL,'{\"checked_time\":{\"old\":\"2019-07-17 01:39:06\",\"new\":\"2019-07-17 01:39:27\"},\"updated_at\":{\"old\":\"2019-07-17 01:39:06\",\"new\":\"2019-07-17 01:39:27\"},\"status_id\":{\"old\":4,\"new\":\"3\"}}'),(522,64,'delete',NULL,NULL,NULL,NULL,NULL,'App\\Models\\InventoryResult',54,NULL,NULL,'2019-07-17 01:39:41','2019-07-17 01:39:41',NULL,NULL,NULL,NULL,NULL),(523,64,'create',NULL,NULL,NULL,NULL,NULL,'App\\Models\\InventoryResult',56,NULL,NULL,'2019-07-17 01:39:53','2019-07-17 01:39:53',NULL,NULL,NULL,NULL,NULL),(524,65,'create',NULL,NULL,NULL,NULL,NULL,'App\\Models\\Contract',42,NULL,NULL,'2019-07-17 02:33:44','2019-07-17 02:33:44',NULL,NULL,NULL,NULL,NULL),(525,65,'create',NULL,NULL,NULL,NULL,NULL,'App\\Models\\Contract',43,NULL,NULL,'2019-07-17 02:34:19','2019-07-17 02:34:19',NULL,NULL,NULL,NULL,NULL),(526,65,'create',NULL,NULL,NULL,NULL,NULL,'App\\Models\\Contract',44,NULL,NULL,'2019-07-17 02:36:00','2019-07-17 02:36:00',NULL,NULL,NULL,NULL,NULL),(527,65,'update',NULL,NULL,NULL,NULL,NULL,'App\\Models\\Contract',44,NULL,NULL,'2019-07-17 02:36:33','2019-07-17 02:36:33',NULL,NULL,NULL,NULL,'{\"name\":{\"old\":\"Contract XiaoZhan\",\"new\":\"Contract WangYiB\"},\"updated_at\":{\"old\":\"2019-07-17 02:36:00\",\"new\":\"2019-07-17 02:36:33\"}}'),(528,65,'delete',NULL,NULL,NULL,NULL,NULL,'App\\Models\\Contract',44,NULL,NULL,'2019-07-17 02:37:44','2019-07-17 02:37:44',NULL,NULL,NULL,NULL,NULL),(529,59,'create',NULL,NULL,NULL,NULL,NULL,'App\\Models\\InventoryResult',57,NULL,NULL,'2019-07-17 02:50:51','2019-07-17 02:50:51',NULL,NULL,NULL,NULL,NULL),(530,64,'update',NULL,NULL,NULL,NULL,NULL,'App\\Models\\Contract',39,NULL,NULL,'2019-07-17 02:51:18','2019-07-17 02:51:18',NULL,NULL,NULL,NULL,'{\"updated_at\":{\"old\":\"2019-07-17 00:16:24\",\"new\":\"2019-07-17 02:51:18\"},\"user_id\":{\"old\":65,\"new\":64}}'),(531,59,'update',NULL,NULL,NULL,NULL,NULL,'App\\Models\\InventoryResult',56,NULL,NULL,'2019-07-17 02:52:57','2019-07-17 02:52:57',NULL,NULL,NULL,NULL,'{\"checked_time\":{\"old\":\"2019-07-17 01:39:53\",\"new\":\"2019-07-17 02:52:57\"},\"user_id\":{\"old\":64,\"new\":59},\"updated_at\":{\"old\":\"2019-07-17 01:39:53\",\"new\":\"2019-07-17 02:52:57\"},\"status_id\":{\"old\":5,\"new\":\"1\"}}'),(532,59,'create',NULL,NULL,NULL,NULL,NULL,'App\\Models\\InventoryResult',58,NULL,NULL,'2019-07-17 02:53:17','2019-07-17 02:53:17',NULL,NULL,NULL,NULL,NULL),(533,59,'create',NULL,NULL,NULL,NULL,NULL,'App\\Models\\InventoryResult',59,NULL,NULL,'2019-07-17 02:53:35','2019-07-17 02:53:35',NULL,NULL,NULL,NULL,NULL),(534,59,'update',NULL,NULL,NULL,NULL,NULL,'App\\Models\\InventoryResult',59,NULL,NULL,'2019-07-17 02:53:45','2019-07-17 02:53:45',NULL,NULL,NULL,NULL,'{\"checked_time\":{\"old\":\"2019-07-17 02:53:35\",\"new\":\"2019-07-17 02:53:45\"},\"updated_at\":{\"old\":\"2019-07-17 02:53:35\",\"new\":\"2019-07-17 02:53:45\"},\"status_id\":{\"old\":1,\"new\":\"7\"}}'),(535,64,'create',NULL,NULL,NULL,NULL,NULL,'App\\Models\\Contract',45,NULL,NULL,'2019-07-17 02:56:20','2019-07-17 02:56:20',NULL,NULL,NULL,NULL,NULL),(536,64,'delete',NULL,NULL,NULL,NULL,NULL,'App\\Models\\Contract',45,NULL,NULL,'2019-07-17 02:56:49','2019-07-17 02:56:49',NULL,NULL,NULL,NULL,NULL),(537,59,'create',NULL,NULL,NULL,NULL,NULL,'App\\Models\\Store',14,NULL,NULL,'2019-07-17 03:12:45','2019-07-17 03:12:45',NULL,NULL,5,NULL,NULL),(538,59,'create',NULL,NULL,NULL,NULL,NULL,'App\\Models\\Inventory',22,NULL,NULL,'2019-07-17 03:15:35','2019-07-17 03:15:35',NULL,NULL,NULL,NULL,NULL),(539,65,'create',NULL,NULL,NULL,NULL,NULL,'App\\Models\\InventoryResult',60,NULL,NULL,'2019-07-17 03:28:05','2019-07-17 03:28:05',NULL,NULL,NULL,NULL,NULL),(540,65,'update',NULL,NULL,NULL,NULL,NULL,'App\\Models\\InventoryResult',60,NULL,NULL,'2019-07-17 03:28:18','2019-07-17 03:28:18',NULL,NULL,NULL,NULL,'{\"checked_time\":{\"old\":\"2019-07-17 03:28:05\",\"new\":\"2019-07-17 03:28:18\"},\"updated_at\":{\"old\":\"2019-07-17 03:28:05\",\"new\":\"2019-07-17 03:28:18\"},\"status_id\":{\"old\":2,\"new\":\"1\"}}'),(541,64,'create',NULL,NULL,NULL,NULL,NULL,'App\\Models\\Store',15,NULL,NULL,'2019-07-17 18:18:22','2019-07-17 18:18:22',NULL,NULL,5,NULL,NULL),(542,64,'update',NULL,NULL,NULL,NULL,NULL,'App\\Models\\Store',15,NULL,NULL,'2019-07-17 18:18:34','2019-07-17 18:18:34',NULL,NULL,5,NULL,'{\"location_id\":{\"old\":null,\"new\":\"11\"},\"updated_at\":{\"old\":\"2019-07-17 18:18:22\",\"new\":\"2019-07-17 18:18:34\"}}'),(543,64,'update',NULL,NULL,NULL,NULL,NULL,'App\\Models\\Store',15,NULL,NULL,'2019-07-17 18:19:43','2019-07-17 18:19:43',NULL,NULL,5,NULL,'{\"image\":{\"old\":null,\"new\":\"LtXbE6cElRallssywk8qsDBOE.jpeg\"},\"updated_at\":{\"old\":\"2019-07-17 18:18:34\",\"new\":\"2019-07-17 18:19:43\"}}'),(544,64,'update',NULL,NULL,NULL,NULL,NULL,'App\\Models\\Store',15,NULL,NULL,'2019-07-17 18:19:54','2019-07-17 18:19:54',NULL,NULL,5,NULL,'{\"location_id\":{\"old\":11,\"new\":null},\"updated_at\":{\"old\":\"2019-07-17 18:19:43\",\"new\":\"2019-07-17 18:19:54\"}}'),(545,64,'update',NULL,NULL,NULL,NULL,NULL,'App\\Models\\Store',15,NULL,NULL,'2019-07-17 18:20:07','2019-07-17 18:20:07',NULL,NULL,5,NULL,'{\"location_id\":{\"old\":null,\"new\":\"11\"},\"updated_at\":{\"old\":\"2019-07-17 18:19:54\",\"new\":\"2019-07-17 18:20:07\"}}'),(546,64,'create',NULL,NULL,NULL,NULL,NULL,'App\\Models\\Contract',46,NULL,NULL,'2019-07-17 18:38:32','2019-07-17 18:38:32',NULL,NULL,NULL,NULL,NULL),(547,59,'create',NULL,NULL,NULL,NULL,NULL,'App\\Models\\InventoryResult',61,NULL,NULL,'2019-07-17 18:40:44','2019-07-17 18:40:44',NULL,NULL,NULL,NULL,NULL),(548,64,'create',NULL,NULL,NULL,NULL,NULL,'App\\Models\\Contract',47,NULL,NULL,'2019-07-17 18:41:00','2019-07-17 18:41:00',NULL,NULL,NULL,NULL,NULL),(549,64,'update',NULL,NULL,NULL,NULL,NULL,'App\\Models\\Contract',47,NULL,NULL,'2019-07-17 18:42:31','2019-07-17 18:42:31',NULL,NULL,NULL,NULL,'{\"location_id\":{\"old\":null,\"new\":\"11\"},\"contact_id_1\":{\"old\":null,\"new\":\"62\"},\"contact_id_2\":{\"old\":null,\"new\":\"65\"},\"updated_at\":{\"old\":\"2019-07-17 18:41:00\",\"new\":\"2019-07-17 18:42:31\"}}'),(550,59,'checkout',62,'App\\Models\\User',11,NULL,NULL,'App\\Models\\License',1,NULL,NULL,'2019-07-17 19:42:54','2019-07-17 19:42:54',NULL,NULL,5,NULL,NULL),(551,65,'create',NULL,NULL,NULL,NULL,NULL,'App\\Models\\Asset',1375,NULL,NULL,'2019-07-17 19:48:52','2019-07-17 19:48:52',NULL,NULL,5,NULL,NULL),(552,65,'checkout',64,'App\\Models\\User',NULL,'Checked out on asset creation',NULL,'App\\Models\\Asset',1375,NULL,NULL,'2019-07-17 19:48:52','2019-07-17 19:48:52',NULL,NULL,NULL,NULL,NULL),(553,64,'create',NULL,NULL,NULL,NULL,NULL,'App\\Models\\Inventory',23,NULL,NULL,'2019-07-17 19:52:53','2019-07-17 19:52:53',NULL,NULL,NULL,NULL,NULL),(554,64,'create',NULL,NULL,NULL,NULL,NULL,'App\\Models\\InventoryResult',62,NULL,NULL,'2019-07-17 19:53:35','2019-07-17 19:53:35',NULL,NULL,NULL,NULL,NULL),(555,64,'create',NULL,NULL,NULL,NULL,NULL,'App\\Models\\InventoryResult',63,NULL,NULL,'2019-07-17 19:55:25','2019-07-17 19:55:25',NULL,NULL,NULL,NULL,NULL),(556,64,'update',NULL,NULL,NULL,NULL,NULL,'App\\Models\\Contract',47,NULL,NULL,'2019-07-17 19:57:29','2019-07-17 19:57:29',NULL,NULL,NULL,NULL,'{\"name\":{\"old\":\"Pen\",\"new\":\"Computer\"},\"updated_at\":{\"old\":\"2019-07-17 18:42:31\",\"new\":\"2019-07-17 19:57:29\"}}'),(557,64,'update',NULL,NULL,NULL,NULL,NULL,'App\\Models\\Inventory',23,NULL,NULL,'2019-07-17 19:57:59','2019-07-17 19:57:59',NULL,NULL,NULL,NULL,'{\"inventory_date\":{\"old\":\"2019-07-11\",\"new\":\"2019-07-11 00:00:00\"},\"name\":{\"old\":\"Inventory_Pen\",\"new\":\"Inventory_Computer\"},\"updated_at\":{\"old\":\"2019-07-17 19:52:53\",\"new\":\"2019-07-17 19:57:59\"}}'),(558,64,'create',NULL,NULL,NULL,NULL,NULL,'App\\Models\\Asset',1376,NULL,NULL,'2019-07-17 20:09:43','2019-07-17 20:09:43',NULL,NULL,5,NULL,NULL),(559,64,'update',NULL,NULL,NULL,NULL,NULL,'App\\Models\\Asset',1376,NULL,NULL,'2019-07-17 20:13:53','2019-07-17 20:13:53',NULL,NULL,5,NULL,'{\"name\":{\"old\":null,\"new\":\"CPU\"}}'),(560,64,'create',NULL,NULL,NULL,NULL,NULL,'App\\Models\\Asset',1377,NULL,NULL,'2019-07-17 20:15:12','2019-07-17 20:15:12',NULL,NULL,5,NULL,NULL),(561,64,'update',NULL,NULL,NULL,NULL,NULL,'App\\Models\\Asset',1377,NULL,NULL,'2019-07-17 20:15:34','2019-07-17 20:15:34',NULL,NULL,5,NULL,'{\"name\":{\"old\":null,\"new\":\"Laptop\"}}'),(562,64,'create',NULL,NULL,NULL,NULL,NULL,'App\\Models\\Asset',1378,NULL,NULL,'2019-07-17 20:16:32','2019-07-17 20:16:32',NULL,NULL,5,NULL,NULL),(563,64,'checkout',1376,'App\\Models\\Asset',NULL,'',NULL,'App\\Models\\Asset',1378,NULL,NULL,'2019-07-17 20:18:02','2019-07-17 20:18:02',NULL,NULL,5,NULL,NULL),(564,64,'update',NULL,NULL,NULL,NULL,NULL,'App\\Models\\Asset',1378,NULL,NULL,'2019-07-17 20:18:41','2019-07-17 20:18:41',NULL,NULL,5,NULL,'{\"purchase_cost\":{\"old\":null,\"new\":15},\"warranty_months\":{\"old\":null,\"new\":\"12\"}}'),(565,64,'create',NULL,NULL,NULL,NULL,NULL,'App\\Models\\Asset',1379,NULL,NULL,'2019-07-17 20:22:47','2019-07-17 20:22:47',NULL,NULL,5,NULL,NULL),(566,65,'update',NULL,NULL,NULL,NULL,NULL,'App\\Models\\Asset',1,NULL,NULL,'2019-07-17 20:24:43','2019-07-17 20:24:43',NULL,NULL,NULL,NULL,'{\"asset_tag\":{\"old\":\"1156627037\",\"new\":\"1156627038\"}}'),(567,65,'update',NULL,NULL,NULL,NULL,NULL,'App\\Models\\Asset',1,NULL,NULL,'2019-07-17 20:26:30','2019-07-17 20:26:30',NULL,NULL,NULL,NULL,'{\"asset_tag\":{\"old\":\"1156627038\",\"new\":\"1827163892\"}}'),(568,64,'create',NULL,NULL,NULL,NULL,NULL,'App\\Models\\Asset',1380,NULL,NULL,'2019-07-17 20:26:49','2019-07-17 20:26:49',NULL,NULL,5,NULL,NULL),(569,64,'update',NULL,NULL,NULL,NULL,NULL,'App\\Models\\Asset',1380,NULL,NULL,'2019-07-17 20:28:11','2019-07-17 20:28:11',NULL,NULL,5,NULL,'{\"rtd_location_id\":{\"old\":null,\"new\":\"8\"},\"location_id\":{\"old\":null,\"new\":\"8\"}}'),(570,64,'create',NULL,NULL,NULL,NULL,NULL,'App\\Models\\Asset',1381,NULL,NULL,'2019-07-17 20:30:31','2019-07-17 20:30:31',NULL,NULL,5,NULL,NULL),(571,64,'create',NULL,NULL,NULL,NULL,NULL,'App\\Models\\Asset',1382,NULL,NULL,'2019-07-17 20:32:25','2019-07-17 20:32:25',NULL,NULL,5,NULL,NULL),(572,64,'create',NULL,NULL,NULL,NULL,NULL,'App\\Models\\Asset',1383,NULL,NULL,'2019-07-17 20:34:00','2019-07-17 20:34:00',NULL,NULL,5,NULL,NULL),(573,64,'create',NULL,NULL,NULL,NULL,NULL,'App\\Models\\Asset',1384,NULL,NULL,'2019-07-17 20:34:50','2019-07-17 20:34:50',NULL,NULL,5,NULL,NULL),(574,64,'create',NULL,NULL,NULL,NULL,NULL,'App\\Models\\Asset',1385,NULL,NULL,'2019-07-17 20:36:09','2019-07-17 20:36:09',NULL,NULL,5,NULL,NULL),(575,64,'update',NULL,NULL,NULL,NULL,NULL,'App\\Models\\Asset',1376,NULL,NULL,'2019-07-17 20:43:29','2019-07-17 20:43:29',NULL,NULL,5,NULL,'{\"image\":{\"old\":null,\"new\":\"tsZmLZGTpBDi0gPQzBPUnmtJY.jpeg\"}}'),(576,64,'update',NULL,NULL,NULL,NULL,NULL,'App\\Models\\Asset',1376,NULL,NULL,'2019-07-17 20:45:36','2019-07-17 20:45:36',NULL,NULL,5,NULL,'{\"image\":{\"old\":\"tsZmLZGTpBDi0gPQzBPUnmtJY.jpeg\",\"new\":\"094KHyMIMlAGuQ2FjGrzOkzaF.jpeg\"}}'),(577,64,'update',NULL,NULL,NULL,NULL,NULL,'App\\Models\\Asset',1383,NULL,NULL,'2019-07-17 20:46:09','2019-07-17 20:46:09',NULL,NULL,5,NULL,'{\"image\":{\"old\":null,\"new\":\"vF6QJNJhj5MsSL3anTTXEm5hG.jpeg\"}}'),(578,64,'update',NULL,NULL,NULL,NULL,NULL,'App\\Models\\Asset',1378,NULL,NULL,'2019-07-17 20:46:37','2019-07-17 20:46:37',NULL,NULL,5,NULL,'{\"image\":{\"old\":null,\"new\":\"xD9DJUbs4I0Xk5XKQmcemK6rp.jpeg\"}}'),(579,64,'update',NULL,NULL,NULL,NULL,NULL,'App\\Models\\Asset',1378,NULL,NULL,'2019-07-17 20:46:39','2019-07-17 20:46:39',NULL,NULL,5,NULL,'{\"image\":{\"old\":\"xD9DJUbs4I0Xk5XKQmcemK6rp.jpeg\",\"new\":\"SG4wmNFbKe7feEmCPshjat2B0.jpeg\"}}'),(580,64,'update',NULL,NULL,NULL,NULL,NULL,'App\\Models\\Asset',1382,NULL,NULL,'2019-07-17 20:48:39','2019-07-17 20:48:39',NULL,NULL,5,NULL,'{\"image\":{\"old\":null,\"new\":\"19zJ53gLC4Hf421f7vUqiFnhB.jpeg\"}}'),(581,64,'update',NULL,NULL,NULL,NULL,NULL,'App\\Models\\Asset',1377,NULL,NULL,'2019-07-17 20:50:24','2019-07-17 20:50:24',NULL,NULL,5,NULL,'{\"image\":{\"old\":null,\"new\":\"xMiJxG8Pd0MWlB5Z18dtPVbJK.jpeg\"}}'),(582,64,'update',NULL,NULL,NULL,NULL,NULL,'App\\Models\\Asset',1385,NULL,NULL,'2019-07-17 20:51:18','2019-07-17 20:51:18',NULL,NULL,5,NULL,'{\"image\":{\"old\":null,\"new\":\"WKh2sv2z1CCnCzXZ76FbfK0p0.jpeg\"}}'),(583,64,'update',NULL,NULL,NULL,NULL,NULL,'App\\Models\\Asset',1384,NULL,NULL,'2019-07-17 20:52:25','2019-07-17 20:52:25',NULL,NULL,5,NULL,'{\"image\":{\"old\":null,\"new\":\"IrMCDL6RXK2oSMZdRpaGWAcfM.jpeg\"}}'),(584,64,'update',NULL,NULL,NULL,NULL,NULL,'App\\Models\\Asset',1381,NULL,NULL,'2019-07-17 20:52:58','2019-07-17 20:52:58',NULL,NULL,5,NULL,'{\"image\":{\"old\":null,\"new\":\"hijb6n3DQMpMNVEMp3DOHneF7.jpeg\"}}'),(585,64,'update',NULL,NULL,NULL,NULL,NULL,'App\\Models\\Asset',1379,NULL,NULL,'2019-07-17 20:53:33','2019-07-17 20:53:33',NULL,NULL,5,NULL,'{\"image\":{\"old\":null,\"new\":\"M5NLuBOvI4qQenVDKmwY4oyQN.jpeg\"}}'),(586,64,'update',NULL,NULL,NULL,NULL,NULL,'App\\Models\\Asset',1380,NULL,NULL,'2019-07-17 20:54:04','2019-07-17 20:54:04',NULL,NULL,5,NULL,'{\"image\":{\"old\":null,\"new\":\"ocQc1K7JtPkQX0kDjqj56xPCT.jpeg\"}}'),(587,59,'create',NULL,NULL,NULL,NULL,NULL,'App\\Models\\Inventory',24,NULL,NULL,'2019-07-17 20:56:53','2019-07-17 20:56:53',NULL,NULL,NULL,NULL,NULL),(588,59,'create',NULL,NULL,NULL,NULL,NULL,'App\\Models\\Store',16,NULL,NULL,'2019-07-17 21:07:14','2019-07-17 21:07:14',NULL,NULL,5,NULL,NULL),(589,59,'update',NULL,NULL,NULL,NULL,NULL,'App\\Models\\Store',16,NULL,NULL,'2019-07-17 21:07:47','2019-07-17 21:07:47',NULL,NULL,5,NULL,'{\"image\":{\"old\":\"FPXufnNdZBQR4JD6yZjk4ucT2.jpg\",\"new\":\"Dj5JqXWucNNjr3LvB38A3KWAd.jpg\"},\"updated_at\":{\"old\":\"2019-07-17 21:07:14\",\"new\":\"2019-07-17 21:07:47\"}}'),(590,59,'update',NULL,NULL,NULL,NULL,NULL,'App\\Models\\Store',16,NULL,NULL,'2019-07-17 21:08:59','2019-07-17 21:08:59',NULL,NULL,5,NULL,'{\"image\":{\"old\":\"Dj5JqXWucNNjr3LvB38A3KWAd.jpg\",\"new\":\"8afhcC9XCSKpkOVRSIPK5ofME.jpg\"},\"updated_at\":{\"old\":\"2019-07-17 21:07:47\",\"new\":\"2019-07-17 21:08:59\"}}'),(591,59,'create',NULL,NULL,NULL,NULL,NULL,'App\\Models\\Asset',1386,NULL,NULL,'2019-07-17 21:17:43','2019-07-17 21:17:43',NULL,NULL,5,NULL,NULL),(592,59,'update',NULL,NULL,NULL,NULL,NULL,'App\\Models\\Asset',1386,NULL,NULL,'2019-07-17 21:18:18','2019-07-17 21:18:18',NULL,NULL,5,NULL,'{\"asset_tag\":{\"old\":\"111333001\",\"new\":\"111222501\"}}'),(593,59,'create',NULL,NULL,NULL,NULL,NULL,'App\\Models\\Asset',1387,NULL,NULL,'2019-07-17 21:19:01','2019-07-17 21:19:01',NULL,NULL,5,NULL,NULL),(594,59,'checkout',62,'App\\Models\\User',11,'Checked out on asset creation',NULL,'App\\Models\\Asset',1387,NULL,NULL,'2019-07-17 21:19:01','2019-07-17 21:19:01',NULL,NULL,5,NULL,NULL),(595,59,'create',NULL,NULL,NULL,NULL,NULL,'App\\Models\\Store',17,NULL,NULL,'2019-07-17 21:22:11','2019-07-17 21:22:11',NULL,NULL,6,NULL,NULL),(596,59,'create',NULL,NULL,NULL,NULL,NULL,'App\\Models\\Contract',48,NULL,NULL,'2019-07-17 21:24:07','2019-07-17 21:24:07',NULL,NULL,NULL,NULL,NULL),(597,65,'create',NULL,NULL,NULL,NULL,NULL,'App\\Models\\Contract',49,NULL,NULL,'2019-07-29 00:04:48','2019-07-29 00:04:48',NULL,NULL,NULL,NULL,NULL),(598,65,'update',NULL,NULL,NULL,NULL,NULL,'App\\Models\\Contract',47,NULL,NULL,'2019-07-29 00:05:36','2019-07-29 00:05:36',NULL,NULL,NULL,NULL,'{\"updated_at\":{\"old\":\"2019-07-17 19:57:29\",\"new\":\"2019-07-29 00:05:36\"},\"user_id\":{\"old\":64,\"new\":65},\"object_id\":{\"old\":0,\"new\":\"3\"},\"object_type\":{\"old\":\"\",\"new\":\"App\\\\Models\\\\Store\"}}'),(599,65,'update',NULL,NULL,NULL,NULL,NULL,'App\\Models\\Contract',38,NULL,NULL,'2019-07-29 00:05:55','2019-07-29 00:05:55',NULL,NULL,NULL,NULL,'{\"updated_at\":{\"old\":\"2019-07-16 20:37:53\",\"new\":\"2019-07-29 00:05:55\"},\"object_id\":{\"old\":0,\"new\":\"12\"},\"object_type\":{\"old\":\"\",\"new\":\"App\\\\Models\\\\Department\"}}'),(600,65,'update',NULL,NULL,NULL,NULL,NULL,'App\\Models\\Contract',32,NULL,NULL,'2019-07-29 00:06:24','2019-07-29 00:06:24',NULL,NULL,NULL,NULL,'{\"contact_id_1\":{\"old\":null,\"new\":\"62\"},\"contact_id_2\":{\"old\":null,\"new\":\"7\"},\"end_date\":{\"old\":\"2019-07-22\",\"new\":\"2019-07-31\"},\"billing_date\":{\"old\":\"0000-00-00\",\"new\":\"1900-11-21\"},\"terms_and_conditions\":{\"old\":null,\"new\":\"x\"},\"notes\":{\"old\":null,\"new\":\"x\"},\"updated_at\":{\"old\":\"2019-07-16 19:17:11\",\"new\":\"2019-07-29 00:06:24\"},\"user_id\":{\"old\":59,\"new\":65},\"object_id\":{\"old\":0,\"new\":\"7\"},\"object_type\":{\"old\":\"\",\"new\":\"App\\\\Models\\\\Department\"}}'),(601,65,'update',NULL,NULL,NULL,NULL,NULL,'App\\Models\\Contract',35,NULL,NULL,'2019-07-29 00:06:44','2019-07-29 00:06:44',NULL,NULL,NULL,NULL,'{\"updated_at\":{\"old\":\"2019-07-16 01:53:48\",\"new\":\"2019-07-29 00:06:44\"},\"user_id\":{\"old\":59,\"new\":65},\"object_id\":{\"old\":0,\"new\":\"1\"},\"object_type\":{\"old\":\"\",\"new\":\"App\\\\Models\\\\Company\"}}'),(602,65,'update',NULL,NULL,NULL,NULL,NULL,'App\\Models\\Contract',37,NULL,NULL,'2019-07-29 00:07:07','2019-07-29 00:07:07',NULL,NULL,NULL,NULL,'{\"end_date\":{\"old\":\"2019-08-06\",\"new\":\"2019-08-07\"},\"terms_and_conditions\":{\"old\":\"xsax\",\"new\":\"xsaxasx\"},\"updated_at\":{\"old\":\"2019-07-16 19:19:40\",\"new\":\"2019-07-29 00:07:07\"},\"user_id\":{\"old\":59,\"new\":65},\"object_id\":{\"old\":0,\"new\":\"17\"},\"object_type\":{\"old\":\"\",\"new\":\"App\\\\Models\\\\Store\"}}'),(603,65,'update',NULL,NULL,NULL,NULL,NULL,'App\\Models\\Contract',33,NULL,NULL,'2019-07-29 00:07:36','2019-07-29 00:07:36',NULL,NULL,NULL,NULL,'{\"contact_id_1\":{\"old\":null,\"new\":\"15\"},\"terms_and_conditions\":{\"old\":null,\"new\":\"sa\"},\"notes\":{\"old\":null,\"new\":\"as\"},\"updated_at\":{\"old\":\"2019-07-08 21:39:58\",\"new\":\"2019-07-29 00:07:36\"},\"user_id\":{\"old\":0,\"new\":65},\"object_id\":{\"old\":0,\"new\":\"9\"},\"object_type\":{\"old\":\"\",\"new\":\"App\\\\Models\\\\Department\"}}'),(604,65,'update',NULL,NULL,NULL,NULL,NULL,'App\\Models\\Contract',34,NULL,NULL,'2019-07-29 00:07:58','2019-07-29 00:07:58',NULL,NULL,NULL,NULL,'{\"location_id\":{\"old\":null,\"new\":\"6\"},\"contact_id_1\":{\"old\":null,\"new\":\"7\"},\"contact_id_2\":{\"old\":null,\"new\":\"15\"},\"payment_date\":{\"old\":null,\"new\":\"2019-07-17\"},\"terms_and_conditions\":{\"old\":null,\"new\":\"xsa\"},\"notes\":{\"old\":null,\"new\":\"xasx\"},\"updated_at\":{\"old\":\"2019-07-16 18:51:33\",\"new\":\"2019-07-29 00:07:58\"},\"user_id\":{\"old\":59,\"new\":65},\"object_id\":{\"old\":0,\"new\":\"3\"},\"object_type\":{\"old\":\"\",\"new\":\"App\\\\Models\\\\Store\"}}'),(605,65,'update',NULL,NULL,NULL,NULL,NULL,'App\\Models\\Contract',31,NULL,NULL,'2019-07-29 00:08:13','2019-07-29 00:08:13',NULL,NULL,NULL,NULL,'{\"updated_at\":{\"old\":\"2019-07-08 21:08:43\",\"new\":\"2019-07-29 00:08:13\"},\"user_id\":{\"old\":0,\"new\":65},\"object_id\":{\"old\":0,\"new\":\"7\"},\"object_type\":{\"old\":\"\",\"new\":\"App\\\\Models\\\\Department\"}}'),(606,65,'update',NULL,NULL,NULL,NULL,NULL,'App\\Models\\Contract',42,NULL,NULL,'2019-07-29 00:08:29','2019-07-29 00:08:29',NULL,NULL,NULL,NULL,'{\"updated_at\":{\"old\":\"2019-07-17 02:33:44\",\"new\":\"2019-07-29 00:08:29\"},\"object_id\":{\"old\":0,\"new\":\"6\"},\"object_type\":{\"old\":\"\",\"new\":\"App\\\\Models\\\\Company\"}}'),(607,65,'update',NULL,NULL,NULL,NULL,NULL,'App\\Models\\Contract',43,NULL,NULL,'2019-07-29 00:08:47','2019-07-29 00:08:47',NULL,NULL,NULL,NULL,'{\"end_date\":{\"old\":\"2019-07-28\",\"new\":\"2019-07-30\"},\"terms_and_conditions\":{\"old\":\"asxa\",\"new\":\"xasxasx\"},\"updated_at\":{\"old\":\"2019-07-17 02:34:19\",\"new\":\"2019-07-29 00:08:47\"},\"object_id\":{\"old\":0,\"new\":\"17\"},\"object_type\":{\"old\":\"\",\"new\":\"App\\\\Models\\\\Store\"}}'),(608,65,'update',NULL,NULL,NULL,NULL,NULL,'App\\Models\\Contract',48,NULL,NULL,'2019-07-29 00:09:11','2019-07-29 00:09:11',NULL,NULL,NULL,NULL,'{\"contact_id_1\":{\"old\":null,\"new\":\"28\"},\"contact_id_2\":{\"old\":null,\"new\":\"62\"},\"end_date\":{\"old\":\"2020-07-31\",\"new\":\"2020-08-07\"},\"payment_date\":{\"old\":null,\"new\":\"2019-07-01\"},\"terms_and_conditions\":{\"old\":null,\"new\":\"asx\"},\"notes\":{\"old\":null,\"new\":\"xasxsax\"},\"updated_at\":{\"old\":\"2019-07-17 21:24:07\",\"new\":\"2019-07-29 00:09:11\"},\"user_id\":{\"old\":59,\"new\":65},\"object_id\":{\"old\":0,\"new\":\"1\"},\"object_type\":{\"old\":\"\",\"new\":\"App\\\\Models\\\\Company\"}}'),(609,65,'update',NULL,NULL,NULL,NULL,NULL,'App\\Models\\Contract',39,NULL,NULL,'2019-07-29 00:09:27','2019-07-29 00:09:27',NULL,NULL,NULL,NULL,'{\"updated_at\":{\"old\":\"2019-07-17 02:51:18\",\"new\":\"2019-07-29 00:09:27\"},\"user_id\":{\"old\":64,\"new\":65},\"object_id\":{\"old\":0,\"new\":\"15\"},\"object_type\":{\"old\":\"\",\"new\":\"App\\\\Models\\\\Department\"}}'),(610,65,'update',NULL,NULL,NULL,NULL,NULL,'App\\Models\\Contract',29,NULL,NULL,'2019-07-29 00:09:47','2019-07-29 00:09:47',NULL,NULL,NULL,NULL,'{\"contact_id_2\":{\"old\":null,\"new\":\"28\"},\"updated_at\":{\"old\":\"2019-07-08 02:43:59\",\"new\":\"2019-07-29 00:09:47\"},\"user_id\":{\"old\":0,\"new\":65},\"object_id\":{\"old\":0,\"new\":\"16\"},\"object_type\":{\"old\":\"\",\"new\":\"App\\\\Models\\\\Department\"}}'),(611,65,'update',NULL,NULL,NULL,NULL,NULL,'App\\Models\\Contract',28,NULL,NULL,'2019-07-29 00:10:21','2019-07-29 00:10:21',NULL,NULL,NULL,NULL,'{\"contact_id_1\":{\"old\":null,\"new\":\"28\"},\"contact_id_2\":{\"old\":null,\"new\":\"7\"},\"end_date\":{\"old\":\"2019-07-08\",\"new\":\"2019-09-04\"},\"payment_date\":{\"old\":null,\"new\":\"2019-07-10\"},\"terms_and_conditions\":{\"old\":null,\"new\":\"axasxax\"},\"notes\":{\"old\":null,\"new\":\"axasxax\"},\"updated_at\":{\"old\":\"2019-07-16 18:51:04\",\"new\":\"2019-07-29 00:10:21\"},\"user_id\":{\"old\":59,\"new\":65},\"object_id\":{\"old\":0,\"new\":\"3\"},\"object_type\":{\"old\":\"\",\"new\":\"App\\\\Models\\\\Company\"}}'),(612,65,'update',NULL,NULL,NULL,NULL,NULL,'App\\Models\\Contract',46,NULL,NULL,'2019-07-29 00:10:52','2019-07-29 00:10:52',NULL,NULL,NULL,NULL,'{\"location_id\":{\"old\":null,\"new\":\"10\"},\"contact_id_1\":{\"old\":null,\"new\":\"15\"},\"contact_id_2\":{\"old\":null,\"new\":\"15\"},\"payment_date\":{\"old\":null,\"new\":\"2019-07-16\"},\"terms_and_conditions\":{\"old\":null,\"new\":\"xsasx\"},\"notes\":{\"old\":null,\"new\":\"xasxas\"},\"updated_at\":{\"old\":\"2019-07-17 18:38:32\",\"new\":\"2019-07-29 00:10:52\"},\"user_id\":{\"old\":64,\"new\":65},\"object_id\":{\"old\":0,\"new\":\"17\"},\"object_type\":{\"old\":\"\",\"new\":\"App\\\\Models\\\\Store\"}}'),(613,64,'create',NULL,NULL,NULL,NULL,NULL,'App\\Models\\Inventory',25,NULL,NULL,'2019-07-29 20:46:12','2019-07-29 20:46:12',NULL,NULL,NULL,NULL,NULL),(614,64,'create',NULL,NULL,NULL,NULL,NULL,'App\\Models\\Inventory',26,NULL,NULL,'2019-07-29 20:48:41','2019-07-29 20:48:41',NULL,NULL,NULL,NULL,NULL),(615,64,'create',NULL,NULL,NULL,NULL,NULL,'App\\Models\\Inventory',27,NULL,NULL,'2019-07-29 20:49:08','2019-07-29 20:49:08',NULL,NULL,NULL,NULL,NULL),(616,64,'create',NULL,NULL,NULL,NULL,NULL,'App\\Models\\Inventory',28,NULL,NULL,'2019-07-29 20:49:36','2019-07-29 20:49:36',NULL,NULL,NULL,NULL,NULL),(617,64,'create',NULL,NULL,NULL,NULL,NULL,'App\\Models\\Inventory',29,NULL,NULL,'2019-07-29 20:50:41','2019-07-29 20:50:41',NULL,NULL,NULL,NULL,NULL),(618,64,'create',NULL,NULL,NULL,NULL,NULL,'App\\Models\\Inventory',30,NULL,NULL,'2019-07-29 20:51:21','2019-07-29 20:51:21',NULL,NULL,NULL,NULL,NULL),(619,64,'update',NULL,NULL,NULL,NULL,NULL,'App\\Models\\Inventory',30,NULL,NULL,'2019-07-29 20:51:48','2019-07-29 20:51:48',NULL,NULL,NULL,NULL,'{\"inventory_date\":{\"old\":\"2019-07-04\",\"new\":\"2019-07-04 00:00:00\"},\"updated_at\":{\"old\":\"2019-07-29 20:51:21\",\"new\":\"2019-07-29 20:51:48\"}}'),(620,64,'update',NULL,NULL,NULL,NULL,NULL,'App\\Models\\Inventory',30,NULL,NULL,'2019-07-29 20:52:12','2019-07-29 20:52:12',NULL,NULL,NULL,NULL,'{\"inventory_date\":{\"old\":\"2019-07-04\",\"new\":\"2019-07-04 00:00:00\"},\"updated_at\":{\"old\":\"2019-07-29 20:51:48\",\"new\":\"2019-07-29 20:52:12\"}}'),(621,64,'create',NULL,NULL,NULL,NULL,NULL,'App\\Models\\Inventory',31,NULL,NULL,'2019-07-29 20:52:49','2019-07-29 20:52:49',NULL,NULL,NULL,NULL,NULL),(622,64,'create',NULL,NULL,NULL,NULL,NULL,'App\\Models\\InventoryResult',64,NULL,NULL,'2019-07-29 20:53:09','2019-07-29 20:53:09',NULL,NULL,NULL,NULL,NULL),(623,64,'create',NULL,NULL,NULL,NULL,NULL,'App\\Models\\InventoryResult',65,NULL,NULL,'2019-07-29 20:53:19','2019-07-29 20:53:19',NULL,NULL,NULL,NULL,NULL),(624,64,'create',NULL,NULL,NULL,NULL,NULL,'App\\Models\\InventoryResult',66,NULL,NULL,'2019-07-29 20:53:48','2019-07-29 20:53:48',NULL,NULL,NULL,NULL,NULL),(625,64,'create',NULL,NULL,NULL,NULL,NULL,'App\\Models\\InventoryResult',67,NULL,NULL,'2019-07-29 20:53:55','2019-07-29 20:53:55',NULL,NULL,NULL,NULL,NULL),(626,65,'create',NULL,NULL,NULL,NULL,NULL,'App\\Models\\Contract',50,NULL,NULL,'2019-07-30 02:04:23','2019-07-30 02:04:23',NULL,NULL,NULL,NULL,NULL),(627,64,'create',NULL,NULL,NULL,NULL,NULL,'App\\Models\\Store',18,NULL,NULL,'2019-07-30 02:28:18','2019-07-30 02:28:18',NULL,NULL,5,NULL,NULL),(628,64,'update',NULL,NULL,NULL,NULL,NULL,'App\\Models\\Store',18,NULL,NULL,'2019-07-30 02:30:41','2019-07-30 02:30:41',NULL,NULL,5,NULL,'{\"name\":{\"old\":\"store\",\"new\":\"store Ph\\u1ed5 Quang\"},\"image\":{\"old\":null,\"new\":\"yzKFhkkpDG27e1IxOJdXFPwOb.jpg\"},\"updated_at\":{\"old\":\"2019-07-30 02:28:18\",\"new\":\"2019-07-30 02:30:41\"}}'),(629,64,'create',NULL,NULL,NULL,NULL,NULL,'App\\Models\\Store',19,NULL,NULL,'2019-07-30 02:32:19','2019-07-30 02:32:19',NULL,NULL,5,NULL,NULL),(630,64,'create',NULL,NULL,NULL,NULL,NULL,'App\\Models\\Contract',51,NULL,NULL,'2019-07-30 03:05:22','2019-07-30 03:05:22',NULL,NULL,NULL,NULL,NULL),(631,64,'update',NULL,NULL,NULL,NULL,NULL,'App\\Models\\Contract',51,NULL,NULL,'2019-07-30 03:06:55','2019-07-30 03:06:55',NULL,NULL,NULL,NULL,'{\"location_id\":{\"old\":null,\"new\":\"8\"},\"contact_id_1\":{\"old\":null,\"new\":\"64\"},\"contact_id_2\":{\"old\":null,\"new\":\"62\"},\"payment_date\":{\"old\":null,\"new\":\"2019-07-16\"},\"terms_and_conditions\":{\"old\":null,\"new\":\"Terms and Conditions\"},\"notes\":{\"old\":null,\"new\":\"Notes\"},\"updated_at\":{\"old\":\"2019-07-30 03:05:22\",\"new\":\"2019-07-30 03:06:55\"}}'),(632,64,'update',NULL,NULL,NULL,NULL,NULL,'App\\Models\\Contract',38,NULL,NULL,'2019-07-30 03:13:35','2019-07-30 03:13:35',NULL,NULL,NULL,NULL,'{\"billing_date\":{\"old\":\"2019-07-30\",\"new\":\"2019-07-02\"},\"terms_and_conditions\":{\"old\":\"hihih\",\"new\":\"hihi\"},\"updated_at\":{\"old\":\"2019-07-29 00:05:55\",\"new\":\"2019-07-30 03:13:35\"},\"user_id\":{\"old\":65,\"new\":64},\"object_id\":{\"old\":12,\"new\":\"15\"},\"object_type\":{\"old\":\"App\\\\Models\\\\Department\",\"new\":\"App\\\\Models\\\\Store\"}}'),(633,64,'create',NULL,NULL,NULL,NULL,NULL,'App\\Models\\Contract',52,NULL,NULL,'2019-07-30 03:31:25','2019-07-30 03:31:25',NULL,NULL,NULL,NULL,NULL),(634,64,'create',NULL,NULL,NULL,NULL,NULL,'App\\Models\\Contract',53,NULL,NULL,'2019-07-30 03:32:35','2019-07-30 03:32:35',NULL,NULL,NULL,NULL,NULL),(635,64,'update',NULL,NULL,NULL,NULL,NULL,'App\\Models\\Contract',52,NULL,NULL,'2019-07-30 03:35:53','2019-07-30 03:35:53',NULL,NULL,NULL,NULL,'{\"name\":{\"old\":\"S\\u00e1ch\",\"new\":\"S\\u00e1ch \\u1ebf\"},\"updated_at\":{\"old\":\"2019-07-30 03:31:25\",\"new\":\"2019-07-30 03:35:53\"}}'),(636,64,'create',NULL,NULL,NULL,NULL,NULL,'App\\Models\\Inventory',32,NULL,NULL,'2019-07-30 03:39:42','2019-07-30 03:39:42',NULL,NULL,NULL,NULL,NULL),(637,64,'update',NULL,NULL,NULL,NULL,NULL,'App\\Models\\Inventory',32,NULL,NULL,'2019-07-30 03:40:36','2019-07-30 03:40:36',NULL,NULL,NULL,NULL,'{\"inventory_date\":{\"old\":\"2019-07-03\",\"new\":\"2019-07-03 00:00:00\"},\"notes\":{\"old\":null,\"new\":\"Notes\"},\"updated_at\":{\"old\":\"2019-07-30 03:39:42\",\"new\":\"2019-07-30 03:40:36\"},\"object_type\":{\"old\":\"App\\\\Models\\\\Company\",\"new\":\"App\\\\Models\\\\Store\"},\"object_id\":{\"old\":5,\"new\":\"15\"}}'),(638,64,'create',NULL,NULL,NULL,NULL,NULL,'App\\Models\\InventoryResult',68,NULL,NULL,'2019-07-30 03:44:43','2019-07-30 03:44:43',NULL,NULL,NULL,NULL,NULL),(639,64,'create',NULL,NULL,NULL,NULL,NULL,'App\\Models\\InventoryResult',69,NULL,NULL,'2019-07-30 03:45:59','2019-07-30 03:45:59',NULL,NULL,NULL,NULL,NULL),(640,59,'delete',NULL,NULL,NULL,NULL,NULL,'App\\Models\\InventoryResult',69,NULL,NULL,'2019-07-31 18:06:37','2019-07-31 18:06:37',NULL,NULL,NULL,NULL,NULL),(641,64,'create',NULL,NULL,NULL,NULL,NULL,'App\\Models\\Store',20,NULL,NULL,'2019-07-31 19:02:18','2019-07-31 19:02:18',NULL,NULL,5,NULL,NULL),(642,64,'update',NULL,NULL,NULL,NULL,NULL,'App\\Models\\Store',20,NULL,NULL,'2019-07-31 19:02:57','2019-07-31 19:02:57',NULL,NULL,5,NULL,'{\"location_id\":{\"old\":null,\"new\":\"11\"},\"updated_at\":{\"old\":\"2019-07-31 19:02:18\",\"new\":\"2019-07-31 19:02:57\"}}'),(643,64,'update',NULL,NULL,NULL,NULL,NULL,'App\\Models\\Store',20,NULL,NULL,'2019-07-31 19:03:11','2019-07-31 19:03:11',NULL,NULL,5,NULL,'{\"image\":{\"old\":null,\"new\":\"vg2MHNs0rHllwhehFJs2hnVf4.jpg\"},\"updated_at\":{\"old\":\"2019-07-31 19:02:57\",\"new\":\"2019-07-31 19:03:11\"}}'),(644,64,'create',NULL,NULL,NULL,NULL,NULL,'App\\Models\\Store',21,NULL,NULL,'2019-07-31 19:04:24','2019-07-31 19:04:24',NULL,NULL,4,NULL,NULL),(645,64,'delete',NULL,NULL,NULL,NULL,NULL,'App\\Models\\Store',21,NULL,NULL,'2019-07-31 19:05:04','2019-07-31 19:05:04',NULL,NULL,4,NULL,NULL),(646,65,'create',NULL,NULL,NULL,NULL,NULL,'App\\Models\\Contract',54,NULL,NULL,'2019-07-31 19:44:31','2019-07-31 19:44:31',NULL,NULL,NULL,NULL,NULL),(647,64,'create',NULL,NULL,NULL,NULL,NULL,'App\\Models\\Contract',55,NULL,NULL,'2019-07-31 20:21:35','2019-07-31 20:21:35',NULL,NULL,NULL,NULL,NULL),(648,64,'update',NULL,NULL,NULL,NULL,NULL,'App\\Models\\Contract',55,NULL,NULL,'2019-07-31 20:24:27','2019-07-31 20:24:27',NULL,NULL,NULL,NULL,'{\"updated_at\":{\"old\":\"2019-07-31 20:21:35\",\"new\":\"2019-07-31 20:24:27\"},\"object_type\":{\"old\":\"App\\\\Models\\\\Company\",\"new\":\"App\\\\Models\\\\Department\"}}'),(649,64,'update',NULL,NULL,NULL,NULL,NULL,'App\\Models\\Contract',55,NULL,NULL,'2019-07-31 20:25:45','2019-07-31 20:25:45',NULL,NULL,NULL,NULL,'{\"location_id\":{\"old\":null,\"new\":\"12\"},\"contact_id_1\":{\"old\":null,\"new\":\"64\"},\"contact_id_2\":{\"old\":null,\"new\":\"64\"},\"updated_at\":{\"old\":\"2019-07-31 20:24:27\",\"new\":\"2019-07-31 20:25:45\"}}'),(650,64,'delete',NULL,NULL,NULL,NULL,NULL,'App\\Models\\Contract',55,NULL,NULL,'2019-07-31 20:27:34','2019-07-31 20:27:34',NULL,NULL,NULL,NULL,NULL),(651,64,'create',NULL,NULL,NULL,NULL,NULL,'App\\Models\\Contract',56,NULL,NULL,'2019-07-31 20:31:58','2019-07-31 20:31:58',NULL,NULL,NULL,NULL,NULL),(652,64,'update',NULL,NULL,NULL,NULL,NULL,'App\\Models\\Contract',56,NULL,NULL,'2019-07-31 20:32:04','2019-07-31 20:32:04',NULL,NULL,NULL,NULL,'{\"terms_and_conditions\":{\"old\":\"\\r\\nTerms and Conditions\",\"new\":\"Terms and Conditions\"},\"updated_at\":{\"old\":\"2019-07-31 20:31:58\",\"new\":\"2019-07-31 20:32:04\"}}'),(653,64,'delete',NULL,NULL,NULL,NULL,NULL,'App\\Models\\Contract',56,NULL,NULL,'2019-07-31 20:32:15','2019-07-31 20:32:15',NULL,NULL,NULL,NULL,NULL),(654,64,'create',NULL,NULL,NULL,NULL,NULL,'App\\Models\\Inventory',33,NULL,NULL,'2019-07-31 20:52:00','2019-07-31 20:52:00',NULL,NULL,NULL,NULL,NULL),(655,64,'update',NULL,NULL,NULL,NULL,NULL,'App\\Models\\Inventory',27,NULL,NULL,'2019-07-31 20:52:19','2019-07-31 20:52:19',NULL,NULL,NULL,NULL,'{\"inventory_date\":{\"old\":\"2019-07-03\",\"new\":\"2019-07-03 00:00:00\"},\"updated_at\":{\"old\":\"2019-07-29 20:49:08\",\"new\":\"2019-07-31 20:52:19\"},\"object_type\":{\"old\":\"App\\\\Models\\\\Store\",\"new\":\"App\\\\Models\\\\Company\"},\"object_id\":{\"old\":17,\"new\":\"6\"}}'),(656,64,'update',NULL,NULL,NULL,NULL,NULL,'App\\Models\\Inventory',27,NULL,NULL,'2019-07-31 20:52:34','2019-07-31 20:52:34',NULL,NULL,NULL,NULL,'{\"inventory_date\":{\"old\":\"2019-07-03\",\"new\":\"2019-07-03 00:00:00\"},\"updated_at\":{\"old\":\"2019-07-31 20:52:19\",\"new\":\"2019-07-31 20:52:34\"},\"object_type\":{\"old\":\"App\\\\Models\\\\Company\",\"new\":\"App\\\\Models\\\\Store\"},\"object_id\":{\"old\":6,\"new\":\"17\"}}'),(657,64,'create',NULL,NULL,NULL,NULL,NULL,'App\\Models\\Inventory',34,NULL,NULL,'2019-07-31 20:53:57','2019-07-31 20:53:57',NULL,NULL,NULL,NULL,NULL),(658,64,'create',NULL,NULL,NULL,NULL,NULL,'App\\Models\\InventoryResult',70,NULL,NULL,'2019-07-31 20:58:04','2019-07-31 20:58:04',NULL,NULL,NULL,NULL,NULL),(659,64,'create',NULL,NULL,NULL,NULL,NULL,'App\\Models\\InventoryResult',71,NULL,NULL,'2019-07-31 20:58:45','2019-07-31 20:58:45',NULL,NULL,NULL,NULL,NULL),(660,64,'update',NULL,NULL,NULL,NULL,NULL,'App\\Models\\InventoryResult',71,NULL,NULL,'2019-07-31 20:58:57','2019-07-31 20:58:57',NULL,NULL,NULL,NULL,'{\"checked_time\":{\"old\":\"2019-07-31 20:58:45\",\"new\":\"2019-07-31 20:58:57\"},\"updated_at\":{\"old\":\"2019-07-31 20:58:45\",\"new\":\"2019-07-31 20:58:57\"},\"status_id\":{\"old\":6,\"new\":\"1\"}}'),(661,64,'create',NULL,NULL,NULL,NULL,NULL,'App\\Models\\InventoryResult',72,NULL,NULL,'2019-07-31 20:59:12','2019-07-31 20:59:12',NULL,NULL,NULL,NULL,NULL),(662,64,'delete',NULL,NULL,NULL,NULL,NULL,'App\\Models\\InventoryResult',71,NULL,NULL,'2019-07-31 20:59:31','2019-07-31 20:59:31',NULL,NULL,NULL,NULL,NULL),(663,64,'delete',NULL,NULL,NULL,NULL,NULL,'App\\Models\\InventoryResult',72,NULL,NULL,'2019-07-31 20:59:36','2019-07-31 20:59:36',NULL,NULL,NULL,NULL,NULL),(664,64,'delete',NULL,NULL,NULL,NULL,NULL,'App\\Models\\Inventory',27,NULL,NULL,'2019-07-31 21:00:19','2019-07-31 21:00:19',NULL,NULL,NULL,NULL,NULL),(665,64,'create',NULL,NULL,NULL,NULL,NULL,'App\\Models\\Inventory',35,NULL,NULL,'2019-07-31 21:00:54','2019-07-31 21:00:54',NULL,NULL,NULL,NULL,NULL),(666,64,'update',NULL,NULL,NULL,NULL,NULL,'App\\Models\\Inventory',35,NULL,NULL,'2019-07-31 21:01:22','2019-07-31 21:01:22',NULL,NULL,NULL,NULL,'{\"inventory_date\":{\"old\":\"2019-08-01\",\"new\":\"2019-08-01 00:00:00\"},\"updated_at\":{\"old\":\"2019-07-31 21:00:54\",\"new\":\"2019-07-31 21:01:22\"},\"object_type\":{\"old\":\"App\\\\Models\\\\Store\",\"new\":\"App\\\\Models\\\\Contract\"},\"object_id\":{\"old\":17,\"new\":\"46\"}}'),(667,64,'create',NULL,NULL,NULL,NULL,NULL,'App\\Models\\InventoryResult',73,NULL,NULL,'2019-07-31 21:01:33','2019-07-31 21:01:33',NULL,NULL,NULL,NULL,NULL),(668,64,'create',NULL,NULL,NULL,NULL,NULL,'App\\Models\\InventoryResult',74,NULL,NULL,'2019-07-31 21:01:40','2019-07-31 21:01:40',NULL,NULL,NULL,NULL,NULL),(669,64,'delete',NULL,NULL,NULL,NULL,NULL,'App\\Models\\InventoryResult',74,NULL,NULL,'2019-07-31 21:01:55','2019-07-31 21:01:55',NULL,NULL,NULL,NULL,NULL),(670,64,'delete',NULL,NULL,NULL,NULL,NULL,'App\\Models\\InventoryResult',73,NULL,NULL,'2019-07-31 21:01:59','2019-07-31 21:01:59',NULL,NULL,NULL,NULL,NULL),(671,64,'update',NULL,NULL,NULL,NULL,NULL,'App\\Models\\Inventory',33,NULL,NULL,'2019-07-31 21:40:33','2019-07-31 21:40:33',NULL,NULL,NULL,NULL,'{\"inventory_date\":{\"old\":\"2019-08-01\",\"new\":\"2019-08-01 00:00:00\"},\"name\":{\"old\":\"akeInventory_laptop\",\"new\":\"Inventory_laptop\"},\"updated_at\":{\"old\":\"2019-07-31 20:52:00\",\"new\":\"2019-07-31 21:40:33\"}}'),(672,64,'create',NULL,NULL,NULL,NULL,NULL,'App\\Models\\Inventory',36,NULL,NULL,'2019-07-31 21:45:02','2019-07-31 21:45:02',NULL,NULL,NULL,NULL,NULL),(673,64,'create',NULL,NULL,NULL,NULL,NULL,'App\\Models\\InventoryResult',78,NULL,NULL,'2019-07-31 21:59:59','2019-07-31 21:59:59',NULL,NULL,NULL,NULL,NULL),(674,64,'delete',NULL,NULL,NULL,NULL,NULL,'App\\Models\\InventoryResult',78,NULL,NULL,'2019-07-31 23:27:34','2019-07-31 23:27:34',NULL,NULL,NULL,NULL,NULL),(675,64,'create',NULL,NULL,NULL,NULL,NULL,'App\\Models\\InventoryResult',79,NULL,NULL,'2019-07-31 23:29:43','2019-07-31 23:29:43',NULL,NULL,NULL,NULL,NULL),(676,64,'create',NULL,NULL,NULL,NULL,NULL,'App\\Models\\InventoryResult',80,NULL,NULL,'2019-07-31 23:31:52','2019-07-31 23:31:52',NULL,NULL,NULL,NULL,NULL),(677,64,'delete',NULL,NULL,NULL,NULL,NULL,'App\\Models\\InventoryResult',79,NULL,NULL,'2019-07-31 23:33:36','2019-07-31 23:33:36',NULL,NULL,NULL,NULL,NULL),(678,64,'create',NULL,NULL,NULL,NULL,NULL,'App\\Models\\Inventory',37,NULL,NULL,'2019-07-31 23:40:08','2019-07-31 23:40:08',NULL,NULL,NULL,NULL,NULL),(679,64,'delete',NULL,NULL,NULL,NULL,NULL,'App\\Models\\Inventory',37,NULL,NULL,'2019-07-31 23:40:28','2019-07-31 23:40:28',NULL,NULL,NULL,NULL,NULL),(680,64,'create',NULL,NULL,NULL,NULL,NULL,'App\\Models\\InventoryResult',81,NULL,NULL,'2019-07-31 23:41:01','2019-07-31 23:41:01',NULL,NULL,NULL,NULL,NULL),(681,64,'create',NULL,NULL,NULL,NULL,NULL,'App\\Models\\InventoryResult',82,NULL,NULL,'2019-07-31 23:41:43','2019-07-31 23:41:44',NULL,NULL,NULL,NULL,NULL),(682,59,'create',NULL,NULL,NULL,NULL,NULL,'App\\Models\\InventoryResult',83,NULL,NULL,'2019-08-04 18:17:35','2019-08-04 18:17:35',NULL,NULL,NULL,NULL,NULL),(683,64,'create',NULL,NULL,NULL,NULL,NULL,'App\\Models\\InventoryResult',84,NULL,NULL,'2019-08-04 21:55:03','2019-08-04 21:55:03',NULL,NULL,NULL,NULL,NULL),(684,64,'create',NULL,NULL,NULL,NULL,NULL,'App\\Models\\Inventory',38,NULL,NULL,'2019-08-04 21:59:50','2019-08-04 21:59:50',NULL,NULL,NULL,NULL,NULL),(685,59,'create',NULL,NULL,NULL,NULL,NULL,'App\\Models\\Store',22,NULL,NULL,'2019-08-05 02:41:39','2019-08-05 02:41:39',NULL,NULL,5,NULL,NULL),(686,59,'create',NULL,NULL,NULL,NULL,NULL,'App\\Models\\Contract',57,NULL,NULL,'2019-08-05 03:06:23','2019-08-05 03:06:23',NULL,NULL,NULL,NULL,NULL),(687,59,'create',NULL,NULL,NULL,NULL,NULL,'App\\Models\\Inventory',39,NULL,NULL,'2019-08-05 03:09:47','2019-08-05 03:09:47',NULL,NULL,NULL,NULL,NULL),(688,59,'create',NULL,NULL,NULL,NULL,NULL,'App\\Models\\InventoryResult',85,NULL,NULL,'2019-08-05 03:15:37','2019-08-05 03:15:37',NULL,NULL,NULL,NULL,NULL),(689,59,'create',NULL,NULL,NULL,NULL,NULL,'App\\Models\\InventoryResult',86,NULL,NULL,'2019-08-05 03:15:47','2019-08-05 03:15:47',NULL,NULL,NULL,NULL,NULL),(690,59,'create',NULL,NULL,NULL,NULL,NULL,'App\\Models\\InventoryResult',87,NULL,NULL,'2019-08-05 03:16:48','2019-08-05 03:16:48',NULL,NULL,NULL,NULL,NULL),(691,59,'checkout',62,'App\\Models\\User',11,'',NULL,'App\\Models\\Asset',1376,NULL,NULL,'2019-08-05 03:17:46','2019-08-05 03:17:46',NULL,NULL,5,NULL,NULL),(692,59,'update',NULL,NULL,NULL,NULL,NULL,'App\\Models\\Asset',1376,NULL,NULL,'2019-08-05 03:26:41','2019-08-05 03:26:41',NULL,NULL,5,NULL,'{\"requestable\":{\"old\":0,\"new\":true}}'),(693,NULL,'requested',59,'App\\Models\\User',11,NULL,NULL,'App\\Models\\Asset',1,NULL,NULL,'2019-08-05 03:27:11','2019-08-05 03:27:11',NULL,NULL,NULL,NULL,NULL),(694,NULL,'requested',59,'App\\Models\\User',11,NULL,NULL,'App\\Models\\Asset',3,NULL,NULL,'2019-08-05 03:28:54','2019-08-05 03:28:54',NULL,NULL,NULL,NULL,NULL),(695,NULL,'requested',59,'App\\Models\\User',11,NULL,NULL,'App\\Models\\Asset',1156,NULL,NULL,'2019-08-05 03:29:31','2019-08-05 03:29:31',NULL,NULL,NULL,NULL,NULL),(696,59,'update',NULL,NULL,NULL,NULL,NULL,'App\\Models\\Contract',54,NULL,NULL,'2019-08-05 04:25:18','2019-08-05 04:25:18',NULL,NULL,NULL,NULL,'{\"name\":{\"old\":\"ADR\",\"new\":\"ADR XXX\"},\"updated_at\":{\"old\":\"2019-07-31 19:44:31\",\"new\":\"2019-08-05 04:25:18\"},\"user_id\":{\"old\":65,\"new\":59}}'),(697,59,'update',NULL,NULL,NULL,NULL,NULL,'App\\Models\\Asset',1375,NULL,NULL,'2019-08-06 02:10:34','2019-08-06 02:10:34',NULL,NULL,5,NULL,'{\"rtd_location_id\":{\"old\":null,\"new\":\"11\"}}'),(698,59,'update',NULL,NULL,NULL,NULL,NULL,'App\\Models\\Asset',1375,NULL,NULL,'2019-08-06 02:10:51','2019-08-06 02:10:51',NULL,NULL,5,NULL,'{\"requestable\":{\"old\":0,\"new\":true}}'),(699,59,'update',NULL,NULL,NULL,NULL,NULL,'App\\Models\\Asset',1375,NULL,NULL,'2019-08-06 02:11:03','2019-08-06 02:11:03',NULL,NULL,5,NULL,'{\"rtd_location_id\":{\"old\":11,\"new\":null}}'),(700,59,'update',NULL,NULL,NULL,NULL,NULL,'App\\Models\\Asset',1375,NULL,NULL,'2019-08-06 02:12:56','2019-08-06 02:12:56',NULL,NULL,5,NULL,'{\"company_id\":{\"old\":5,\"new\":\"6\"}}'),(701,59,'create',NULL,NULL,NULL,NULL,NULL,'App\\Models\\Contract',58,NULL,NULL,'2019-08-06 20:07:20','2019-08-06 20:07:20',NULL,NULL,NULL,NULL,NULL),(702,59,'create',NULL,NULL,NULL,NULL,NULL,'App\\Models\\Asset',1388,NULL,NULL,'2019-08-07 20:48:17','2019-08-07 20:48:17',NULL,NULL,NULL,NULL,NULL),(703,59,'create',NULL,NULL,NULL,'Imported using csv importer',NULL,'App\\Models\\Asset',1388,NULL,NULL,'2019-08-07 20:48:17','2019-08-07 20:48:17',NULL,NULL,NULL,NULL,NULL),(704,59,'create',NULL,NULL,NULL,NULL,NULL,'App\\Models\\Asset',1389,NULL,NULL,'2019-08-07 20:49:43','2019-08-07 20:49:43',NULL,NULL,NULL,NULL,NULL),(705,59,'create',NULL,NULL,NULL,'Imported using csv importer',NULL,'App\\Models\\Asset',1389,NULL,NULL,'2019-08-07 20:49:43','2019-08-07 20:49:43',NULL,NULL,NULL,NULL,NULL),(706,59,'create',NULL,NULL,NULL,NULL,NULL,'App\\Models\\Asset',1390,NULL,NULL,'2019-08-07 20:52:25','2019-08-07 20:52:25',NULL,NULL,NULL,NULL,NULL),(707,59,'create',NULL,NULL,NULL,'Imported using csv importer',NULL,'App\\Models\\Asset',1390,NULL,NULL,'2019-08-07 20:52:25','2019-08-07 20:52:25',NULL,NULL,NULL,NULL,NULL),(708,64,'checkin from',3,'App\\Models\\User',NULL,'',NULL,'App\\Models\\Asset',1156,NULL,NULL,'2019-08-08 03:47:52','2019-08-08 03:47:52',NULL,NULL,4,NULL,NULL),(709,59,'delete',NULL,NULL,NULL,NULL,NULL,'App\\Models\\Asset',1390,NULL,NULL,'2019-08-08 04:43:29','2019-08-08 04:43:29',NULL,NULL,NULL,NULL,NULL),(710,64,'restored',NULL,NULL,NULL,NULL,NULL,'App\\Models\\Asset',1390,NULL,NULL,'2019-08-08 18:42:35','2019-08-08 18:42:35',NULL,NULL,NULL,NULL,NULL),(711,64,'delete',NULL,NULL,NULL,NULL,NULL,'App\\Models\\Asset',10,NULL,NULL,'2019-08-08 18:54:58','2019-08-08 18:54:58',NULL,NULL,NULL,NULL,NULL),(712,64,'restored',NULL,NULL,NULL,NULL,NULL,'App\\Models\\Asset',10,NULL,NULL,'2019-08-08 18:57:49','2019-08-08 18:57:49',NULL,NULL,NULL,NULL,NULL),(713,64,'delete',NULL,NULL,NULL,NULL,NULL,'App\\Models\\Asset',13,NULL,NULL,'2019-08-08 18:58:11','2019-08-08 18:58:11',NULL,NULL,NULL,NULL,NULL),(714,59,'delete',NULL,NULL,NULL,NULL,NULL,'App\\Models\\Asset',3,NULL,NULL,'2019-08-08 18:59:25','2019-08-08 18:59:25',NULL,NULL,NULL,NULL,NULL),(715,64,'update',NULL,NULL,NULL,NULL,NULL,'App\\Models\\Inventory',36,NULL,NULL,'2019-08-08 19:27:14','2019-08-08 19:27:14',NULL,NULL,NULL,NULL,'{\"inventory_date\":{\"old\":\"2019-08-20\",\"new\":\"2019-08-20 00:00:00\"},\"updated_at\":{\"old\":\"2019-07-31 21:45:02\",\"new\":\"2019-08-08 19:27:14\"}}'),(716,64,'restored',NULL,NULL,NULL,NULL,NULL,'App\\Models\\Asset',13,NULL,NULL,'2019-08-08 20:21:33','2019-08-08 20:21:33',NULL,NULL,NULL,NULL,NULL),(717,64,'delete',NULL,NULL,NULL,NULL,NULL,'App\\Models\\Asset',9,NULL,NULL,'2019-08-08 20:25:01','2019-08-08 20:25:01',NULL,NULL,NULL,NULL,NULL),(718,64,'audit',NULL,NULL,NULL,NULL,NULL,'App\\Models\\Asset',4,NULL,NULL,'2019-08-08 20:49:35','2019-08-08 20:49:35',NULL,NULL,NULL,NULL,NULL),(719,63,'create',NULL,NULL,NULL,NULL,NULL,'App\\Models\\Inventory',40,NULL,NULL,'2019-08-09 00:01:11','2019-08-09 00:01:11',NULL,NULL,NULL,NULL,NULL),(720,63,'update',NULL,NULL,NULL,NULL,NULL,'App\\Models\\Inventory',40,NULL,NULL,'2019-08-09 00:01:36','2019-08-09 00:01:36',NULL,NULL,NULL,NULL,'{\"inventory_date\":{\"old\":\"2019-08-06\",\"new\":\"2019-08-06 00:00:00\"},\"updated_at\":{\"old\":\"2019-08-09 00:01:11\",\"new\":\"2019-08-09 00:01:36\"},\"object_type\":{\"old\":\"App\\\\Models\\\\Location\",\"new\":\"App\\\\Models\\\\Company\"},\"object_id\":{\"old\":12,\"new\":\"6\"}}'),(721,63,'update',NULL,NULL,NULL,NULL,NULL,'App\\Models\\Inventory',40,NULL,NULL,'2019-08-09 00:01:45','2019-08-09 00:01:45',NULL,NULL,NULL,NULL,'{\"inventory_date\":{\"old\":\"2019-08-06\",\"new\":\"2019-08-06 00:00:00\"},\"updated_at\":{\"old\":\"2019-08-09 00:01:36\",\"new\":\"2019-08-09 00:01:45\"},\"object_type\":{\"old\":\"App\\\\Models\\\\Company\",\"new\":\"App\\\\Models\\\\Location\"},\"object_id\":{\"old\":6,\"new\":\"12\"}}'),(722,63,'update',NULL,NULL,NULL,NULL,NULL,'App\\Models\\Inventory',40,NULL,NULL,'2019-08-09 00:02:09','2019-08-09 00:02:09',NULL,NULL,NULL,NULL,'{\"inventory_date\":{\"old\":\"2019-08-06\",\"new\":\"2019-07-05 00:00:00\"},\"updated_at\":{\"old\":\"2019-08-09 00:01:45\",\"new\":\"2019-08-09 00:02:09\"}}'),(723,63,'update',NULL,NULL,NULL,NULL,NULL,'App\\Models\\Inventory',40,NULL,NULL,'2019-08-09 00:02:38','2019-08-09 00:02:38',NULL,NULL,NULL,NULL,'{\"inventory_date\":{\"old\":\"2019-07-05\",\"new\":\"2019-07-05 00:00:00\"},\"name\":{\"old\":\"Ki\\u1ec3m k\\u00ea l\\u1ea7n 1 b\\u00ecnh d\\u01b0\\u01a1ng \",\"new\":\"Ki\\u1ec3m k\\u00ea l\\u1ea7n 1 wasaco\"},\"updated_at\":{\"old\":\"2019-08-09 00:02:09\",\"new\":\"2019-08-09 00:02:38\"},\"object_id\":{\"old\":12,\"new\":\"11\"}}'),(724,59,'create',NULL,NULL,NULL,NULL,NULL,'App\\Models\\Asset',1391,NULL,NULL,'2019-08-09 00:21:09','2019-08-09 00:21:09',NULL,NULL,5,NULL,NULL),(725,59,'create',NULL,NULL,NULL,NULL,NULL,'App\\Models\\Asset',1392,NULL,NULL,'2019-08-09 00:28:37','2019-08-09 00:28:37',NULL,NULL,5,NULL,NULL),(726,59,'create',NULL,NULL,NULL,NULL,NULL,'App\\Models\\Asset',1393,NULL,NULL,'2019-08-09 00:29:01','2019-08-09 00:29:01',NULL,NULL,5,NULL,NULL),(727,59,'create',NULL,NULL,NULL,NULL,NULL,'App\\Models\\Asset',1394,NULL,NULL,'2019-08-09 00:29:12','2019-08-09 00:29:12',NULL,NULL,5,NULL,NULL),(728,59,'update',NULL,NULL,NULL,NULL,NULL,'App\\Models\\Asset',1394,NULL,NULL,'2019-08-09 00:29:45','2019-08-09 00:29:45',NULL,NULL,5,NULL,'{\"image\":{\"old\":null,\"new\":\"tB3VLKLoJY5J1V1hjtgqm52Wn.jpeg\"}}'),(729,59,'update',NULL,NULL,NULL,NULL,NULL,'App\\Models\\Asset',1391,NULL,NULL,'2019-08-09 00:30:04','2019-08-09 00:30:04',NULL,NULL,5,NULL,'{\"image\":{\"old\":null,\"new\":\"V4WDyIQivpU9Lf2cV74L2CBSg.jpeg\"}}'),(730,59,'create',NULL,NULL,NULL,NULL,NULL,'App\\Models\\Asset',1395,NULL,NULL,'2019-08-09 00:30:46','2019-08-09 00:30:46',NULL,NULL,5,NULL,NULL),(731,59,'create',NULL,NULL,NULL,NULL,NULL,'App\\Models\\Asset',1396,NULL,NULL,'2019-08-09 00:31:15','2019-08-09 00:31:15',NULL,NULL,5,NULL,NULL),(732,59,'create',NULL,NULL,NULL,NULL,NULL,'App\\Models\\Asset',1397,NULL,NULL,'2019-08-09 00:31:42','2019-08-09 00:31:42',NULL,NULL,5,NULL,NULL),(733,59,'create',NULL,NULL,NULL,NULL,NULL,'App\\Models\\Asset',1398,NULL,NULL,'2019-08-09 00:32:07','2019-08-09 00:32:07',NULL,NULL,5,NULL,NULL),(734,59,'create',NULL,NULL,NULL,NULL,NULL,'App\\Models\\Asset',1399,NULL,NULL,'2019-08-09 00:32:21','2019-08-09 00:32:21',NULL,NULL,5,NULL,NULL),(735,59,'create',NULL,NULL,NULL,NULL,NULL,'App\\Models\\Asset',1400,NULL,NULL,'2019-08-09 00:32:36','2019-08-09 00:32:36',NULL,NULL,5,NULL,NULL),(736,59,'update',NULL,NULL,NULL,NULL,NULL,'App\\Models\\Asset',1395,NULL,NULL,'2019-08-09 00:32:51','2019-08-09 00:32:51',NULL,NULL,5,NULL,'{\"image\":{\"old\":null,\"new\":\"5mqUJJdKG1GxovnHA4d8apS2g.jpeg\"}}'),(737,59,'update',NULL,NULL,NULL,NULL,NULL,'App\\Models\\Asset',1396,NULL,NULL,'2019-08-09 00:33:04','2019-08-09 00:33:04',NULL,NULL,5,NULL,'{\"image\":{\"old\":null,\"new\":\"rQj1kfEyaKmGuQPtAGc6TB8NF.jpeg\"}}'),(738,59,'update',NULL,NULL,NULL,NULL,NULL,'App\\Models\\Asset',1400,NULL,NULL,'2019-08-09 00:33:22','2019-08-09 00:33:22',NULL,NULL,5,NULL,'{\"image\":{\"old\":null,\"new\":\"jWQn8gEf8MAwz6MOaVl9WotH1.jpeg\"}}'),(739,59,'create',NULL,NULL,NULL,NULL,NULL,'App\\Models\\Store',23,NULL,NULL,'2019-08-09 01:13:58','2019-08-09 01:13:58',NULL,NULL,7,NULL,NULL),(740,59,'create',NULL,NULL,NULL,NULL,NULL,'App\\Models\\Contract',59,NULL,NULL,'2019-08-09 01:29:52','2019-08-09 01:29:52',NULL,NULL,NULL,NULL,NULL),(741,59,'create',NULL,NULL,NULL,NULL,NULL,'App\\Models\\Inventory',41,NULL,NULL,'2019-08-09 01:34:51','2019-08-09 01:34:51',NULL,NULL,NULL,NULL,NULL),(742,59,'create',NULL,NULL,NULL,NULL,NULL,'App\\Models\\InventoryResult',88,NULL,NULL,'2019-08-09 01:43:34','2019-08-09 01:43:34',NULL,NULL,NULL,NULL,NULL),(743,59,'create',NULL,NULL,NULL,NULL,NULL,'App\\Models\\InventoryResult',89,NULL,NULL,'2019-08-09 01:43:35','2019-08-09 01:43:35',NULL,NULL,NULL,NULL,NULL),(744,59,'create',NULL,NULL,NULL,NULL,NULL,'App\\Models\\InventoryResult',90,NULL,NULL,'2019-08-09 01:43:36','2019-08-09 01:43:36',NULL,NULL,NULL,NULL,NULL),(745,63,'create',NULL,NULL,NULL,NULL,NULL,'App\\Models\\InventoryResult',91,NULL,NULL,'2019-08-11 18:12:22','2019-08-11 18:12:22',NULL,NULL,NULL,NULL,NULL),(746,63,'create',NULL,NULL,NULL,NULL,NULL,'App\\Models\\InventoryResult',92,NULL,NULL,'2019-08-11 18:12:27','2019-08-11 18:12:27',NULL,NULL,NULL,NULL,NULL),(747,63,'create',NULL,NULL,NULL,NULL,NULL,'App\\Models\\InventoryResult',93,NULL,NULL,'2019-08-11 18:12:50','2019-08-11 18:12:50',NULL,NULL,NULL,NULL,NULL),(748,67,'create',NULL,NULL,NULL,NULL,NULL,'App\\Models\\Contract',60,NULL,NULL,'2019-08-11 20:40:33','2019-08-11 20:40:33',NULL,NULL,NULL,NULL,NULL),(749,NULL,'requested',67,'App\\Models\\User',NULL,NULL,NULL,'App\\Models\\Asset',1,NULL,NULL,'2019-08-11 20:43:59','2019-08-11 20:43:59',NULL,NULL,5,NULL,NULL),(750,NULL,'requested',59,'App\\Models\\User',11,NULL,NULL,'App\\Models\\Asset',2,NULL,NULL,'2019-08-11 21:23:54','2019-08-11 21:23:54',NULL,NULL,NULL,NULL,NULL),(751,NULL,'request canceled',59,'App\\Models\\User',11,NULL,NULL,'App\\Models\\Asset',2,NULL,NULL,'2019-08-11 21:23:59','2019-08-11 21:23:59',NULL,NULL,NULL,NULL,NULL),(752,1,'create',NULL,NULL,NULL,NULL,NULL,'App\\Models\\Contract',61,NULL,NULL,'2019-08-12 00:52:16','2019-08-12 00:52:16',NULL,NULL,NULL,NULL,NULL),(753,1,'create',NULL,NULL,NULL,NULL,NULL,'App\\Models\\Asset',1,NULL,NULL,'2019-08-12 01:19:12','2019-08-12 01:19:12',NULL,NULL,6,NULL,NULL),(754,1,'checkout',62,'App\\Models\\User',11,'Checked out on asset creation',NULL,'App\\Models\\Asset',1,NULL,NULL,'2019-08-12 01:19:12','2019-08-12 01:19:12',NULL,NULL,5,NULL,NULL),(755,1,'create',NULL,NULL,NULL,NULL,NULL,'App\\Models\\InventoryResult',94,NULL,NULL,'2019-08-13 21:55:40','2019-08-13 21:55:40',NULL,NULL,NULL,NULL,NULL),(756,1,'create',NULL,NULL,NULL,NULL,NULL,'App\\Models\\InventoryResult',95,NULL,NULL,'2019-08-13 21:56:39','2019-08-13 21:56:39',NULL,NULL,NULL,NULL,NULL),(757,1,'update',NULL,NULL,NULL,NULL,NULL,'App\\Models\\Contract',42,NULL,NULL,'2019-08-18 20:13:13','2019-08-18 20:13:13',NULL,NULL,NULL,NULL,'{\"contact_id_1\":{\"old\":5,\"new\":\"3\"},\"updated_at\":{\"old\":\"2019-07-29 07:08:29\",\"new\":\"2019-08-19 03:13:13\"},\"user_id\":{\"old\":65,\"new\":1}}'),(758,1,'create',NULL,NULL,NULL,NULL,NULL,'App\\Models\\ContractAsset',101,NULL,NULL,'2019-08-18 23:18:51','2019-08-18 23:18:51',NULL,NULL,NULL,NULL,NULL),(759,1,'create',NULL,NULL,NULL,NULL,NULL,'App\\Models\\ContractAsset',102,NULL,NULL,'2019-08-19 00:17:23','2019-08-19 00:17:24',NULL,NULL,NULL,NULL,NULL),(760,1,'create',NULL,NULL,NULL,NULL,NULL,'App\\Models\\ContractAsset',103,NULL,NULL,'2019-08-19 00:17:28','2019-08-19 00:17:28',NULL,NULL,NULL,NULL,NULL),(761,1,'create',NULL,NULL,NULL,NULL,NULL,'App\\Models\\ContractAsset',106,NULL,NULL,'2019-08-19 00:27:31','2019-08-19 00:27:31',NULL,NULL,NULL,NULL,NULL),(762,1,'create',NULL,NULL,NULL,NULL,NULL,'App\\Models\\ContractAsset',107,NULL,NULL,'2019-08-19 00:27:34','2019-08-19 00:27:34',NULL,NULL,NULL,NULL,NULL),(763,1,'create',NULL,NULL,NULL,NULL,NULL,'App\\Models\\ContractAsset',108,NULL,NULL,'2019-08-19 00:27:38','2019-08-19 00:27:38',NULL,NULL,NULL,NULL,NULL),(764,1,'create',NULL,NULL,NULL,NULL,NULL,'App\\Models\\ContractAsset',109,NULL,NULL,'2019-08-19 00:27:47','2019-08-19 00:27:47',NULL,NULL,NULL,NULL,NULL),(765,1,'create',NULL,NULL,NULL,NULL,NULL,'App\\Models\\ContractAsset',110,NULL,NULL,'2019-08-19 00:34:08','2019-08-19 00:34:08',NULL,NULL,NULL,NULL,NULL),(766,1,'create',NULL,NULL,NULL,NULL,NULL,'App\\Models\\ContractAsset',111,NULL,NULL,'2019-08-19 00:54:00','2019-08-19 00:54:01',NULL,NULL,NULL,NULL,NULL),(767,1,'create',NULL,NULL,NULL,NULL,NULL,'App\\Models\\ContractAsset',112,NULL,NULL,'2019-08-19 00:54:11','2019-08-19 00:54:11',NULL,NULL,NULL,NULL,NULL),(768,1,'create',NULL,NULL,NULL,NULL,NULL,'App\\Models\\ContractAsset',113,NULL,NULL,'2019-08-19 01:27:49','2019-08-19 01:27:49',NULL,NULL,NULL,NULL,NULL),(769,1,'create',NULL,NULL,NULL,NULL,NULL,'App\\Models\\ContractAsset',114,NULL,NULL,'2019-08-19 01:29:44','2019-08-19 01:29:44',NULL,NULL,NULL,NULL,NULL),(770,1,'create',NULL,NULL,NULL,NULL,NULL,'App\\Models\\ContractAsset',115,NULL,NULL,'2019-08-19 01:30:41','2019-08-19 01:30:42',NULL,NULL,NULL,NULL,NULL),(771,1,'create',NULL,NULL,NULL,NULL,NULL,'App\\Models\\ContractAsset',116,NULL,NULL,'2019-08-19 01:33:44','2019-08-19 01:33:44',NULL,NULL,NULL,NULL,NULL),(772,1,'create',NULL,NULL,NULL,NULL,NULL,'App\\Models\\ContractAsset',117,NULL,NULL,'2019-08-19 01:37:25','2019-08-19 01:37:25',NULL,NULL,NULL,NULL,NULL),(773,1,'create',NULL,NULL,NULL,NULL,NULL,'App\\Models\\ContractAsset',118,NULL,NULL,'2019-08-19 01:41:03','2019-08-19 01:41:03',NULL,NULL,NULL,NULL,NULL),(774,1,'restored',NULL,NULL,NULL,NULL,NULL,'App\\Models\\Asset',9,NULL,NULL,'2019-08-19 01:52:51','2019-08-19 01:52:51',NULL,NULL,NULL,NULL,NULL),(775,1,'restored',NULL,NULL,NULL,NULL,NULL,'App\\Models\\Asset',9,NULL,NULL,'2019-08-19 01:52:52','2019-08-19 01:52:52',NULL,NULL,NULL,NULL,NULL),(776,1,'create',NULL,NULL,NULL,NULL,NULL,'App\\Models\\ContractAsset',119,NULL,NULL,'2019-08-19 01:56:19','2019-08-19 01:56:19',NULL,NULL,NULL,NULL,NULL),(777,1,'create',NULL,NULL,NULL,NULL,NULL,'App\\Models\\ContractAsset',120,NULL,NULL,'2019-08-19 02:02:01','2019-08-19 02:02:01',NULL,NULL,NULL,NULL,NULL),(778,1,'create',NULL,NULL,NULL,NULL,NULL,'App\\Models\\ContractAsset',121,NULL,NULL,'2019-08-19 02:03:30','2019-08-19 02:03:30',NULL,NULL,NULL,NULL,NULL),(779,1,'create',NULL,NULL,NULL,NULL,NULL,'App\\Models\\ContractAsset',122,NULL,NULL,'2019-08-19 02:28:48','2019-08-19 02:28:48',NULL,NULL,NULL,NULL,NULL),(780,1,'delete',NULL,NULL,NULL,NULL,NULL,'App\\Models\\ContractAsset',42,NULL,NULL,'2019-08-19 02:33:31','2019-08-19 02:33:31',NULL,NULL,NULL,NULL,NULL),(781,1,'create',NULL,NULL,NULL,NULL,NULL,'App\\Models\\ContractAsset',123,NULL,NULL,'2019-08-19 03:03:55','2019-08-19 03:03:55',NULL,NULL,NULL,NULL,NULL),(782,1,'create',NULL,NULL,NULL,NULL,NULL,'App\\Models\\ContractAsset',124,NULL,NULL,'2019-08-19 03:13:43','2019-08-19 03:13:43',NULL,NULL,NULL,NULL,NULL),(783,1,'create',NULL,NULL,NULL,NULL,NULL,'App\\Models\\ContractAsset',125,NULL,NULL,'2019-08-19 03:14:40','2019-08-19 03:14:40',NULL,NULL,NULL,NULL,NULL),(784,1,'create',NULL,NULL,NULL,NULL,NULL,'App\\Models\\ContractAsset',126,NULL,NULL,'2019-08-19 03:15:24','2019-08-19 03:15:24',NULL,NULL,NULL,NULL,NULL),(785,1,'create',NULL,NULL,NULL,NULL,NULL,'App\\Models\\ContractAsset',127,NULL,NULL,'2019-08-19 03:16:07','2019-08-19 03:16:07',NULL,NULL,NULL,NULL,NULL),(786,1,'create',NULL,NULL,NULL,NULL,NULL,'App\\Models\\ContractAsset',128,NULL,NULL,'2019-08-19 03:18:02','2019-08-19 03:18:02',NULL,NULL,NULL,NULL,NULL),(787,1,'create',NULL,NULL,NULL,NULL,NULL,'App\\Models\\ContractAsset',129,NULL,NULL,'2019-08-19 03:18:25','2019-08-19 03:18:25',NULL,NULL,NULL,NULL,NULL),(788,1,'create',NULL,NULL,NULL,NULL,NULL,'App\\Models\\ContractAsset',130,NULL,NULL,'2019-08-19 03:22:56','2019-08-19 03:22:56',NULL,NULL,NULL,NULL,NULL),(789,1,'create',NULL,NULL,NULL,NULL,NULL,'App\\Models\\ContractAsset',131,NULL,NULL,'2019-08-19 18:20:21','2019-08-19 18:20:21',NULL,NULL,NULL,NULL,NULL),(790,1,'create',NULL,NULL,NULL,NULL,NULL,'App\\Models\\ContractAsset',133,NULL,NULL,'2019-08-19 18:48:56','2019-08-19 18:48:56',NULL,NULL,NULL,NULL,NULL),(791,1,'create',NULL,NULL,NULL,NULL,NULL,'App\\Models\\ContractAsset',134,NULL,NULL,'2019-08-19 18:50:12','2019-08-19 18:50:12',NULL,NULL,NULL,NULL,NULL),(792,1,'create',NULL,NULL,NULL,NULL,NULL,'App\\Models\\ContractAsset',135,NULL,NULL,'2019-08-19 18:50:16','2019-08-19 18:50:16',NULL,NULL,NULL,NULL,NULL),(793,1,'create',NULL,NULL,NULL,NULL,NULL,'App\\Models\\ContractAsset',136,NULL,NULL,'2019-08-19 18:50:19','2019-08-19 18:50:19',NULL,NULL,NULL,NULL,NULL),(794,1,'create',NULL,NULL,NULL,NULL,NULL,'App\\Models\\ContractAsset',137,NULL,NULL,'2019-08-19 18:50:25','2019-08-19 18:50:25',NULL,NULL,NULL,NULL,NULL),(795,1,'create',NULL,NULL,NULL,NULL,NULL,'App\\Models\\ContractAsset',138,NULL,NULL,'2019-08-19 19:07:30','2019-08-19 19:07:30',NULL,NULL,NULL,NULL,NULL),(796,1,'create',NULL,NULL,NULL,NULL,NULL,'App\\Models\\ContractAsset',139,NULL,NULL,'2019-08-19 19:07:33','2019-08-19 19:07:33',NULL,NULL,NULL,NULL,NULL),(797,1,'create',NULL,NULL,NULL,NULL,NULL,'App\\Models\\ContractAsset',140,NULL,NULL,'2019-08-19 19:07:36','2019-08-19 19:07:36',NULL,NULL,NULL,NULL,NULL),(798,1,'create',NULL,NULL,NULL,NULL,NULL,'App\\Models\\ContractAsset',141,NULL,NULL,'2019-08-19 20:00:37','2019-08-19 20:00:37',NULL,NULL,NULL,NULL,NULL),(799,1,'create',NULL,NULL,NULL,NULL,NULL,'App\\Models\\ContractAsset',142,NULL,NULL,'2019-08-19 20:00:41','2019-08-19 20:00:41',NULL,NULL,NULL,NULL,NULL),(800,1,'create',NULL,NULL,NULL,NULL,NULL,'App\\Models\\ContractAsset',143,NULL,NULL,'2019-08-19 20:00:46','2019-08-19 20:00:46',NULL,NULL,NULL,NULL,NULL),(801,1,'create',NULL,NULL,NULL,NULL,NULL,'App\\Models\\ContractAsset',144,NULL,NULL,'2019-08-19 20:00:49','2019-08-19 20:00:49',NULL,NULL,NULL,NULL,NULL),(802,1,'create',NULL,NULL,NULL,NULL,NULL,'App\\Models\\ContractAsset',145,NULL,NULL,'2019-08-19 20:00:57','2019-08-19 20:00:57',NULL,NULL,NULL,NULL,NULL),(803,1,'create',NULL,NULL,NULL,NULL,NULL,'App\\Models\\ContractAsset',146,NULL,NULL,'2019-08-19 20:01:27','2019-08-19 20:01:27',NULL,NULL,NULL,NULL,NULL),(804,1,'create',NULL,NULL,NULL,NULL,NULL,'App\\Models\\ContractAsset',147,NULL,NULL,'2019-08-19 20:01:36','2019-08-19 20:01:36',NULL,NULL,NULL,NULL,NULL),(805,1,'create',NULL,NULL,NULL,NULL,NULL,'App\\Models\\ContractAsset',148,NULL,NULL,'2019-08-19 20:15:25','2019-08-19 20:15:25',NULL,NULL,NULL,NULL,NULL),(806,1,'create',NULL,NULL,NULL,NULL,NULL,'App\\Models\\ContractAsset',149,NULL,NULL,'2019-08-19 20:15:28','2019-08-19 20:15:28',NULL,NULL,NULL,NULL,NULL),(807,1,'create',NULL,NULL,NULL,NULL,NULL,'App\\Models\\ContractAsset',150,NULL,NULL,'2019-08-19 20:16:52','2019-08-19 20:16:52',NULL,NULL,NULL,NULL,NULL),(808,1,'create',NULL,NULL,NULL,NULL,NULL,'App\\Models\\ContractAsset',151,NULL,NULL,'2019-08-19 20:51:28','2019-08-19 20:51:28',NULL,NULL,NULL,NULL,NULL),(809,1,'delete',NULL,NULL,NULL,NULL,NULL,'App\\Models\\ContractAsset',151,NULL,NULL,'2019-08-19 20:52:25','2019-08-19 20:52:25',NULL,NULL,NULL,NULL,NULL),(810,1,'create',NULL,NULL,NULL,NULL,NULL,'App\\Models\\ContractAsset',152,NULL,NULL,'2019-08-19 20:55:20','2019-08-19 20:55:20',NULL,NULL,NULL,NULL,NULL),(811,1,'delete',NULL,NULL,NULL,NULL,NULL,'App\\Models\\ContractAsset',152,NULL,NULL,'2019-08-19 20:55:27','2019-08-19 20:55:27',NULL,NULL,NULL,NULL,NULL);
/*!40000 ALTER TABLE `action_logs` ENABLE KEYS */;
UNLOCK TABLES;

--
-- Table structure for table `asset_logs`
--

DROP TABLE IF EXISTS `asset_logs`;
/*!40101 SET @saved_cs_client     = @@character_set_client */;
/*!40101 SET character_set_client = utf8 */;
CREATE TABLE `asset_logs` (
  `id` int(10) unsigned NOT NULL AUTO_INCREMENT,
  `user_id` int(11) DEFAULT NULL,
  `action_type` varchar(191) COLLATE utf8mb4_unicode_ci NOT NULL,
  `asset_id` int(11) NOT NULL,
  `checkedout_to` int(11) DEFAULT NULL,
  `location_id` int(11) DEFAULT NULL,
  `created_at` timestamp NULL DEFAULT NULL,
  `updated_at` timestamp NULL DEFAULT NULL,
  `deleted_at` timestamp NULL DEFAULT NULL,
  `asset_type` varchar(100) COLLATE utf8mb4_unicode_ci DEFAULT NULL,
  `note` text COLLATE utf8mb4_unicode_ci,
  `filename` text COLLATE utf8mb4_unicode_ci,
  `requested_at` datetime DEFAULT NULL,
  `accepted_at` datetime DEFAULT NULL,
  `accessory_id` int(11) DEFAULT NULL,
  `accepted_id` int(11) DEFAULT NULL,
  `consumable_id` int(11) DEFAULT NULL,
  `expected_checkin` date DEFAULT NULL,
  `component_id` int(11) DEFAULT NULL,
  PRIMARY KEY (`id`)
) ENGINE=InnoDB DEFAULT CHARSET=utf8mb4 COLLATE=utf8mb4_unicode_ci;
/*!40101 SET character_set_client = @saved_cs_client */;

--
-- Dumping data for table `asset_logs`
--

LOCK TABLES `asset_logs` WRITE;
/*!40000 ALTER TABLE `asset_logs` DISABLE KEYS */;
/*!40000 ALTER TABLE `asset_logs` ENABLE KEYS */;
UNLOCK TABLES;

--
-- Table structure for table `asset_maintenances`
--

DROP TABLE IF EXISTS `asset_maintenances`;
/*!40101 SET @saved_cs_client     = @@character_set_client */;
/*!40101 SET character_set_client = utf8 */;
CREATE TABLE `asset_maintenances` (
  `id` int(10) unsigned NOT NULL AUTO_INCREMENT,
  `asset_id` int(10) unsigned NOT NULL,
  `supplier_id` int(10) unsigned NOT NULL,
  `asset_maintenance_type` varchar(191) COLLATE utf8mb4_unicode_ci NOT NULL,
  `title` varchar(100) COLLATE utf8mb4_unicode_ci NOT NULL,
  `is_warranty` tinyint(1) NOT NULL,
  `start_date` date NOT NULL,
  `completion_date` date DEFAULT NULL,
  `asset_maintenance_time` int(11) DEFAULT NULL,
  `notes` longtext COLLATE utf8mb4_unicode_ci,
  `cost` decimal(20,2) DEFAULT NULL,
  `deleted_at` datetime DEFAULT NULL,
  `created_at` timestamp NULL DEFAULT NULL,
  `updated_at` timestamp NULL DEFAULT NULL,
  `user_id` int(11) DEFAULT NULL,
  PRIMARY KEY (`id`)
) ENGINE=InnoDB AUTO_INCREMENT=2 DEFAULT CHARSET=utf8mb4 COLLATE=utf8mb4_unicode_ci;
/*!40101 SET character_set_client = @saved_cs_client */;

--
-- Dumping data for table `asset_maintenances`
--

LOCK TABLES `asset_maintenances` WRITE;
/*!40000 ALTER TABLE `asset_maintenances` DISABLE KEYS */;
INSERT INTO `asset_maintenances` VALUES (1,1,5,'Repair','Title',0,'2019-08-01',NULL,NULL,NULL,NULL,NULL,'2019-08-08 20:52:55','2019-08-08 20:53:35',64);
/*!40000 ALTER TABLE `asset_maintenances` ENABLE KEYS */;
UNLOCK TABLES;

--
-- Table structure for table `asset_uploads`
--

DROP TABLE IF EXISTS `asset_uploads`;
/*!40101 SET @saved_cs_client     = @@character_set_client */;
/*!40101 SET character_set_client = utf8 */;
CREATE TABLE `asset_uploads` (
  `id` int(10) unsigned NOT NULL AUTO_INCREMENT,
  `user_id` int(11) DEFAULT NULL,
  `filename` varchar(191) COLLATE utf8mb4_unicode_ci NOT NULL,
  `asset_id` int(11) NOT NULL,
  `filenotes` varchar(191) COLLATE utf8mb4_unicode_ci DEFAULT NULL,
  `created_at` timestamp NULL DEFAULT NULL,
  `updated_at` timestamp NULL DEFAULT NULL,
  `deleted_at` timestamp NULL DEFAULT NULL,
  PRIMARY KEY (`id`)
) ENGINE=InnoDB DEFAULT CHARSET=utf8mb4 COLLATE=utf8mb4_unicode_ci;
/*!40101 SET character_set_client = @saved_cs_client */;

--
-- Dumping data for table `asset_uploads`
--

LOCK TABLES `asset_uploads` WRITE;
/*!40000 ALTER TABLE `asset_uploads` DISABLE KEYS */;
/*!40000 ALTER TABLE `asset_uploads` ENABLE KEYS */;
UNLOCK TABLES;

--
-- Table structure for table `assets`
--

DROP TABLE IF EXISTS `assets`;
/*!40101 SET @saved_cs_client     = @@character_set_client */;
/*!40101 SET character_set_client = utf8 */;
CREATE TABLE `assets` (
  `id` int(10) unsigned NOT NULL AUTO_INCREMENT,
  `name` varchar(191) COLLATE utf8mb4_unicode_ci DEFAULT NULL,
  `asset_tag` varchar(191) COLLATE utf8mb4_unicode_ci DEFAULT NULL,
  `model_id` int(11) DEFAULT NULL,
  `serial` varchar(191) COLLATE utf8mb4_unicode_ci DEFAULT NULL,
  `purchase_date` date DEFAULT NULL,
  `purchase_cost` decimal(20,2) DEFAULT NULL,
  `order_number` varchar(191) COLLATE utf8mb4_unicode_ci DEFAULT NULL,
  `assigned_to` int(11) DEFAULT NULL,
  `notes` text COLLATE utf8mb4_unicode_ci,
  `image` text COLLATE utf8mb4_unicode_ci,
  `user_id` int(11) DEFAULT NULL,
  `created_at` timestamp NULL DEFAULT NULL,
  `updated_at` timestamp NULL DEFAULT NULL,
  `physical` tinyint(1) NOT NULL DEFAULT '1',
  `deleted_at` timestamp NULL DEFAULT NULL,
  `status_id` int(11) DEFAULT NULL,
  `archived` tinyint(1) DEFAULT '0',
  `warranty_months` int(11) DEFAULT NULL,
  `depreciate` tinyint(1) DEFAULT NULL,
  `supplier_id` int(11) DEFAULT NULL,
  `requestable` tinyint(4) NOT NULL DEFAULT '0',
  `rtd_location_id` int(11) DEFAULT NULL,
  `_snipeit_mac_address_1` varchar(191) COLLATE utf8mb4_unicode_ci DEFAULT NULL,
  `accepted` varchar(191) COLLATE utf8mb4_unicode_ci DEFAULT NULL,
  `last_checkout` datetime DEFAULT NULL,
  `expected_checkin` date DEFAULT NULL,
  `company_id` int(10) unsigned DEFAULT NULL,
  `assigned_type` varchar(191) COLLATE utf8mb4_unicode_ci DEFAULT NULL,
  `last_audit_date` datetime DEFAULT NULL,
  `next_audit_date` date DEFAULT NULL,
  `location_id` int(11) DEFAULT NULL,
  `checkin_counter` int(11) NOT NULL DEFAULT '0',
  `checkout_counter` int(11) NOT NULL DEFAULT '0',
  `requests_counter` int(11) NOT NULL DEFAULT '0',
  PRIMARY KEY (`id`),
  KEY `assets_rtd_location_id_index` (`rtd_location_id`),
  KEY `assets_assigned_type_assigned_to_index` (`assigned_type`,`assigned_to`),
  KEY `assets_created_at_index` (`created_at`),
  KEY `assets_deleted_at_status_id_index` (`deleted_at`,`status_id`),
  KEY `assets_deleted_at_model_id_index` (`deleted_at`,`model_id`),
  KEY `assets_deleted_at_assigned_type_assigned_to_index` (`deleted_at`,`assigned_type`,`assigned_to`),
  KEY `assets_deleted_at_supplier_id_index` (`deleted_at`,`supplier_id`),
  KEY `assets_deleted_at_location_id_index` (`deleted_at`,`location_id`),
  KEY `assets_deleted_at_rtd_location_id_index` (`deleted_at`,`rtd_location_id`),
  KEY `assets_deleted_at_asset_tag_index` (`deleted_at`,`asset_tag`),
  KEY `assets_deleted_at_name_index` (`deleted_at`,`name`)
) ENGINE=InnoDB AUTO_INCREMENT=71 DEFAULT CHARSET=utf8mb4 COLLATE=utf8mb4_unicode_ci;
/*!40101 SET character_set_client = @saved_cs_client */;

--
-- Dumping data for table `assets`
--

LOCK TABLES `assets` WRITE;
/*!40000 ALTER TABLE `assets` DISABLE KEYS */;
INSERT INTO `assets` VALUES (1,'Macbook Vinx ','1827163892',1,'3a9fd0a2-a2ce-3f66-a329-32467f3fc9a3','2018-12-11',96.69,'41124360',59,'Created by DB seeder','3aAgIgwEuR0xidcjfSieeiz1p.jpeg',1,'2019-06-10 18:52:41','2019-08-11 17:09:40',1,NULL,1,0,NULL,NULL,4,1,11,NULL,'pending','2019-07-01 00:00:00','2019-07-31',NULL,'App\\Models\\User',NULL,NULL,11,0,1,2),(2,'Lap VVC','556266896',1,'20b47bbe-1ccb-32ff-9ba7-198c376ed74c','2019-03-21',153.15,'27324472',59,'ahihi do ngoc',NULL,1,'2019-06-10 18:52:41','2019-08-11 17:09:40',1,NULL,1,0,36,NULL,1,1,5,NULL,'pending','2019-07-01 00:00:00','2019-07-31',NULL,'App\\Models\\User',NULL,NULL,11,0,1,0),(3,NULL,'1318237042',1,'045626c4-5cf8-39b3-b9f7-5ac80dd4f139','2019-01-15',2379.63,'3846871',NULL,'Created by DB seeder',NULL,1,'2019-06-10 18:52:41','2019-08-08 11:59:25',1,'2019-08-08 11:59:25',1,0,NULL,NULL,1,1,3,NULL,NULL,'2019-07-05 01:58:34',NULL,NULL,'App\\Models\\Asset',NULL,NULL,11,0,1,1),(4,NULL,'234142360',1,'59f22d59-b7f8-3c5b-a4bf-0d23b593bb8b','2018-09-12',2835.99,'18455373',9,'Created by DB seeder',NULL,1,'2019-06-10 18:52:41','2019-08-08 13:49:35',1,NULL,1,0,NULL,NULL,1,1,7,NULL,NULL,NULL,NULL,NULL,'App\\Models\\Location','2019-08-08 08:49:35','2020-08-08',9,0,0,0),(5,NULL,'261297886',1,'a1267b02-48dd-3c58-9762-0649307efa09','2019-02-22',1195.57,'42921750',11,'Created by DB seeder',NULL,1,'2019-06-10 18:52:41','2019-07-10 13:48:03',1,NULL,1,0,NULL,NULL,1,1,3,NULL,NULL,'2019-07-01 00:00:00','2019-07-31',NULL,'App\\Models\\Location',NULL,NULL,11,0,1,0),(6,NULL,'730143066',1,'e572a7ad-224a-3a76-9772-2da0478c5f57','2019-01-02',2720.29,'29811130',3,'Created by DB seeder',NULL,1,'2019-06-10 18:52:41','2019-06-10 18:53:10',1,NULL,1,0,NULL,NULL,1,1,9,NULL,NULL,NULL,NULL,NULL,'App\\Models\\Location',NULL,NULL,3,0,0,0),(7,NULL,'1326758311',1,'8a7e4014-f9d7-3ee6-ae56-c691c5becfd4','2018-09-13',1302.64,'48569786',NULL,'Created by DB seeder',NULL,1,'2019-06-10 18:52:41','2019-07-16 13:16:35',1,'2019-07-16 13:16:35',1,0,NULL,NULL,1,0,3,NULL,NULL,NULL,NULL,NULL,NULL,NULL,NULL,3,0,0,0),(8,NULL,'394818905',1,'a189334f-40ab-3aa2-8a27-3cd6617ad6cd','2019-03-06',2454.08,'31744210',NULL,'Created by DB seeder',NULL,1,'2019-06-10 18:52:41','2019-06-10 18:53:07',1,NULL,1,0,NULL,NULL,1,0,1,NULL,NULL,NULL,NULL,NULL,NULL,NULL,NULL,1,0,0,0),(9,NULL,'964396994',1,'0b96d5e0-2858-34ff-a75d-1eb6dcad05c8','2018-10-16',779.38,'14138519',NULL,'Created by DB seeder',NULL,1,'2019-06-10 18:52:41','2019-08-19 01:52:51',1,NULL,1,0,NULL,NULL,1,1,3,NULL,NULL,NULL,NULL,NULL,'App\\Models\\User',NULL,NULL,2,0,0,0),(10,NULL,'677939381',1,'2b2db81e-e63c-32c3-bcaa-a48268cb88ce','2019-02-16',613.03,'34458006',NULL,'Created by DB seeder',NULL,1,'2019-06-10 18:52:41','2019-08-08 11:57:49',1,NULL,1,0,NULL,NULL,1,1,9,NULL,NULL,NULL,NULL,NULL,NULL,NULL,NULL,9,0,0,0),(11,NULL,'71575827',1,'0b015fc1-a693-3bb4-b781-99346124de2c','2018-08-30',1660.87,'10210399',NULL,'Created by DB seeder',NULL,1,'2019-06-10 18:52:41','2019-06-10 18:53:07',1,NULL,1,0,NULL,NULL,1,1,1,NULL,NULL,NULL,NULL,NULL,NULL,NULL,NULL,1,0,0,0),(12,NULL,'1463368670',1,'56c65688-6dc1-39a1-915f-4ba82ca64147','2018-07-10',2556.07,'21551407',NULL,'Created by DB seeder',NULL,1,'2019-06-10 18:52:41','2019-06-10 18:53:07',1,NULL,1,0,NULL,NULL,1,1,3,NULL,NULL,NULL,NULL,NULL,NULL,NULL,NULL,3,0,0,0),(13,NULL,'1247144547',1,'448ad87b-e8b8-3623-b118-4ca333d2e422','2018-08-12',443.52,'20479133',NULL,'Created by DB seeder',NULL,1,'2019-06-10 18:52:41','2019-08-08 13:21:33',1,NULL,1,0,NULL,NULL,1,0,6,NULL,NULL,NULL,NULL,NULL,NULL,NULL,NULL,3,0,0,0),(14,NULL,'1356697159',1,'d707519e-664d-3c59-8d17-c265fc9d2a06','2018-12-15',865.25,'6245113',NULL,'Created by DB seeder',NULL,1,'2019-06-10 18:52:41','2019-06-10 18:53:07',1,NULL,1,0,NULL,NULL,1,1,6,NULL,NULL,NULL,NULL,NULL,NULL,NULL,NULL,6,0,0,0),(15,NULL,'1549906665',1,'05c7464b-e51e-39fe-93d9-bd17247660b5','2019-01-27',2958.75,'27817793',NULL,'Created by DB seeder',NULL,1,'2019-06-10 18:52:41','2019-06-10 18:53:07',1,NULL,1,0,NULL,NULL,1,0,4,NULL,NULL,NULL,NULL,NULL,NULL,NULL,NULL,4,0,0,0),(16,NULL,'9635466',1,'9b0f4d41-2f29-3f1b-a9b6-ce0d2cf7479a','2019-03-23',893.92,'38510338',NULL,'Created by DB seeder',NULL,1,'2019-06-10 18:52:41','2019-06-10 18:53:07',1,NULL,1,0,NULL,NULL,1,0,9,NULL,NULL,NULL,NULL,NULL,NULL,NULL,NULL,9,0,0,0),(17,NULL,'899390185',1,'086e966d-3a53-3cea-8005-b256c91cc2cc','2018-09-21',2437.49,'47660124',NULL,'Created by DB seeder',NULL,1,'2019-06-10 18:52:41','2019-06-10 18:53:07',1,NULL,1,0,NULL,NULL,1,1,6,NULL,NULL,NULL,NULL,NULL,NULL,NULL,NULL,6,0,0,0),(18,NULL,'771956871',1,'c7fe720e-1345-3f00-8799-1bc63aaba97a','2018-07-18',449.78,'39063321',NULL,'Created by DB seeder',NULL,1,'2019-06-10 18:52:41','2019-06-10 18:53:07',1,NULL,1,0,NULL,NULL,1,1,5,NULL,NULL,NULL,NULL,NULL,NULL,NULL,NULL,5,0,0,0),(19,NULL,'336214568',1,'77e7692a-0e01-37ee-a3ff-925298884d11','2019-02-21',2708.21,'34333436',NULL,'Created by DB seeder',NULL,1,'2019-06-10 18:52:41','2019-06-10 18:53:07',1,NULL,1,0,NULL,NULL,1,0,4,NULL,NULL,NULL,NULL,NULL,NULL,NULL,NULL,4,0,0,0),(20,NULL,'366851560',1,'38d86a18-425d-3c3c-a8f4-37d91ad6d919','2018-08-26',1001.96,'45309971',NULL,'Created by DB seeder',NULL,1,'2019-06-10 18:52:41','2019-06-10 18:53:07',1,NULL,1,0,NULL,NULL,1,1,2,NULL,NULL,NULL,NULL,NULL,NULL,NULL,NULL,2,0,0,0),(21,NULL,'1364448645',1,'3d474d07-e6a4-36ac-a0e5-2c6104d484e7','2019-03-11',1702.09,'9257288',3,'Created by DB seeder',NULL,1,'2019-06-10 18:52:41','2019-06-10 18:53:09',1,NULL,1,0,NULL,NULL,1,1,8,NULL,NULL,NULL,NULL,NULL,'App\\Models\\User',NULL,NULL,1,0,0,0),(22,NULL,'1514490738',1,'e1e5d5a4-cef8-359a-92e4-e0e6812bc46b','2019-03-21',1471.99,'15993582',8,'Created by DB seeder',NULL,1,'2019-06-10 18:52:41','2019-06-10 18:53:10',1,NULL,1,0,NULL,NULL,1,0,9,NULL,NULL,NULL,NULL,NULL,'App\\Models\\Location',NULL,NULL,8,0,0,0),(23,NULL,'1098470969',1,'a4a278ba-96d2-381c-86a8-16a24ef453cf','2018-07-01',904.66,'9335220',NULL,'Created by DB seeder',NULL,1,'2019-06-10 18:52:41','2019-06-10 18:53:07',1,NULL,1,0,NULL,NULL,1,0,1,NULL,NULL,NULL,NULL,NULL,NULL,NULL,NULL,1,0,0,0),(24,NULL,'563103659',1,'f6fb4db4-9457-3230-bead-ef80b9ff084f','2019-06-10',2965.38,'34593907',NULL,'Created by DB seeder',NULL,1,'2019-06-10 18:52:41','2019-06-10 18:53:07',1,NULL,1,0,NULL,NULL,1,0,6,NULL,NULL,NULL,NULL,NULL,NULL,NULL,NULL,6,0,0,0),(25,NULL,'632509790',1,'921541d8-5228-3acd-9e24-b19b4dd40630','2019-03-13',2134.75,'22450551',NULL,'Created by DB seeder',NULL,1,'2019-06-10 18:52:41','2019-06-10 18:53:07',1,NULL,1,0,NULL,NULL,1,0,6,NULL,NULL,NULL,NULL,NULL,NULL,NULL,NULL,6,0,0,0),(26,NULL,'4663205',1,'2341c2e3-2c6b-3ac4-8211-cde015cca8f8','2019-02-28',2147.32,'5355463',NULL,'Created by DB seeder',NULL,1,'2019-06-10 18:52:41','2019-06-10 18:53:07',1,NULL,1,0,NULL,NULL,1,1,9,NULL,NULL,NULL,NULL,NULL,NULL,NULL,NULL,9,0,0,0),(27,NULL,'899495486',1,'0b045a51-1c0c-37aa-a825-256de47bfd31','2018-07-26',2289.12,'39176180',NULL,'Created by DB seeder',NULL,1,'2019-06-10 18:52:41','2019-06-10 18:53:07',1,NULL,1,0,NULL,NULL,1,0,1,NULL,NULL,NULL,NULL,NULL,NULL,NULL,NULL,1,0,0,0),(28,NULL,'1032595035',1,'3599106f-2068-3060-82cf-2437acddb3b2','2018-11-25',2287.01,'4843409',NULL,'Created by DB seeder',NULL,1,'2019-06-10 18:52:41','2019-06-10 18:53:07',1,NULL,1,0,NULL,NULL,1,0,3,NULL,NULL,NULL,NULL,NULL,NULL,NULL,NULL,3,0,0,0),(29,NULL,'78443820',1,'33a1f1e7-ec99-338f-9ad5-9da87455607e','2019-01-02',1083.82,'10154110',NULL,'Created by DB seeder',NULL,1,'2019-06-10 18:52:41','2019-06-10 18:53:07',1,NULL,1,0,NULL,NULL,1,0,9,NULL,NULL,NULL,NULL,NULL,NULL,NULL,NULL,9,0,0,0),(30,NULL,'1283127629',1,'63e1916d-9145-3df8-9d8e-1e555a0776bd','2018-12-31',946.40,'19953386',1,'Created by DB seeder',NULL,1,'2019-06-10 18:52:41','2019-06-10 18:53:09',1,NULL,1,0,NULL,NULL,1,1,4,NULL,NULL,NULL,NULL,NULL,'App\\Models\\User',NULL,NULL,1,0,0,0),(31,NULL,'1507507890',1,'b4ea1b66-bdf2-3d56-b5ce-16bf57c539b5','2018-11-28',1374.11,'42316403',4,'Created by DB seeder',NULL,1,'2019-06-10 18:52:41','2019-06-10 18:53:10',1,NULL,1,0,NULL,NULL,1,0,4,NULL,NULL,NULL,NULL,NULL,'App\\Models\\User',NULL,NULL,2,0,0,0),(32,NULL,'1486487135',1,'65cf1893-3bd5-3b87-87a9-ddabe3108794','2018-12-29',1833.37,'20745530',NULL,'Created by DB seeder',NULL,1,'2019-06-10 18:52:41','2019-06-10 18:53:07',1,NULL,1,0,NULL,NULL,1,0,9,NULL,NULL,NULL,NULL,NULL,NULL,NULL,NULL,9,0,0,0),(33,NULL,'1437588431',1,'5e656a47-5d30-351c-86dc-189f27ddffdf','2018-10-27',2325.91,'24407670',NULL,'Created by DB seeder',NULL,1,'2019-06-10 18:52:41','2019-06-10 18:53:07',1,NULL,1,0,NULL,NULL,1,1,8,NULL,NULL,NULL,NULL,NULL,NULL,NULL,NULL,8,0,0,0),(34,NULL,'108384605',1,'02d700e0-e1d4-3e48-94bb-f6a9940eebca','2018-10-15',582.62,'41924675',1,'Created by DB seeder',NULL,1,'2019-06-10 18:52:41','2019-06-10 18:53:09',1,NULL,1,0,NULL,NULL,1,1,6,NULL,NULL,NULL,NULL,NULL,'App\\Models\\User',NULL,NULL,1,0,0,0),(35,NULL,'993016743',1,'511a04d9-9d65-399b-b28f-e2b3ea3e43b7','2018-10-28',2191.97,'4611989',NULL,'Created by DB seeder',NULL,1,'2019-06-10 18:52:42','2019-06-10 18:53:07',1,NULL,1,0,NULL,NULL,1,0,5,NULL,NULL,NULL,NULL,NULL,NULL,NULL,NULL,5,0,0,0),(36,NULL,'1095154289',1,'2c6e13e9-ccb4-3c86-90dd-3fd25740be75','2018-11-25',325.51,'14856418',2,'Created by DB seeder',NULL,1,'2019-06-10 18:52:42','2019-06-10 18:53:09',1,NULL,1,0,NULL,NULL,1,0,10,NULL,NULL,NULL,NULL,NULL,'App\\Models\\User',NULL,NULL,4,0,0,0),(37,NULL,'27953678',1,'91c1733f-ca64-3d90-a200-e697f4ef8404','2018-06-13',1390.39,'40344911',NULL,'Created by DB seeder',NULL,1,'2019-06-10 18:52:42','2019-06-10 18:53:07',1,NULL,1,0,NULL,NULL,1,0,5,NULL,NULL,NULL,NULL,NULL,NULL,NULL,NULL,5,0,0,0),(38,NULL,'1446404115',1,'d32a8c26-e493-3509-b290-2146dddfcd9b','2018-12-23',528.17,'4948518',NULL,'Created by DB seeder',NULL,1,'2019-06-10 18:52:42','2019-06-10 18:53:07',1,NULL,1,0,NULL,NULL,1,1,8,NULL,NULL,NULL,NULL,NULL,NULL,NULL,NULL,8,0,0,0),(39,NULL,'249495628',1,'c58229e8-d20c-3fa4-819f-6dd5c968da5c','2019-06-03',626.84,'26565312',NULL,'Created by DB seeder',NULL,1,'2019-06-10 18:52:42','2019-06-10 18:53:07',1,NULL,1,0,NULL,NULL,1,1,1,NULL,NULL,NULL,NULL,NULL,NULL,NULL,NULL,1,0,0,0),(40,NULL,'27350435',1,'d4fc6f6e-6fff-3ca0-becc-94410a30bc36','2018-12-27',2022.95,'14808299',NULL,'Created by DB seeder',NULL,1,'2019-06-10 18:52:42','2019-06-10 18:53:07',1,NULL,1,0,NULL,NULL,1,1,7,NULL,NULL,NULL,NULL,NULL,NULL,NULL,NULL,7,0,0,0),(41,NULL,'383067427',1,'1b054e19-6aa5-3828-853e-0927b19be8e5','2019-02-02',1642.68,'15028257',NULL,'Created by DB seeder',NULL,1,'2019-06-10 18:52:42','2019-06-10 18:53:07',1,NULL,1,0,NULL,NULL,1,0,6,NULL,NULL,NULL,NULL,NULL,NULL,NULL,NULL,6,0,0,0),(42,NULL,'370186335',1,'5838af94-cfcd-3b42-9fad-16424a84c032','2018-09-16',2773.61,'32158573',NULL,'Created by DB seeder',NULL,1,'2019-06-10 18:52:42','2019-06-10 18:53:07',1,NULL,1,0,NULL,NULL,1,1,1,NULL,NULL,NULL,NULL,NULL,NULL,NULL,NULL,1,0,0,0),(43,NULL,'1296523131',1,'1db10d6a-bfd6-3bee-a061-f577672ed04d','2019-03-20',1459.19,'20979473',NULL,'Created by DB seeder',NULL,1,'2019-06-10 18:52:42','2019-06-10 18:53:07',1,NULL,1,0,NULL,NULL,1,1,9,NULL,NULL,NULL,NULL,NULL,NULL,NULL,NULL,9,0,0,0),(44,NULL,'909160000',1,'85906239-6b4a-37d0-8039-ea9e1c538d3c','2018-11-21',1246.30,'16595478',NULL,'Created by DB seeder',NULL,1,'2019-06-10 18:52:42','2019-06-10 18:53:07',1,NULL,1,0,NULL,NULL,1,1,1,NULL,NULL,NULL,NULL,NULL,NULL,NULL,NULL,1,0,0,0),(45,NULL,'563971007',1,'fdc07634-3665-3f25-83c8-c853c4579cbe','2018-08-11',1002.67,'10980216',NULL,'Created by DB seeder',NULL,1,'2019-06-10 18:52:42','2019-06-10 18:53:07',1,NULL,1,0,NULL,NULL,1,0,6,NULL,NULL,NULL,NULL,NULL,NULL,NULL,NULL,6,0,0,0),(46,NULL,'768102327',1,'ecd3abb0-4e01-3d45-97ea-6fa5c45d3838','2018-11-06',1891.16,'15436708',NULL,'Created by DB seeder',NULL,1,'2019-06-10 18:52:42','2019-06-10 18:53:07',1,NULL,1,0,NULL,NULL,1,0,3,NULL,NULL,NULL,NULL,NULL,NULL,NULL,NULL,3,0,0,0),(47,NULL,'1144830363',1,'9b6bb520-13be-3636-950a-0d41ed1d3ff3','2019-04-17',350.83,'14446114',NULL,'Created by DB seeder',NULL,1,'2019-06-10 18:52:42','2019-06-10 18:53:07',1,NULL,1,0,NULL,NULL,1,0,10,NULL,NULL,NULL,NULL,NULL,NULL,NULL,NULL,10,0,0,0),(48,NULL,'833353572',1,'1a712554-34b9-3b05-9df2-93a418c78d9f','2018-10-31',1026.25,'12331205',5,'Created by DB seeder',NULL,1,'2019-06-10 18:52:42','2019-06-10 18:53:10',1,NULL,1,0,NULL,NULL,1,0,1,NULL,NULL,NULL,NULL,NULL,'App\\Models\\User',NULL,NULL,4,0,0,0),(49,NULL,'718127326',1,'6728f948-600c-3917-813c-3253a0357ae8','2019-02-16',1391.26,'22767172',NULL,'Created by DB seeder',NULL,1,'2019-06-10 18:52:42','2019-06-10 18:53:07',1,NULL,1,0,NULL,NULL,1,1,8,NULL,NULL,NULL,NULL,NULL,NULL,NULL,NULL,8,0,0,0),(50,NULL,'227668061',1,'c6654fb4-6538-3a22-b154-8ffc8f6c27cf','2018-11-18',2292.54,'38677440',NULL,'Created by DB seeder',NULL,1,'2019-06-10 18:52:42','2019-06-10 18:53:07',1,NULL,1,0,NULL,NULL,1,0,4,NULL,NULL,NULL,NULL,NULL,NULL,NULL,NULL,4,0,0,0),(51,NULL,'1489814411',1,'b1fe2648-fdf7-37da-b330-70887837c902','2018-09-14',2972.32,'35812343',NULL,'Created by DB seeder',NULL,1,'2019-06-10 18:52:42','2019-06-10 18:53:07',1,NULL,1,0,NULL,NULL,1,1,3,NULL,NULL,NULL,NULL,NULL,NULL,NULL,NULL,3,0,0,0),(52,NULL,'950064566',1,'cf0c784b-1d22-3f38-b3e0-ff312336a9e9','2019-01-04',953.87,'12696096',NULL,'Created by DB seeder',NULL,1,'2019-06-10 18:52:42','2019-06-10 18:53:07',1,NULL,1,0,NULL,NULL,1,0,5,NULL,NULL,NULL,NULL,NULL,NULL,NULL,NULL,5,0,0,0),(53,NULL,'788411533',1,'4d3a05b2-ba25-3bcf-a4dc-f5db8978e277','2018-07-22',2676.66,'33285759',NULL,'Created by DB seeder',NULL,1,'2019-06-10 18:52:42','2019-06-10 18:53:07',1,NULL,1,0,NULL,NULL,1,1,2,NULL,NULL,NULL,NULL,NULL,NULL,NULL,NULL,2,0,0,0),(54,NULL,'337683437',1,'aad3b024-a9e8-3187-bbf7-f04db765272a','2018-10-07',855.11,'41096631',NULL,'Created by DB seeder',NULL,1,'2019-06-10 18:52:42','2019-06-10 18:53:07',1,NULL,1,0,NULL,NULL,1,1,4,NULL,NULL,NULL,NULL,NULL,NULL,NULL,NULL,4,0,0,0),(55,NULL,'252354194',1,'9cdeb173-83c1-3378-84a4-834d9c2b710a','2018-06-27',2510.19,'33955960',NULL,'Created by DB seeder',NULL,1,'2019-06-10 18:52:42','2019-06-10 18:53:07',1,NULL,1,0,NULL,NULL,1,0,10,NULL,NULL,NULL,NULL,NULL,NULL,NULL,NULL,10,0,0,0),(56,NULL,'692771839',1,'38c35e2f-33d3-3883-88d5-3f3bbf6c0910','2018-06-18',2871.22,'21237793',NULL,'Created by DB seeder',NULL,1,'2019-06-10 18:52:42','2019-06-10 18:53:07',1,NULL,1,0,NULL,NULL,1,1,8,NULL,NULL,NULL,NULL,NULL,NULL,NULL,NULL,8,0,0,0),(57,NULL,'674934663',1,'8bfb96b2-e463-3306-97f7-21b96a8b87a4','2019-05-17',1399.36,'47040256',2,'Created by DB seeder',NULL,1,'2019-06-10 18:52:42','2019-06-10 18:53:09',1,NULL,1,0,NULL,NULL,1,1,3,NULL,NULL,NULL,NULL,NULL,'App\\Models\\User',NULL,NULL,4,0,0,0),(58,NULL,'287806198',1,'5af6fe64-fa33-3476-97ff-fc3cb9223c11','2018-06-23',2691.08,'15991908',NULL,'Created by DB seeder',NULL,1,'2019-06-10 18:52:42','2019-06-10 18:53:07',1,NULL,1,0,NULL,NULL,1,1,10,NULL,NULL,NULL,NULL,NULL,NULL,NULL,NULL,10,0,0,0),(59,NULL,'193172003',1,'88076abc-be2d-3ac9-be64-d88b1ded6063','2019-02-04',895.72,'1477760',9,'Created by DB seeder',NULL,1,'2019-06-10 18:52:42','2019-06-10 18:53:10',1,NULL,1,0,NULL,NULL,1,0,10,NULL,NULL,NULL,NULL,NULL,'App\\Models\\Location',NULL,NULL,9,0,0,0),(60,NULL,'1342211398',1,'7d513755-062c-3285-b6e0-cda095da1869','2018-11-15',2309.84,'37089010',4,'Created by DB seeder',NULL,1,'2019-06-10 18:52:42','2019-06-10 18:53:10',1,NULL,1,0,NULL,NULL,1,0,2,NULL,NULL,NULL,NULL,NULL,'App\\Models\\User',NULL,NULL,2,0,0,0),(61,NULL,'1000911231',1,'c593e763-8c5e-3414-b7f4-d26ebaf14e72','2019-04-27',1155.72,'42699831',NULL,'Created by DB seeder',NULL,1,'2019-06-10 18:52:42','2019-06-10 18:53:07',1,NULL,1,0,NULL,NULL,1,0,4,NULL,NULL,NULL,NULL,NULL,NULL,NULL,NULL,4,0,0,0),(62,NULL,'1016260195',1,'b61cc13b-e127-3f4d-a9d1-964f9790fc2a','2019-04-03',1658.61,'18382126',NULL,'Created by DB seeder',NULL,1,'2019-06-10 18:52:42','2019-06-10 18:53:07',1,NULL,1,0,NULL,NULL,1,0,3,NULL,NULL,NULL,NULL,NULL,NULL,NULL,NULL,3,0,0,0),(63,NULL,'1213684712',1,'40d9b724-750a-354a-a63f-06772b3e7586','2019-01-17',1531.73,'6019651',4,'Created by DB seeder',NULL,1,'2019-06-10 18:52:42','2019-06-10 18:53:10',1,NULL,1,0,NULL,NULL,1,1,10,NULL,NULL,NULL,NULL,NULL,'App\\Models\\User',NULL,NULL,2,0,0,0),(64,NULL,'807584890',1,'bc753b42-3ccf-3430-8c12-e2d6bdfd2b80','2019-02-18',2865.96,'15747234',3,'Created by DB seeder',NULL,1,'2019-06-10 18:52:42','2019-06-10 18:53:10',1,NULL,1,0,NULL,NULL,1,0,1,NULL,NULL,NULL,NULL,NULL,'App\\Models\\Location',NULL,NULL,3,0,0,0),(65,NULL,'984979233',1,'05be77a1-bf05-37f3-adfd-a103215ccc24','2018-07-25',2121.75,'31601741',NULL,'Created by DB seeder',NULL,1,'2019-06-10 18:52:42','2019-06-10 18:53:07',1,NULL,1,0,NULL,NULL,1,0,8,NULL,NULL,NULL,NULL,NULL,NULL,NULL,NULL,8,0,0,0),(66,NULL,'398329444',1,'fdbf21fb-d33f-3024-936d-22fcb7005f4f','2019-03-26',2271.20,'22905959',NULL,'Created by DB seeder',NULL,1,'2019-06-10 18:52:42','2019-06-10 18:53:07',1,NULL,1,0,NULL,NULL,1,1,5,NULL,NULL,NULL,NULL,NULL,NULL,NULL,NULL,5,0,0,0),(67,NULL,'416780409',1,'6bc6e7d5-7eea-3cfe-a75c-23efc69054c2','2019-02-16',2621.43,'42251790',NULL,'Created by DB seeder',NULL,1,'2019-06-10 18:52:42','2019-06-10 18:53:07',1,NULL,1,0,NULL,NULL,1,0,1,NULL,NULL,NULL,NULL,NULL,NULL,NULL,NULL,1,0,0,0),(68,NULL,'1401508894',1,'0795e661-3a6a-3cfc-9ae8-d325cd5c46ed','2018-12-22',1927.35,'26900999',NULL,'Created by DB seeder',NULL,1,'2019-06-10 18:52:42','2019-06-10 18:53:07',1,NULL,1,0,NULL,NULL,1,1,3,NULL,NULL,NULL,NULL,NULL,NULL,NULL,NULL,3,0,0,0),(69,NULL,'1408033373',1,'c9b9edd3-faa5-3356-a1f9-f4a481e3cad6','2019-04-22',2209.60,'31914067',NULL,'Created by DB seeder',NULL,1,'2019-06-10 18:52:42','2019-06-10 18:53:07',1,NULL,1,0,NULL,NULL,1,1,3,NULL,NULL,NULL,NULL,NULL,NULL,NULL,NULL,3,0,0,0),(70,NULL,'332778327',1,'5251cf4d-99d1-3d8d-9c44-1a761da8ed31','2019-03-22',375.64,'22231429',NULL,'Created by DB seeder',NULL,1,'2019-06-10 18:52:42','2019-06-10 18:53:07',1,NULL,1,0,NULL,NULL,1,1,2,NULL,NULL,NULL,NULL,NULL,NULL,NULL,NULL,2,0,0,0);
/*!40000 ALTER TABLE `assets` ENABLE KEYS */;
UNLOCK TABLES;

--
-- Table structure for table `categories`
--

DROP TABLE IF EXISTS `categories`;
/*!40101 SET @saved_cs_client     = @@character_set_client */;
/*!40101 SET character_set_client = utf8 */;
CREATE TABLE `categories` (
  `id` int(10) unsigned NOT NULL AUTO_INCREMENT,
  `name` varchar(191) COLLATE utf8mb4_unicode_ci NOT NULL,
  `created_at` timestamp NULL DEFAULT NULL,
  `updated_at` timestamp NULL DEFAULT NULL,
  `user_id` int(11) DEFAULT NULL,
  `deleted_at` timestamp NULL DEFAULT NULL,
  `eula_text` longtext COLLATE utf8mb4_unicode_ci,
  `use_default_eula` tinyint(1) NOT NULL DEFAULT '0',
  `require_acceptance` tinyint(1) NOT NULL DEFAULT '0',
  `category_type` varchar(191) COLLATE utf8mb4_unicode_ci DEFAULT 'asset',
  `checkin_email` tinyint(1) NOT NULL DEFAULT '0',
  `image` varchar(191) COLLATE utf8mb4_unicode_ci DEFAULT NULL,
  PRIMARY KEY (`id`)
) ENGINE=InnoDB AUTO_INCREMENT=16 DEFAULT CHARSET=utf8mb4 COLLATE=utf8mb4_unicode_ci;
/*!40101 SET character_set_client = @saved_cs_client */;

--
-- Dumping data for table `categories`
--

LOCK TABLES `categories` WRITE;
/*!40000 ALTER TABLE `categories` DISABLE KEYS */;
INSERT INTO `categories` VALUES (1,'Laptops','2019-08-11 23:55:57','2019-08-11 23:55:57',1,NULL,'Dignissimos cumque at voluptatibus nobis neque. Exercitationem illo beatae dolorum incidunt et asperiores quia. Nihil repudiandae aliquam a. Voluptatem natus itaque est placeat nesciunt dolor.',1,1,'asset',0,NULL),(2,'Desktops','2019-08-11 23:55:57','2019-08-11 23:55:57',1,NULL,'Quia quas aliquid asperiores autem. Rerum facere doloribus ipsam doloribus aut. Maxime debitis placeat dolor porro maiores atque nobis. Rerum placeat beatae recusandae quis adipisci.',1,0,'asset',1,NULL),(3,'Tablets','2019-08-11 23:55:57','2019-08-11 23:55:57',1,NULL,'Harum dolore minus est enim inventore. Est nemo atque quidem qui dolorem assumenda. Voluptates non sunt dolorem alias. Suscipit vel qui odio voluptatibus.',1,0,'asset',1,NULL),(4,'Mobile Phones','2019-08-11 23:55:57','2019-08-11 23:55:57',1,NULL,'Ratione quod animi beatae. Debitis aperiam et et esse velit odit. Accusamus et consequatur eaque facere est.',1,0,'asset',1,NULL),(5,'Displays','2019-08-11 23:55:57','2019-08-11 23:55:57',1,NULL,'Tempore nostrum libero optio sunt molestiae commodi. Et culpa modi minima velit nemo.',1,0,'asset',1,NULL),(6,'VOIP Phones','2019-08-11 23:55:57','2019-08-11 23:55:57',1,NULL,'Ipsa cumque blanditiis dolore possimus ut. Dolores doloribus exercitationem enim et sapiente aut autem. Quo sint nemo aut sit molestiae qui consequatur. Sed autem tenetur nihil voluptate voluptates dolorem.',0,0,'asset',0,NULL),(7,'Conference Phones','2019-08-11 23:55:57','2019-08-11 23:55:57',1,NULL,'Rerum qui consequuntur aliquam sint minus est repellendus. Qui rem deserunt perferendis vel accusamus officia rem. Quibusdam odit ullam natus repellendus odit saepe vitae.',0,0,'asset',1,NULL),(8,'Keyboards','2019-08-11 23:55:58','2019-08-11 23:55:58',1,NULL,'Distinctio rem ut in earum consequuntur magni. Eos perspiciatis eveniet voluptatem ut. Quasi doloribus dignissimos nesciunt non voluptatum fugiat illo. Sunt debitis excepturi alias occaecati ratione reiciendis sunt.',0,0,'accessory',0,NULL),(9,'Mouse','2019-08-11 23:55:58','2019-08-11 23:55:58',1,NULL,'Totam voluptas quo et libero et. Ut et non et laborum dolor nesciunt aperiam nesciunt. Modi et asperiores voluptatem.',1,0,'accessory',0,NULL),(10,'Printer Paper','2019-08-11 23:55:59','2019-08-11 23:55:59',1,NULL,'Et impedit cumque atque consequatur nobis aut autem. Est et et autem inventore et ut culpa. Eos est soluta quam sint molestias.',0,0,'consumable',1,NULL),(11,'Printer Ink','2019-08-11 23:55:59','2019-08-11 23:55:59',1,NULL,'Deserunt consequatur dolores eligendi doloremque sint voluptas. Aperiam aut debitis ullam expedita esse porro eos. Quas porro est distinctio id.',0,0,'consumable',0,NULL),(12,'HDD/SSD','2019-08-11 23:56:00','2019-08-11 23:56:00',1,NULL,'Totam est et vel sed rem inventore perferendis. Modi incidunt rerum iure facere.',0,0,'component',0,NULL),(13,'RAM','2019-08-11 23:56:01','2019-08-11 23:56:01',1,NULL,'Quisquam ut alias illum aut. Voluptatem et dolore ea. Asperiores sequi quibusdam id.',1,0,'component',0,NULL),(14,'Graphics Software','2019-08-11 23:56:01','2019-08-11 23:56:01',1,NULL,'Explicabo vitae in provident occaecati est a nostrum. Aut ipsum aliquid eaque rem mollitia animi. Sit ipsa et quia.',1,0,'license',0,NULL),(15,'Office Software','2019-08-11 23:56:02','2019-08-11 23:56:02',1,NULL,'Quia quam blanditiis saepe omnis. Quibusdam et sed praesentium et alias sed quia aut. Incidunt amet est earum laborum molestiae voluptates voluptatem.',0,0,'license',0,NULL);
/*!40000 ALTER TABLE `categories` ENABLE KEYS */;
UNLOCK TABLES;

--
-- Table structure for table `checkout_requests`
--

DROP TABLE IF EXISTS `checkout_requests`;
/*!40101 SET @saved_cs_client     = @@character_set_client */;
/*!40101 SET character_set_client = utf8 */;
CREATE TABLE `checkout_requests` (
  `id` int(10) unsigned NOT NULL AUTO_INCREMENT,
  `user_id` int(11) NOT NULL,
  `requestable_id` int(11) NOT NULL,
  `requestable_type` varchar(191) COLLATE utf8mb4_unicode_ci NOT NULL,
  `quantity` int(11) NOT NULL DEFAULT '1',
  `created_at` timestamp NULL DEFAULT NULL,
  `updated_at` timestamp NULL DEFAULT NULL,
  `canceled_at` datetime DEFAULT NULL,
  `fulfilled_at` datetime DEFAULT NULL,
  `deleted_at` datetime DEFAULT NULL,
  PRIMARY KEY (`id`),
  KEY `checkout_requests_user_id_requestable_id_requestable_type` (`user_id`,`requestable_id`,`requestable_type`)
) ENGINE=InnoDB AUTO_INCREMENT=6 DEFAULT CHARSET=utf8mb4 COLLATE=utf8mb4_unicode_ci;
/*!40101 SET character_set_client = @saved_cs_client */;

--
-- Dumping data for table `checkout_requests`
--

LOCK TABLES `checkout_requests` WRITE;
/*!40000 ALTER TABLE `checkout_requests` DISABLE KEYS */;
INSERT INTO `checkout_requests` VALUES (1,59,1,'App\\Models\\Asset',1,'2019-08-05 03:27:11','2019-08-05 03:27:11',NULL,NULL,NULL),(2,59,3,'App\\Models\\Asset',1,'2019-08-05 03:28:54','2019-08-05 03:28:54',NULL,NULL,NULL),(3,59,1156,'App\\Models\\Asset',1,'2019-08-05 03:29:31','2019-08-05 03:29:31',NULL,NULL,NULL),(4,67,1,'App\\Models\\Asset',1,'2019-08-11 20:43:59','2019-08-11 20:43:59',NULL,NULL,NULL),(5,59,2,'App\\Models\\Asset',1,'2019-08-11 21:23:54','2019-08-11 21:23:59','2019-08-11 21:23:59',NULL,NULL);
/*!40000 ALTER TABLE `checkout_requests` ENABLE KEYS */;
UNLOCK TABLES;

--
-- Table structure for table `companies`
--

DROP TABLE IF EXISTS `companies`;
/*!40101 SET @saved_cs_client     = @@character_set_client */;
/*!40101 SET character_set_client = utf8 */;
CREATE TABLE `companies` (
  `id` int(10) unsigned NOT NULL AUTO_INCREMENT,
  `name` varchar(191) COLLATE utf8mb4_unicode_ci NOT NULL,
  `created_at` timestamp NULL DEFAULT NULL,
  `updated_at` timestamp NULL DEFAULT NULL,
  `image` varchar(191) COLLATE utf8mb4_unicode_ci DEFAULT NULL,
  PRIMARY KEY (`id`),
  UNIQUE KEY `companies_name_unique` (`name`)
) ENGINE=InnoDB AUTO_INCREMENT=8 DEFAULT CHARSET=utf8mb4 COLLATE=utf8mb4_unicode_ci;
/*!40101 SET character_set_client = @saved_cs_client */;

--
-- Dumping data for table `companies`
--

LOCK TABLES `companies` WRITE;
/*!40000 ALTER TABLE `companies` DISABLE KEYS */;
INSERT INTO `companies` VALUES (1,'Brown Group','2019-06-11 01:52:40','2019-06-11 01:52:40',NULL),(2,'Murphy-Torp','2019-06-11 01:52:40','2019-06-11 01:52:40',NULL),(3,'Russel-Jast','2019-06-11 01:52:40','2019-06-11 01:52:40',NULL),(4,'Wintheiser, Cole and Quitzon','2019-06-11 01:52:40','2019-06-11 01:52:40',NULL),(5,'vinx vietnam','2019-06-27 00:00:39','2019-07-17 21:03:45','5-vinxpng.png'),(6,'Aeon Mall','2019-07-17 21:20:46','2019-07-17 21:20:46','8XliKQuofv7u7wPLOZMjIUjSF.png'),(7,'Qun ng gi','2019-08-09 01:13:15','2019-08-09 01:13:15',NULL);
/*!40000 ALTER TABLE `companies` ENABLE KEYS */;
UNLOCK TABLES;

--
-- Table structure for table `components`
--

DROP TABLE IF EXISTS `components`;
/*!40101 SET @saved_cs_client     = @@character_set_client */;
/*!40101 SET character_set_client = utf8 */;
CREATE TABLE `components` (
  `id` int(10) unsigned NOT NULL AUTO_INCREMENT,
  `name` varchar(191) COLLATE utf8mb4_unicode_ci DEFAULT NULL,
  `category_id` int(11) DEFAULT NULL,
  `location_id` int(11) DEFAULT NULL,
  `company_id` int(11) DEFAULT NULL,
  `user_id` int(11) DEFAULT NULL,
  `qty` int(11) NOT NULL DEFAULT '1',
  `order_number` varchar(191) COLLATE utf8mb4_unicode_ci DEFAULT NULL,
  `purchase_date` date DEFAULT NULL,
  `purchase_cost` decimal(20,2) DEFAULT NULL,
  `created_at` timestamp NULL DEFAULT NULL,
  `updated_at` timestamp NULL DEFAULT NULL,
  `deleted_at` timestamp NULL DEFAULT NULL,
  `min_amt` int(11) DEFAULT NULL,
  `serial` varchar(191) COLLATE utf8mb4_unicode_ci DEFAULT NULL,
  `image` varchar(191) COLLATE utf8mb4_unicode_ci DEFAULT NULL,
  PRIMARY KEY (`id`)
) ENGINE=InnoDB AUTO_INCREMENT=5 DEFAULT CHARSET=utf8mb4 COLLATE=utf8mb4_unicode_ci;
/*!40101 SET character_set_client = @saved_cs_client */;

--
-- Dumping data for table `components`
--

LOCK TABLES `components` WRITE;
/*!40000 ALTER TABLE `components` DISABLE KEYS */;
INSERT INTO `components` VALUES (1,'Crucial 4GB DDR3L-1600 SODIMM',13,3,2,1,10,'34892491','2019-01-21',36.50,'2019-06-11 01:52:59','2019-06-11 01:52:59',NULL,2,NULL,NULL),(2,'Crucial 8GB DDR3L-1600 SODIMM Memory for Mac',13,NULL,NULL,1,10,'39398458','2018-11-04',10.21,'2019-06-11 01:52:59','2019-06-11 01:52:59',NULL,2,NULL,NULL),(3,'Crucial BX300 120GB SATA Internal SSD',12,NULL,NULL,1,10,'18028303','2019-05-16',15.62,'2019-06-11 01:52:59','2019-06-11 01:52:59',NULL,2,NULL,NULL),(4,'Crucial BX300 240GB SATA Internal SSD',12,NULL,NULL,1,10,'38337653','2019-05-08',17.52,'2019-06-11 01:52:59','2019-06-11 01:52:59',NULL,2,NULL,NULL);
/*!40000 ALTER TABLE `components` ENABLE KEYS */;
UNLOCK TABLES;

--
-- Table structure for table `components_assets`
--

DROP TABLE IF EXISTS `components_assets`;
/*!40101 SET @saved_cs_client     = @@character_set_client */;
/*!40101 SET character_set_client = utf8 */;
CREATE TABLE `components_assets` (
  `id` int(10) unsigned NOT NULL AUTO_INCREMENT,
  `user_id` int(11) DEFAULT NULL,
  `assigned_qty` int(11) DEFAULT '1',
  `component_id` int(11) DEFAULT NULL,
  `asset_id` int(11) DEFAULT NULL,
  `created_at` timestamp NULL DEFAULT NULL,
  `updated_at` timestamp NULL DEFAULT NULL,
  PRIMARY KEY (`id`)
) ENGINE=InnoDB DEFAULT CHARSET=utf8mb4 COLLATE=utf8mb4_unicode_ci;
/*!40101 SET character_set_client = @saved_cs_client */;

--
-- Dumping data for table `components_assets`
--

LOCK TABLES `components_assets` WRITE;
/*!40000 ALTER TABLE `components_assets` DISABLE KEYS */;
/*!40000 ALTER TABLE `components_assets` ENABLE KEYS */;
UNLOCK TABLES;

--
-- Table structure for table `consumables`
--

DROP TABLE IF EXISTS `consumables`;
/*!40101 SET @saved_cs_client     = @@character_set_client */;
/*!40101 SET character_set_client = utf8 */;
CREATE TABLE `consumables` (
  `id` int(10) unsigned NOT NULL AUTO_INCREMENT,
  `name` varchar(191) COLLATE utf8mb4_unicode_ci DEFAULT NULL,
  `category_id` int(11) DEFAULT NULL,
  `location_id` int(11) DEFAULT NULL,
  `user_id` int(11) DEFAULT NULL,
  `qty` int(11) NOT NULL DEFAULT '0',
  `requestable` tinyint(1) NOT NULL DEFAULT '0',
  `created_at` timestamp NULL DEFAULT NULL,
  `updated_at` timestamp NULL DEFAULT NULL,
  `deleted_at` timestamp NULL DEFAULT NULL,
  `purchase_date` date DEFAULT NULL,
  `purchase_cost` decimal(20,2) DEFAULT NULL,
  `order_number` varchar(191) COLLATE utf8mb4_unicode_ci DEFAULT NULL,
  `company_id` int(10) unsigned DEFAULT NULL,
  `min_amt` int(11) DEFAULT NULL,
  `model_number` varchar(191) COLLATE utf8mb4_unicode_ci DEFAULT NULL,
  `manufacturer_id` int(11) DEFAULT NULL,
  `item_no` varchar(191) COLLATE utf8mb4_unicode_ci DEFAULT NULL,
  `image` varchar(191) COLLATE utf8mb4_unicode_ci DEFAULT NULL,
  PRIMARY KEY (`id`)
) ENGINE=InnoDB AUTO_INCREMENT=5 DEFAULT CHARSET=utf8mb4 COLLATE=utf8mb4_unicode_ci;
/*!40101 SET character_set_client = @saved_cs_client */;

--
-- Dumping data for table `consumables`
--

LOCK TABLES `consumables` WRITE;
/*!40000 ALTER TABLE `consumables` DISABLE KEYS */;
INSERT INTO `consumables` VALUES (1,'Cardstock (White)',10,NULL,1,10,0,'2019-06-11 01:52:59','2019-06-11 01:52:59',NULL,'2018-08-08',33.69,'6896932',3,2,NULL,10,'28174144',NULL),(2,'Laserjet Paper (Ream)',10,NULL,1,20,0,'2019-06-11 01:52:59','2019-06-11 01:52:59',NULL,'2018-12-11',8.29,'8895307',NULL,2,NULL,10,'16221446',NULL),(3,'Laserjet Toner (black)',11,NULL,1,20,0,'2019-06-11 01:52:59','2019-06-11 01:52:59',NULL,'2019-03-02',36.09,'48338600',NULL,2,NULL,5,'26051700',NULL),(4,'1111111',11,6,59,11,0,'2019-07-05 01:29:08','2019-07-05 01:29:08',NULL,'2019-07-24',11111.00,'123213',3,111,'312312',1,'213213','S7uufSp14zvIu5xGA93xQFbwB.png');
/*!40000 ALTER TABLE `consumables` ENABLE KEYS */;
UNLOCK TABLES;

--
-- Table structure for table `consumables_users`
--

DROP TABLE IF EXISTS `consumables_users`;
/*!40101 SET @saved_cs_client     = @@character_set_client */;
/*!40101 SET character_set_client = utf8 */;
CREATE TABLE `consumables_users` (
  `id` int(10) unsigned NOT NULL AUTO_INCREMENT,
  `user_id` int(11) DEFAULT NULL,
  `consumable_id` int(11) DEFAULT NULL,
  `assigned_to` int(11) DEFAULT NULL,
  `created_at` timestamp NULL DEFAULT NULL,
  `updated_at` timestamp NULL DEFAULT NULL,
  PRIMARY KEY (`id`)
) ENGINE=InnoDB DEFAULT CHARSET=utf8mb4 COLLATE=utf8mb4_unicode_ci;
/*!40101 SET character_set_client = @saved_cs_client */;

--
-- Dumping data for table `consumables_users`
--

LOCK TABLES `consumables_users` WRITE;
/*!40000 ALTER TABLE `consumables_users` DISABLE KEYS */;
/*!40000 ALTER TABLE `consumables_users` ENABLE KEYS */;
UNLOCK TABLES;

--
-- Table structure for table `contract_assets`
--

DROP TABLE IF EXISTS `contract_assets`;
/*!40101 SET @saved_cs_client     = @@character_set_client */;
/*!40101 SET character_set_client = utf8 */;
CREATE TABLE `contract_assets` (
  `id` int(10) unsigned NOT NULL AUTO_INCREMENT,
  `contract_id` int(10) unsigned NOT NULL,
  `asset_id` int(10) unsigned NOT NULL,
  `created_at` timestamp NULL DEFAULT NULL,
  `updated_at` timestamp NULL DEFAULT NULL,
  `deleted_at` timestamp NULL DEFAULT NULL,
  `user_id` int(10) unsigned NOT NULL,
  PRIMARY KEY (`id`)
) ENGINE=InnoDB AUTO_INCREMENT=153 DEFAULT CHARSET=utf8mb4 COLLATE=utf8mb4_unicode_ci;
/*!40101 SET character_set_client = @saved_cs_client */;

--
-- Dumping data for table `contract_assets`
--

LOCK TABLES `contract_assets` WRITE;
/*!40000 ALTER TABLE `contract_assets` DISABLE KEYS */;
INSERT INTO `contract_assets` VALUES (20,29,1,'2019-07-08 03:08:37','2019-07-08 03:08:37',NULL,59),(21,29,2,'2019-07-08 03:08:40','2019-07-08 03:08:40',NULL,59),(22,26,1,'2019-07-08 03:15:09','2019-07-08 03:15:09',NULL,59),(23,26,3,'2019-07-08 03:15:13','2019-07-08 03:15:13',NULL,59),(24,26,5,'2019-07-08 03:15:16','2019-07-08 03:15:16',NULL,59),(25,30,1,'2019-07-08 21:16:19','2019-07-08 21:16:19',NULL,59),(26,30,3,'2019-07-08 21:16:30','2019-07-08 21:16:30',NULL,59),(27,31,2,'2019-07-08 21:23:39','2019-08-19 20:16:36','2019-08-19 20:16:36',59),(28,31,3,'2019-07-08 21:23:46','2019-08-19 20:16:35','2019-08-19 20:16:35',59),(29,35,2,'2019-07-16 01:54:11','2019-07-16 01:54:11',NULL,59),(31,35,13,'2019-07-16 01:54:21','2019-07-16 01:54:21',NULL,59),(32,36,1,'2019-07-16 02:59:37','2019-07-16 02:59:37',NULL,59),(33,36,2,'2019-07-16 03:00:11','2019-07-16 03:00:11',NULL,59),(34,36,3,'2019-07-16 03:01:09','2019-07-16 03:01:09',NULL,59),(35,28,1,'2019-07-16 18:50:39','2019-07-16 18:50:39',NULL,59),(36,28,3,'2019-07-16 18:50:44','2019-07-16 18:50:44',NULL,59),(38,28,28,'2019-07-16 18:50:52','2019-07-16 18:50:52',NULL,59),(39,34,2,'2019-07-16 18:51:25','2019-07-16 18:51:25',NULL,59),(40,34,1,'2019-07-16 18:51:28','2019-07-16 18:51:28',NULL,59),(41,34,22,'2019-07-16 18:51:32','2019-07-16 18:51:32',NULL,59),(42,32,1,'2019-07-16 19:16:45','2019-08-19 02:33:32','2019-08-19 02:33:32',59),(43,32,2,'2019-07-16 19:16:47','2019-07-16 19:16:47',NULL,59),(44,32,3,'2019-07-16 19:16:50','2019-07-16 19:16:50',NULL,59),(45,37,1,'2019-07-16 19:19:17','2019-07-16 19:19:17',NULL,59),(47,37,20,'2019-07-16 19:19:25','2019-07-16 19:19:25',NULL,59),(51,38,14,'2019-07-16 20:38:40','2019-07-16 20:38:40',NULL,65),(52,39,2,'2019-07-16 23:26:32','2019-07-16 23:26:32',NULL,64),(55,39,3,'2019-07-16 23:27:29','2019-07-16 23:27:29',NULL,64),(56,39,4,'2019-07-16 23:49:16','2019-07-16 23:49:16',NULL,64),(57,43,1,'2019-07-17 02:34:37','2019-07-17 02:34:37',NULL,65),(58,43,2,'2019-07-17 02:34:56','2019-07-17 02:34:56',NULL,65),(60,39,1,'2019-07-17 02:51:16','2019-07-17 02:51:16',NULL,64),(61,47,2,'2019-07-17 18:41:37','2019-07-17 18:41:37',NULL,64),(62,47,3,'2019-07-17 18:42:58','2019-07-17 18:42:58',NULL,64),(63,29,30,'2019-07-17 20:55:17','2019-07-17 20:55:17',NULL,59),(64,48,1386,'2019-07-17 21:25:35','2019-07-17 21:25:35',NULL,59),(65,48,1387,'2019-07-17 21:25:46','2019-07-17 21:25:46',NULL,59),(66,47,1386,'2019-07-17 21:30:26','2019-07-17 21:30:26',NULL,64),(67,49,2,'2019-07-29 00:04:55','2019-07-29 00:04:55',NULL,65),(68,49,5,'2019-07-29 00:04:58','2019-07-29 00:04:58',NULL,65),(69,46,6,'2019-07-29 00:10:51','2019-07-29 00:10:51',NULL,65),(70,50,4,'2019-07-30 02:04:28','2019-07-30 02:04:28',NULL,65),(71,50,2,'2019-07-30 02:04:30','2019-07-30 02:04:30',NULL,65),(72,51,1,'2019-07-30 03:05:28','2019-07-30 03:05:28',NULL,64),(73,51,4,'2019-07-30 03:05:34','2019-07-30 03:05:34',NULL,64),(75,53,4,'2019-07-30 03:32:47','2019-07-30 03:32:47',NULL,64),(76,53,5,'2019-07-30 03:32:50','2019-07-30 03:32:50',NULL,64),(78,57,1387,'2019-08-05 03:06:56','2019-08-05 03:06:56',NULL,59),(79,57,1,'2019-08-05 03:07:37','2019-08-05 03:07:37',NULL,59),(80,57,462,'2019-08-05 03:08:06','2019-08-05 03:08:06',NULL,59),(81,54,1,'2019-08-05 03:39:25','2019-08-05 03:39:25',NULL,59),(82,58,4,'2019-08-06 20:07:26','2019-08-06 20:07:26',NULL,59),(83,52,2,'2019-08-06 20:42:14','2019-08-06 20:42:14',NULL,64),(84,59,1391,'2019-08-09 01:30:16','2019-08-09 01:30:16',NULL,59),(85,59,1392,'2019-08-09 01:30:25','2019-08-09 01:30:25',NULL,59),(86,59,1393,'2019-08-09 01:30:31','2019-08-09 01:30:31',NULL,59),(87,60,4,'2019-08-11 20:40:42','2019-08-11 20:40:42',NULL,67),(88,60,5,'2019-08-11 20:40:49','2019-08-11 20:40:49',NULL,67),(89,60,6,'2019-08-11 20:40:52','2019-08-11 20:40:52',NULL,67),(90,60,8,'2019-08-11 20:40:56','2019-08-11 20:40:56',NULL,67),(122,42,2,'2019-08-19 02:28:48','2019-08-19 03:12:08','2019-08-19 03:12:08',1),(123,42,4,'2019-08-19 03:03:55','2019-08-19 03:11:48','2019-08-19 03:11:48',1),(124,42,4,'2019-08-19 03:13:42','2019-08-19 03:14:12','2019-08-19 03:14:12',1),(125,42,2,'2019-08-19 03:14:40','2019-08-19 03:14:59','2019-08-19 03:14:59',1),(126,42,4,'2019-08-19 03:15:24','2019-08-19 03:15:26','2019-08-19 03:15:26',1),(127,42,18,'2019-08-19 03:16:07','2019-08-19 03:16:29','2019-08-19 03:16:29',1),(128,42,17,'2019-08-19 03:18:02','2019-08-19 03:18:04','2019-08-19 03:18:04',1),(129,42,37,'2019-08-19 03:18:24','2019-08-19 03:18:27','2019-08-19 03:18:27',1),(130,42,28,'2019-08-19 03:22:56','2019-08-19 03:23:10','2019-08-19 03:23:10',1),(131,42,42,'2019-08-19 18:20:21','2019-08-19 18:38:45','2019-08-19 18:38:45',1),(132,42,52,'2019-08-19 18:25:08','2019-08-19 18:47:09','2019-08-19 18:47:09',1),(133,42,67,'2019-08-19 18:48:56','2019-08-19 18:50:05','2019-08-19 18:50:05',1),(134,42,12,'2019-08-19 18:50:12','2019-08-19 19:00:45','2019-08-19 19:00:45',1),(135,42,22,'2019-08-19 18:50:16','2019-08-19 19:03:35','2019-08-19 19:03:35',1),(136,42,33,'2019-08-19 18:50:19','2019-08-19 19:04:12','2019-08-19 19:04:12',1),(137,42,50,'2019-08-19 18:50:25','2019-08-19 19:07:24','2019-08-19 19:07:24',1),(138,42,2,'2019-08-19 19:07:30','2019-08-19 19:31:09','2019-08-19 19:31:09',1),(139,42,10,'2019-08-19 19:07:32','2019-08-19 19:29:14','2019-08-19 19:29:14',1),(140,42,11,'2019-08-19 19:07:35','2019-08-19 19:07:38','2019-08-19 19:07:38',1),(141,42,12,'2019-08-19 20:00:37','2019-08-19 20:01:31','2019-08-19 20:01:31',1),(142,42,24,'2019-08-19 20:00:40','2019-08-19 20:01:32','2019-08-19 20:01:32',1),(143,42,46,'2019-08-19 20:00:46','2019-08-19 20:01:33','2019-08-19 20:01:33',1),(144,42,49,'2019-08-19 20:00:49','2019-08-19 20:01:35','2019-08-19 20:01:35',1),(145,42,56,'2019-08-19 20:00:57','2019-08-19 20:01:30','2019-08-19 20:01:30',1),(146,42,29,'2019-08-19 20:01:27','2019-08-19 20:01:33','2019-08-19 20:01:33',1),(147,42,29,'2019-08-19 20:01:36','2019-08-19 20:01:37','2019-08-19 20:01:37',1),(148,42,10,'2019-08-19 20:15:24','2019-08-19 20:15:24',NULL,1),(149,42,16,'2019-08-19 20:15:28','2019-08-19 20:15:28',NULL,1),(150,31,2,'2019-08-19 20:16:52','2019-08-19 20:37:09','2019-08-19 20:37:09',1),(151,31,5,'2019-08-19 20:51:28','2019-08-19 20:52:25','2019-08-19 20:52:25',1),(152,61,25,'2019-08-19 20:55:20','2019-08-19 20:55:28','2019-08-19 20:55:28',1);
/*!40000 ALTER TABLE `contract_assets` ENABLE KEYS */;
UNLOCK TABLES;

--
-- Table structure for table `contracts`
--

DROP TABLE IF EXISTS `contracts`;
/*!40101 SET @saved_cs_client     = @@character_set_client */;
/*!40101 SET character_set_client = utf8 */;
CREATE TABLE `contracts` (
  `id` int(10) unsigned NOT NULL AUTO_INCREMENT,
  `name` varchar(191) COLLATE utf8mb4_unicode_ci NOT NULL,
  `location_id` int(11) DEFAULT NULL,
  `contact_id_1` int(11) DEFAULT NULL,
  `contact_id_2` int(11) DEFAULT NULL,
  `start_date` date NOT NULL,
  `end_date` date NOT NULL,
  `billing_date` date NOT NULL,
  `payment_date` date DEFAULT NULL,
  `terms_and_conditions` text COLLATE utf8mb4_unicode_ci,
  `notes` text COLLATE utf8mb4_unicode_ci,
  `created_at` timestamp NULL DEFAULT NULL,
  `updated_at` timestamp NULL DEFAULT NULL,
  `deleted_at` timestamp NULL DEFAULT NULL,
  `user_id` int(11) NOT NULL,
  `object_id` int(11) NOT NULL,
  `object_type` varchar(191) COLLATE utf8mb4_unicode_ci NOT NULL,
  PRIMARY KEY (`id`),
  UNIQUE KEY `contracts_name_object_id_object_type_unique` (`name`,`object_id`,`object_type`)
) ENGINE=InnoDB AUTO_INCREMENT=62 DEFAULT CHARSET=utf8mb4 COLLATE=utf8mb4_unicode_ci;
/*!40101 SET character_set_client = @saved_cs_client */;

--
-- Dumping data for table `contracts`
--

LOCK TABLES `contracts` WRITE;
/*!40000 ALTER TABLE `contracts` DISABLE KEYS */;
INSERT INTO `contracts` VALUES (28,'Hp ng 1',1,28,7,'2019-07-08','2019-09-04','2019-07-30','2019-07-10','axasxax','axasxax','2019-07-08 02:39:47','2019-07-29 00:10:21',NULL,65,3,'App\\Models\\Company'),(29,'Hop dong 123',11,61,28,'2019-07-01','2019-07-31','2019-07-31','2019-07-31',NULL,NULL,'2019-07-08 02:43:59','2019-07-29 00:09:47',NULL,65,16,'App\\Models\\Department'),(31,'Contract Test 2',9,61,61,'2019-07-02','2019-07-12','2019-07-05','2019-07-10','Terms and Conditions','Notes','2019-07-08 21:08:43','2019-07-29 00:08:13',NULL,65,7,'App\\Models\\Department'),(32,'Contract AD',NULL,62,7,'2019-07-24','2019-07-31','1900-11-21',NULL,'x','x','2019-07-08 21:10:22','2019-07-29 00:06:24',NULL,65,7,'App\\Models\\Department'),(33,'Contract Test 1',11,15,61,'2019-07-01','2019-07-05','2019-07-03','2019-07-04','sa','as','2019-07-08 21:39:58','2019-07-29 00:07:36',NULL,65,9,'App\\Models\\Department'),(34,'Contract Test 1',6,7,15,'2019-07-01','2019-07-05','2019-07-29','2019-07-17','xsa','xasx','2019-07-08 21:41:02','2019-07-29 00:07:58',NULL,65,3,'App\\Models\\Store'),(35,'Contract Fuji',1,61,62,'2019-07-30','2019-08-03','2019-08-06','2019-07-28','dasd','ahihi','2019-07-16 01:53:48','2019-07-29 00:06:44',NULL,65,1,'App\\Models\\Company'),(37,'Contract SASSA',10,3,5,'2019-08-06','2019-08-07','2019-08-07','2019-07-28','xsaxasx','xsaxasx','2019-07-16 19:19:09','2019-07-29 00:07:07',NULL,65,17,'App\\Models\\Store'),(38,'Contract 1707',1,53,3,'2019-07-22','2019-07-26','2019-07-02','2019-07-29','hihi','hihi','2019-07-16 20:37:53','2019-07-30 03:13:35',NULL,64,15,'App\\Models\\Store'),(39,'HD Su kem',7,62,65,'2019-07-11','2019-07-18','2019-07-09','2019-07-18','Terms and Conditions','Notes\r\n','2019-07-16 23:24:25','2019-07-29 00:09:27',NULL,65,15,'App\\Models\\Department'),(42,'Contract WangYiBo',1,3,5,'2019-07-23','2019-07-26','2019-08-06','2019-07-14','dasd','dasda','2019-07-17 02:33:44','2019-08-18 20:13:13',NULL,1,6,'App\\Models\\Company'),(43,'Contract XiaoZhan',1,65,61,'2019-07-29','2019-07-30','2019-06-25','2019-07-30','xasxasx','xasxasx','2019-07-17 02:34:19','2019-07-29 00:08:47',NULL,65,17,'App\\Models\\Store'),(44,'Contract WangYiB',NULL,NULL,NULL,'2019-07-23','2019-07-22','2019-07-22',NULL,NULL,NULL,'2019-07-17 02:36:00','2019-07-17 02:37:44','2019-07-17 02:37:44',65,0,''),(45,'HD',NULL,NULL,NULL,'2019-07-11','2019-07-18','2019-07-26',NULL,NULL,NULL,'2019-07-17 02:56:20','2019-07-17 02:56:49','2019-07-17 02:56:49',64,0,''),(46,'Sach giao khoa',10,15,15,'2019-07-04','2019-07-05','2019-07-03','2019-07-16','xsasx','xasxas','2019-07-17 18:38:32','2019-07-29 00:10:52',NULL,65,17,'App\\Models\\Store'),(47,'Computer',11,62,65,'2019-07-11','2019-07-18','2019-07-12',NULL,NULL,NULL,'2019-07-17 18:41:00','2019-07-29 00:05:36',NULL,65,3,'App\\Models\\Store'),(48,'HD cung cap may POS AeonBD',12,28,62,'2019-08-01','2020-08-07','2019-08-31','2019-07-01','asx','xasxsax','2019-07-17 21:24:07','2019-07-29 00:09:11',NULL,65,1,'App\\Models\\Company'),(49,'Contract Aeon ',6,62,28,'2019-07-09','2019-07-31','2019-08-07','2019-07-16','as','dd','2019-07-29 00:04:48','2019-07-29 00:04:48',NULL,65,6,'App\\Models\\Company'),(50,'Contract Mur',6,7,15,'2019-07-09','2019-07-23','2019-08-05','2019-08-02',NULL,NULL,'2019-07-30 02:04:23','2019-07-30 02:04:23',NULL,65,2,'App\\Models\\Company'),(51,'Contract_Company',8,64,62,'2019-07-11','2019-07-12','2019-07-04','2019-07-16','Terms and Conditions','Notes','2019-07-30 03:05:22','2019-07-30 03:06:55',NULL,64,5,'App\\Models\\Company'),(52,'Sch ',1,NULL,NULL,'2019-07-01','2019-07-03','2019-07-03',NULL,'Terms and Conditions','Notes','2019-07-30 03:31:25','2019-07-30 03:35:53',NULL,64,15,'App\\Models\\Store'),(53,'V',11,NULL,NULL,'2019-07-03','2019-07-11','2019-07-02',NULL,NULL,NULL,'2019-07-30 03:32:35','2019-07-30 03:32:35',NULL,64,12,'App\\Models\\Department'),(54,'ADR XXX',6,62,28,'2019-08-06','2019-08-21','2019-08-21','2019-07-31',NULL,NULL,'2019-07-31 19:44:31','2019-08-05 04:25:18',NULL,59,15,'App\\Models\\Store'),(55,'Laptop',12,64,64,'2019-08-01','2019-08-08','2019-08-01',NULL,NULL,NULL,'2019-07-31 20:21:35','2019-07-31 20:27:34','2019-07-31 20:27:34',64,5,'App\\Models\\Department'),(56,'Test_Contract_Store',12,13,2,'2019-08-01','2019-08-02','2019-08-21','2019-08-01','Terms and Conditions','Notes','2019-07-31 20:31:58','2019-07-31 20:32:15','2019-07-31 20:32:15',64,15,'App\\Models\\Store'),(57,'Cung cap HT ',NULL,NULL,NULL,'2019-08-01','2019-08-30','2019-08-22',NULL,NULL,NULL,'2019-08-05 03:06:23','2019-08-05 03:06:23',NULL,59,22,'App\\Models\\Store'),(58,'ADR XXXX',6,15,15,'2019-08-06','2019-08-26','2019-08-29','2019-08-29',NULL,NULL,'2019-08-06 20:07:20','2019-08-06 20:07:20',NULL,59,15,'App\\Models\\Store'),(59,'Hp ng n ung vi b Thanh',13,68,NULL,'2019-08-01','2019-08-31','2019-07-30','2019-08-31',NULL,NULL,'2019-08-09 01:29:52','2019-08-09 01:29:52',NULL,59,21,'App\\Models\\Department'),(60,'Hp ng n ung',NULL,NULL,NULL,'2019-08-01','2019-08-31','2019-08-10',NULL,NULL,NULL,'2019-08-11 20:40:33','2019-08-11 20:40:33',NULL,67,21,'App\\Models\\Department'),(61,'ADR XXX',14,62,28,'2019-08-05','2019-08-22','2019-08-20','2019-09-04',NULL,NULL,'2019-08-12 00:52:16','2019-08-12 00:52:16',NULL,1,12,'App\\Models\\Department');
/*!40000 ALTER TABLE `contracts` ENABLE KEYS */;
UNLOCK TABLES;

--
-- Table structure for table `custom_field_custom_fieldset`
--

DROP TABLE IF EXISTS `custom_field_custom_fieldset`;
/*!40101 SET @saved_cs_client     = @@character_set_client */;
/*!40101 SET character_set_client = utf8 */;
CREATE TABLE `custom_field_custom_fieldset` (
  `custom_field_id` int(11) NOT NULL,
  `custom_fieldset_id` int(11) NOT NULL,
  `order` int(11) NOT NULL,
  `required` tinyint(1) NOT NULL
) ENGINE=InnoDB DEFAULT CHARSET=utf8mb4 COLLATE=utf8mb4_unicode_ci;
/*!40101 SET character_set_client = @saved_cs_client */;

--
-- Dumping data for table `custom_field_custom_fieldset`
--

LOCK TABLES `custom_field_custom_fieldset` WRITE;
/*!40000 ALTER TABLE `custom_field_custom_fieldset` DISABLE KEYS */;
INSERT INTO `custom_field_custom_fieldset` VALUES (1,1,1,0);
/*!40000 ALTER TABLE `custom_field_custom_fieldset` ENABLE KEYS */;
UNLOCK TABLES;

--
-- Table structure for table `custom_fields`
--

DROP TABLE IF EXISTS `custom_fields`;
/*!40101 SET @saved_cs_client     = @@character_set_client */;
/*!40101 SET character_set_client = utf8 */;
CREATE TABLE `custom_fields` (
  `id` int(10) unsigned NOT NULL AUTO_INCREMENT,
  `name` varchar(191) COLLATE utf8mb4_unicode_ci NOT NULL,
  `format` varchar(191) COLLATE utf8mb4_unicode_ci NOT NULL,
  `element` varchar(191) COLLATE utf8mb4_unicode_ci NOT NULL,
  `created_at` timestamp NULL DEFAULT NULL,
  `updated_at` timestamp NULL DEFAULT NULL,
  `user_id` int(11) DEFAULT NULL,
  `field_values` text COLLATE utf8mb4_unicode_ci,
  `field_encrypted` tinyint(1) NOT NULL DEFAULT '0',
  `db_column` varchar(191) COLLATE utf8mb4_unicode_ci DEFAULT NULL,
  `help_text` text COLLATE utf8mb4_unicode_ci,
  `show_in_email` tinyint(1) NOT NULL DEFAULT '0',
  PRIMARY KEY (`id`)
) ENGINE=InnoDB AUTO_INCREMENT=2 DEFAULT CHARSET=utf8mb4 COLLATE=utf8mb4_unicode_ci;
/*!40101 SET character_set_client = @saved_cs_client */;

--
-- Dumping data for table `custom_fields`
--

LOCK TABLES `custom_fields` WRITE;
/*!40000 ALTER TABLE `custom_fields` DISABLE KEYS */;
INSERT INTO `custom_fields` VALUES (1,'MAC Address','regex:/^[a-fA-F0-9]{2}:[a-fA-F0-9]{2}:[a-fA-F0-9]{2}:[a-fA-F0-9]{2}:[a-fA-F0-9]{2}:[a-fA-F0-9]{2}$/','text',NULL,'2019-08-11 23:42:44',NULL,NULL,0,'_snipeit_mac_address_1',NULL,0);
/*!40000 ALTER TABLE `custom_fields` ENABLE KEYS */;
UNLOCK TABLES;

--
-- Table structure for table `custom_fieldsets`
--

DROP TABLE IF EXISTS `custom_fieldsets`;
/*!40101 SET @saved_cs_client     = @@character_set_client */;
/*!40101 SET character_set_client = utf8 */;
CREATE TABLE `custom_fieldsets` (
  `id` int(10) unsigned NOT NULL AUTO_INCREMENT,
  `name` varchar(191) COLLATE utf8mb4_unicode_ci NOT NULL,
  `created_at` timestamp NULL DEFAULT NULL,
  `updated_at` timestamp NULL DEFAULT NULL,
  `user_id` int(11) DEFAULT NULL,
  PRIMARY KEY (`id`)
) ENGINE=InnoDB AUTO_INCREMENT=2 DEFAULT CHARSET=utf8mb4 COLLATE=utf8mb4_unicode_ci;
/*!40101 SET character_set_client = @saved_cs_client */;

--
-- Dumping data for table `custom_fieldsets`
--

LOCK TABLES `custom_fieldsets` WRITE;
/*!40000 ALTER TABLE `custom_fieldsets` DISABLE KEYS */;
INSERT INTO `custom_fieldsets` VALUES (1,'Asset with MAC Address',NULL,NULL,NULL);
/*!40000 ALTER TABLE `custom_fieldsets` ENABLE KEYS */;
UNLOCK TABLES;

--
-- Table structure for table `departments`
--

DROP TABLE IF EXISTS `departments`;
/*!40101 SET @saved_cs_client     = @@character_set_client */;
/*!40101 SET character_set_client = utf8 */;
CREATE TABLE `departments` (
  `id` int(10) unsigned NOT NULL AUTO_INCREMENT,
  `name` varchar(191) COLLATE utf8mb4_unicode_ci NOT NULL,
  `user_id` int(11) NOT NULL,
  `location_id` int(11) DEFAULT NULL,
  `manager_id` int(11) DEFAULT NULL,
  `notes` varchar(191) COLLATE utf8mb4_unicode_ci DEFAULT NULL,
  `created_at` timestamp NULL DEFAULT NULL,
  `updated_at` timestamp NULL DEFAULT NULL,
  `deleted_at` timestamp NULL DEFAULT NULL,
  `image` varchar(191) COLLATE utf8mb4_unicode_ci DEFAULT NULL,
  `store_id` int(10) unsigned NOT NULL,
  PRIMARY KEY (`id`)
) ENGINE=InnoDB AUTO_INCREMENT=22 DEFAULT CHARSET=utf8mb4 COLLATE=utf8mb4_unicode_ci;
/*!40101 SET character_set_client = @saved_cs_client */;

--
-- Dumping data for table `departments`
--

LOCK TABLES `departments` WRITE;
/*!40000 ALTER TABLE `departments` DISABLE KEYS */;
INSERT INTO `departments` VALUES (1,'Human Resources',1,2,62,NULL,'2019-06-11 01:52:40','2019-07-16 20:14:14',NULL,NULL,2),(2,'Engineering',1,3,NULL,NULL,'2019-06-11 01:52:40','2019-06-11 01:52:40',NULL,NULL,2),(3,'Marketing',1,5,NULL,NULL,'2019-06-11 01:52:40','2019-06-11 01:52:40',NULL,NULL,2),(4,'Client Services',1,1,NULL,NULL,'2019-06-11 01:52:40','2019-06-11 01:52:40',NULL,NULL,2),(5,'Product Management',1,4,NULL,NULL,'2019-06-11 01:52:40','2019-06-11 01:52:40',NULL,NULL,2),(6,'Dept of Silly Walks',1,3,NULL,NULL,'2019-06-11 01:52:40','2019-06-11 01:52:40',NULL,NULL,2),(7,'Dept1',59,5,60,NULL,'2019-07-08 21:02:05','2019-07-08 21:02:05',NULL,'yEu7nfj4d7ycXUQl1pCUgJLwW.jpeg',6),(8,'Dept 5',59,6,60,NULL,'2019-07-09 00:17:35','2019-07-09 00:17:35',NULL,NULL,2),(9,'Hello Kitty',64,11,64,NULL,'2019-07-16 20:51:29','2019-08-04 21:51:48',NULL,'9-hello-kitty-cjpg.jpg',12),(12,'Fahasa',64,11,64,NULL,'2019-07-17 18:23:35','2019-07-17 18:26:36',NULL,'12-bookstorejpeg.jpeg',15),(14,'Fahasa',64,NULL,NULL,NULL,'2019-07-17 18:29:54','2019-07-17 18:29:54',NULL,NULL,12),(15,'VVC Offshore',59,11,62,NULL,'2019-07-17 21:11:03','2019-07-17 21:11:03',NULL,'vmoZndwZpXNcpIAQK7XyhhCbk.png',16),(16,'VVC Solution',59,11,64,NULL,'2019-07-17 21:12:08','2019-07-17 21:12:08',NULL,'Gw1gKVdVBL7BbiLqyLNk3lWHJ.jpeg',16),(17,'Dept_1',64,5,62,NULL,'2019-07-30 02:42:03','2019-07-30 02:42:35',NULL,'17-van-phongjpg.jpg',19),(19,'Offshore',64,NULL,NULL,NULL,'2019-07-31 19:14:51','2019-07-31 19:14:51',NULL,NULL,18),(20,'Solution',64,8,13,NULL,'2019-07-31 19:17:48','2019-07-31 19:17:48',NULL,NULL,18),(21,'Ban n ung',59,13,NULL,NULL,'2019-08-09 01:15:13','2019-08-09 01:15:13',NULL,NULL,23);
/*!40000 ALTER TABLE `departments` ENABLE KEYS */;
UNLOCK TABLES;

--
-- Table structure for table `depreciations`
--

DROP TABLE IF EXISTS `depreciations`;
/*!40101 SET @saved_cs_client     = @@character_set_client */;
/*!40101 SET character_set_client = utf8 */;
CREATE TABLE `depreciations` (
  `id` int(10) unsigned NOT NULL AUTO_INCREMENT,
  `name` varchar(191) COLLATE utf8mb4_unicode_ci NOT NULL,
  `months` int(11) NOT NULL,
  `created_at` timestamp NULL DEFAULT NULL,
  `updated_at` timestamp NULL DEFAULT NULL,
  `user_id` int(11) DEFAULT NULL,
  PRIMARY KEY (`id`)
) ENGINE=InnoDB AUTO_INCREMENT=4 DEFAULT CHARSET=utf8mb4 COLLATE=utf8mb4_unicode_ci;
/*!40101 SET character_set_client = @saved_cs_client */;

--
-- Dumping data for table `depreciations`
--

LOCK TABLES `depreciations` WRITE;
/*!40000 ALTER TABLE `depreciations` DISABLE KEYS */;
INSERT INTO `depreciations` VALUES (1,'Computer Depreciation',36,'2019-06-11 01:52:41','2019-06-11 01:52:41',1),(2,'Display Depreciation',12,'2019-06-11 01:52:41','2019-06-11 01:52:41',1),(3,'Mobile Phone Depreciation',24,'2019-06-11 01:52:41','2019-06-11 01:52:41',1);
/*!40000 ALTER TABLE `depreciations` ENABLE KEYS */;
UNLOCK TABLES;

--
-- Table structure for table `groups`
--

DROP TABLE IF EXISTS `groups`;
/*!40101 SET @saved_cs_client     = @@character_set_client */;
/*!40101 SET character_set_client = utf8 */;
CREATE TABLE `groups` (
  `id` int(10) unsigned NOT NULL AUTO_INCREMENT,
  `name` varchar(191) COLLATE utf8mb4_unicode_ci NOT NULL,
  `permissions` text COLLATE utf8mb4_unicode_ci,
  `created_at` timestamp NULL DEFAULT NULL,
  `updated_at` timestamp NULL DEFAULT NULL,
  PRIMARY KEY (`id`)
) ENGINE=InnoDB DEFAULT CHARSET=utf8mb4 COLLATE=utf8mb4_unicode_ci;
/*!40101 SET character_set_client = @saved_cs_client */;

--
-- Dumping data for table `groups`
--

LOCK TABLES `groups` WRITE;
/*!40000 ALTER TABLE `groups` DISABLE KEYS */;
/*!40000 ALTER TABLE `groups` ENABLE KEYS */;
UNLOCK TABLES;

--
-- Table structure for table `imports`
--

DROP TABLE IF EXISTS `imports`;
/*!40101 SET @saved_cs_client     = @@character_set_client */;
/*!40101 SET character_set_client = utf8 */;
CREATE TABLE `imports` (
  `id` int(10) unsigned NOT NULL AUTO_INCREMENT,
  `name` varchar(191) COLLATE utf8mb4_unicode_ci DEFAULT NULL,
  `file_path` varchar(191) COLLATE utf8mb4_unicode_ci NOT NULL,
  `filesize` int(11) NOT NULL,
  `import_type` varchar(191) COLLATE utf8mb4_unicode_ci DEFAULT NULL,
  `created_at` timestamp NULL DEFAULT NULL,
  `updated_at` timestamp NULL DEFAULT NULL,
  `header_row` text COLLATE utf8mb4_unicode_ci,
  `first_row` text COLLATE utf8mb4_unicode_ci,
  `field_map` text COLLATE utf8mb4_unicode_ci,
  PRIMARY KEY (`id`)
) ENGINE=InnoDB AUTO_INCREMENT=30 DEFAULT CHARSET=utf8mb4 COLLATE=utf8mb4_unicode_ci;
/*!40101 SET character_set_client = @saved_cs_client */;

--
-- Dumping data for table `imports`
--

LOCK TABLES `imports` WRITE;
/*!40000 ALTER TABLE `imports` DISABLE KEYS */;
INSERT INTO `imports` VALUES (18,NULL,'2019-08-07-084326-xps13-2csv',229,'asset','2019-08-07 20:43:26','2019-08-07 20:43:41','[\"\\ufeff\\\"Asset Name\\\"\",\"Asset Tag\",\"Serial\",\"Model\",\"Category\",\"Status\",\"Checked Out To\",\"Location\",\"Purchase Cost\"]','[\"\",\"1197512345\",\"e6fe18ea-12b7-3ed7-ad68-964f05898af1\",\"XPS 13\",\"Laptops\",\"Ready to Deploy Deployed\",\"Oral Green\",\"Lake Demetrius\",\"2973.89\"]','{\"\\ufeff\\\"Asset Name\\\"\":\"item_name\",\"Asset Tag\":\"asset_tag\",\"Serial\":\"serial\",\"Model\":\"asset_model\",\"Category\":\"category\",\"Status\":\"status\",\"Checked Out To\":\"checkout_to\",\"Location\":\"location\",\"Purchase Cost\":\"purchase_cost\"}'),(19,NULL,'2019-08-07-084758-xps-manufacture-2csv',254,'asset','2019-08-07 20:47:58','2019-08-07 20:48:17','[\"\\ufeffAsset Name\",\"Asset Tag\",\"Serial\",\"Model\",\"Category\",\"Status\",\"Checked Out To\",\"Location\",\"Manufacturer\",\"Supplier\",\"Purchase Cost\"]','[\"\",\"037118006\",\"e6fe18ea-12b7-3ed7-ad68-964f05898af1\",\"XPS 13\",\"Laptops\",\"Ready to Deploy Deployed\",\"Oral Green\",\"Lake Demetrius\",\"Dell\",\"Keebler Group\",\"2973.89\"]','{\"\\ufeffAsset Name\":\"item_name\",\"Asset Tag\":\"asset_tag\",\"Serial\":\"serial\",\"Model\":\"asset_model\",\"Category\":\"category\",\"Status\":\"status\",\"Checked Out To\":\"checkout_to\",\"Location\":\"location\",\"Manufacturer\":\"manufacturer\",\"Supplier\":\"supplier\",\"Purchase Cost\":\"purchase_cost\"}'),(20,NULL,'2019-08-07-084929-xps-manufacture-2csv',231,'asset','2019-08-07 20:49:29','2019-08-07 20:49:43','[\"\\ufeffAsset Name\",\"Asset Tag\",\"Serial\",\"Model\",\"Category\",\"Status\",\"Checked Out To\",\"Location\",\"Manufacturer\",\"Purchase Cost\"]','[\"\",\"037118007\",\"e6fe18ea-12b7-3ed7-ad68-964f05898af1\",\"XPS 13\",\"Laptops\",\"Ready to Deploy Deployed\",\"Oral Green\",\"Lake Demetrius\",\"Dell\",\"2973.89\"]','{\"\\ufeffAsset Name\":\"item_name\",\"Asset Tag\":\"asset_tag\",\"Serial\":\"serial\",\"Model\":\"asset_model\",\"Category\":\"category\",\"Status\":\"status\",\"Checked Out To\":\"checkout_to\",\"Location\":\"location\",\"Manufacturer\":\"manufacturer\",\"Purchase Cost\":\"purchase_cost\"}'),(21,NULL,'2019-08-07-085206-trangcsv',212,'asset','2019-08-07 20:52:06','2019-08-07 20:52:25','[\"\\ufeffAsset Name\",\"Asset Tag\",\"Serial\",\"Model\",\"Category\",\"Status\",\"Checked Out To\",\"Location\",\"Manufacturer\",\"Purchase Cost\"]','[\"\",\"0373034\",\"xxx-xxx-xxx-xxxxxxx\",\"XPS 13\",\"Laptops\",\"Ready to Deploy Deployed\",\"Oral Green\",\"Lake Demetrius\",\"Dell\",\"1111.11\"]','{\"\\ufeffAsset Name\":\"item_name\",\"Asset Tag\":\"asset_tag\",\"Serial\":\"serial\",\"Model\":\"asset_model\",\"Category\":\"category\",\"Status\":\"status\",\"Checked Out To\":\"checkout_to\",\"Location\":\"location\",\"Manufacturer\":\"manufacturer\",\"Purchase Cost\":\"purchase_cost\"}'),(29,NULL,'2019-08-11-114239-export-assets-2019-08-11csv',211,'asset','2019-08-11 23:42:39','2019-08-11 23:43:12','[\"\\ufeff\\\"Asset Name\\\"\",\"Asset Tag\",\"Serial\",\"Model\",\"Category\",\"Status\",\"Checked Out To\",\"Location\",\"Purchase Cost\"]','[\"Predator 17 inch\",\"15385-zzz-DXRM-01\",\"15385-zzz-DXRM-01\",\"Predator\",\"Laptops\",\"Ready to Deploy\",\"\",\"Fegle Home\",\"2500.00\"]','{\"\\ufeff\\\"Asset Name\\\"\":\"item_name\",\"Asset Tag\":\"asset_tag\",\"Serial\":\"serial\",\"Model\":\"asset_model\",\"Category\":\"category\",\"Status\":\"status\",\"Checked Out To\":\"checkout_to\",\"Location\":\"location\",\"Purchase Cost\":\"purchase_cost\"}');
/*!40000 ALTER TABLE `imports` ENABLE KEYS */;
UNLOCK TABLES;

--
-- Table structure for table `inventories`
--

DROP TABLE IF EXISTS `inventories`;
/*!40101 SET @saved_cs_client     = @@character_set_client */;
/*!40101 SET character_set_client = utf8 */;
CREATE TABLE `inventories` (
  `id` int(10) unsigned NOT NULL AUTO_INCREMENT,
  `inventory_date` date NOT NULL,
  `name` varchar(191) COLLATE utf8mb4_unicode_ci NOT NULL,
  `notes` text COLLATE utf8mb4_unicode_ci,
  `user_id` int(10) unsigned NOT NULL,
  `created_at` timestamp NULL DEFAULT NULL,
  `updated_at` timestamp NULL DEFAULT NULL,
  `deleted_at` timestamp NULL DEFAULT NULL,
  `object_type` varchar(191) COLLATE utf8mb4_unicode_ci NOT NULL,
  `object_id` int(11) NOT NULL,
  PRIMARY KEY (`id`)
) ENGINE=InnoDB AUTO_INCREMENT=42 DEFAULT CHARSET=utf8mb4 COLLATE=utf8mb4_unicode_ci;
/*!40101 SET character_set_client = @saved_cs_client */;

--
-- Dumping data for table `inventories`
--

LOCK TABLES `inventories` WRITE;
/*!40000 ALTER TABLE `inventories` DISABLE KEYS */;
INSERT INTO `inventories` VALUES (26,'2019-07-01','Kim k','Notes',64,'2019-07-29 20:48:41','2019-07-29 20:48:41',NULL,'App\\Models\\Company',5),(27,'2019-07-03','Kim k BD',NULL,64,'2019-07-29 20:49:08','2019-07-31 21:00:19','2019-07-31 21:00:19','App\\Models\\Store',17),(28,'2019-07-03','Kim k t 1',NULL,64,'2019-07-29 20:49:36','2019-07-29 20:49:36',NULL,'App\\Models\\Contract',29),(29,'2019-07-02','Kim k t 2',NULL,64,'2019-07-29 20:50:41','2019-07-29 20:50:41',NULL,'App\\Models\\Contract',33),(30,'2019-07-04','Kim k 3',NULL,64,'2019-07-29 20:51:21','2019-07-29 20:52:12',NULL,'App\\Models\\Contract',39),(31,'2019-07-11','Name',NULL,64,'2019-07-29 20:52:49','2019-07-29 20:52:49',NULL,'App\\Models\\Contract',39),(32,'2019-07-03','Inventory_Company','Notes',64,'2019-07-30 03:39:42','2019-07-30 03:40:36',NULL,'App\\Models\\Store',15),(33,'2019-08-01','Inventory_laptop',NULL,64,'2019-07-31 20:52:00','2019-07-31 21:40:33',NULL,'App\\Models\\Company',6),(34,'2019-08-01','Inventory_Laptop',NULL,64,'2019-07-31 20:53:57','2019-07-31 20:53:57',NULL,'App\\Models\\Department',9),(35,'2019-08-01','Inventory_Laptop',NULL,64,'2019-07-31 21:00:54','2019-07-31 21:01:22',NULL,'App\\Models\\Contract',46),(36,'2019-08-20','cv',NULL,64,'2019-07-31 21:45:02','2019-08-08 19:27:14',NULL,'App\\Models\\Store',17),(37,'2019-08-01','',NULL,64,'2019-07-31 23:40:08','2019-07-31 23:40:28','2019-07-31 23:40:28','App\\Models\\Company',5),(38,'2019-08-01','Kiem ke 4',NULL,64,'2019-08-04 21:59:50','2019-08-04 21:59:50',NULL,'App\\Models\\Store',12),(39,'2019-08-01','Kiem ke HT',NULL,59,'2019-08-05 03:09:47','2019-08-05 03:09:47',NULL,'App\\Models\\Store',17),(40,'2019-07-05','Kim k ln 1 wasaco',NULL,63,'2019-08-09 00:01:11','2019-08-09 00:02:38',NULL,'App\\Models\\Location',11),(41,'2019-08-10','Kim k ln 1',NULL,59,'2019-08-09 01:34:51','2019-08-09 01:34:51',NULL,'App\\Models\\Contract',59);
/*!40000 ALTER TABLE `inventories` ENABLE KEYS */;
UNLOCK TABLES;

--
-- Table structure for table `inventory_results`
--

DROP TABLE IF EXISTS `inventory_results`;
/*!40101 SET @saved_cs_client     = @@character_set_client */;
/*!40101 SET character_set_client = utf8 */;
CREATE TABLE `inventory_results` (
  `id` int(10) unsigned NOT NULL AUTO_INCREMENT,
  `inventory_id` int(11) NOT NULL,
  `asset_id` int(11) NOT NULL,
  `familiar` tinyint(1) NOT NULL,
  `checked_time` timestamp NOT NULL DEFAULT CURRENT_TIMESTAMP ON UPDATE CURRENT_TIMESTAMP,
  `user_id` int(10) unsigned NOT NULL,
  `created_at` timestamp NULL DEFAULT NULL,
  `updated_at` timestamp NULL DEFAULT NULL,
  `deleted_at` timestamp NULL DEFAULT NULL,
  `status_id` int(11) DEFAULT NULL,
  PRIMARY KEY (`id`)
) ENGINE=InnoDB AUTO_INCREMENT=96 DEFAULT CHARSET=utf8mb4 COLLATE=utf8mb4_unicode_ci;
/*!40101 SET character_set_client = @saved_cs_client */;

--
-- Dumping data for table `inventory_results`
--

LOCK TABLES `inventory_results` WRITE;
/*!40000 ALTER TABLE `inventory_results` DISABLE KEYS */;
INSERT INTO `inventory_results` VALUES (60,22,1,1,'2019-07-17 03:28:18',65,'2019-07-17 03:28:05','2019-07-17 03:28:18',NULL,1),(61,22,2,1,'2019-07-17 18:40:44',59,'2019-07-17 18:40:44','2019-07-17 18:40:44',NULL,1),(62,23,2,1,'2019-07-17 19:53:35',64,'2019-07-17 19:53:35','2019-07-17 19:53:35',NULL,6),(63,23,1,0,'2019-07-17 19:55:25',64,'2019-07-17 19:55:25','2019-07-17 19:55:25',NULL,1),(64,26,1,1,'2019-07-29 20:53:09',64,'2019-07-29 20:53:09','2019-07-29 20:53:09',NULL,1),(65,26,28,0,'2019-07-29 20:53:19',64,'2019-07-29 20:53:19','2019-07-29 20:53:19',NULL,3),(66,28,2,1,'2019-07-29 20:53:48',64,'2019-07-29 20:53:48','2019-07-29 20:53:48',NULL,1),(67,28,4,0,'2019-07-29 20:53:55',64,'2019-07-29 20:53:55','2019-07-29 20:53:55',NULL,1),(68,32,4,1,'2019-07-30 03:44:43',64,'2019-07-30 03:44:43','2019-07-30 03:44:43',NULL,1),(69,32,21,0,'2019-08-01 01:06:37',64,'2019-07-30 03:45:59','2019-07-31 18:06:37','2019-07-31 18:06:37',1),(70,33,1,1,'2019-07-31 20:58:04',64,'2019-07-31 20:58:04','2019-07-31 20:58:04',NULL,1),(71,27,1,1,'2019-08-01 03:59:31',64,'2019-07-31 20:58:45','2019-07-31 20:59:31','2019-07-31 20:59:31',1),(72,27,3,0,'2019-08-01 03:59:36',64,'2019-07-31 20:59:12','2019-07-31 20:59:36','2019-07-31 20:59:36',7),(73,35,6,1,'2019-08-01 04:01:59',64,'2019-07-31 21:01:33','2019-07-31 21:01:59','2019-07-31 21:01:59',1),(74,35,3,0,'2019-08-01 04:01:55',64,'2019-07-31 21:01:40','2019-07-31 21:01:55','2019-07-31 21:01:55',1),(76,31,2,1,'2019-08-01 04:37:39',1,'2019-08-16 00:00:00','2019-08-20 00:00:00',NULL,1),(77,31,7,0,'2019-08-01 04:37:51',1,NULL,NULL,NULL,7),(78,29,3,0,'2019-08-01 06:27:34',64,'2019-07-31 21:59:59','2019-07-31 23:27:34','2019-07-31 23:27:34',1),(79,34,1,0,'2019-08-01 06:33:36',64,'2019-07-31 23:29:43','2019-07-31 23:33:36','2019-07-31 23:33:36',1),(80,29,1,0,'2019-07-31 23:31:52',64,'2019-07-31 23:31:52','2019-07-31 23:31:52',NULL,1),(81,36,1,1,'2019-07-31 23:41:01',64,'2019-07-31 23:41:01','2019-07-31 23:41:01',NULL,1),(82,35,4,0,'2019-07-31 23:41:43',64,'2019-07-31 23:41:43','2019-07-31 23:41:43',NULL,1),(83,29,2,0,'2019-08-04 18:17:35',59,'2019-08-04 18:17:35','2019-08-04 18:17:35',NULL,1),(84,29,3,0,'2019-08-04 21:55:03',64,'2019-08-04 21:55:03','2019-08-04 21:55:03',NULL,1),(85,39,2,1,'2019-08-05 03:15:37',59,'2019-08-05 03:15:37','2019-08-05 03:15:37',NULL,1),(86,39,6,1,'2019-08-05 03:15:47',59,'2019-08-05 03:15:47','2019-08-05 03:15:47',NULL,1),(87,39,59,0,'2019-08-05 03:16:48',59,'2019-08-05 03:16:48','2019-08-05 03:16:48',NULL,1),(88,41,1391,1,'2019-08-09 15:41:51',59,'2019-08-09 01:43:34','2019-08-09 01:43:34',NULL,NULL),(89,41,1393,1,'2019-08-09 15:42:17',59,'2019-08-09 01:43:35','2019-08-09 01:43:35',NULL,7),(90,41,1397,0,'2019-08-09 15:41:09',59,'2019-08-09 01:43:36','2019-08-09 01:43:36',NULL,NULL),(91,36,14,0,'2019-08-11 18:12:22',63,'2019-08-11 18:12:22','2019-08-11 18:12:22',NULL,1),(92,36,2,1,'2019-08-11 18:12:27',63,'2019-08-11 18:12:27','2019-08-11 18:12:27',NULL,1),(93,41,2,0,'2019-08-11 18:12:50',63,'2019-08-11 18:12:50','2019-08-11 18:12:50',NULL,1),(94,30,2,1,'2019-08-13 21:55:40',1,'2019-08-13 21:55:40','2019-08-13 21:55:40',NULL,1),(95,35,6,1,'2019-08-13 21:56:39',1,'2019-08-13 21:56:39','2019-08-13 21:56:39',NULL,1);
/*!40000 ALTER TABLE `inventory_results` ENABLE KEYS */;
UNLOCK TABLES;

--
-- Table structure for table `license_seats`
--

DROP TABLE IF EXISTS `license_seats`;
/*!40101 SET @saved_cs_client     = @@character_set_client */;
/*!40101 SET character_set_client = utf8 */;
CREATE TABLE `license_seats` (
  `id` int(10) unsigned NOT NULL AUTO_INCREMENT,
  `license_id` int(11) DEFAULT NULL,
  `assigned_to` int(11) DEFAULT NULL,
  `notes` text COLLATE utf8mb4_unicode_ci,
  `user_id` int(11) DEFAULT NULL,
  `created_at` timestamp NULL DEFAULT NULL,
  `updated_at` timestamp NULL DEFAULT NULL,
  `deleted_at` timestamp NULL DEFAULT NULL,
  `asset_id` int(11) DEFAULT NULL,
  PRIMARY KEY (`id`)
) ENGINE=InnoDB AUTO_INCREMENT=51 DEFAULT CHARSET=utf8mb4 COLLATE=utf8mb4_unicode_ci;
/*!40101 SET character_set_client = @saved_cs_client */;

--
-- Dumping data for table `license_seats`
--

LOCK TABLES `license_seats` WRITE;
/*!40000 ALTER TABLE `license_seats` DISABLE KEYS */;
INSERT INTO `license_seats` VALUES (1,1,62,NULL,59,'2019-06-11 01:52:59','2019-07-17 19:42:54',NULL,NULL),(2,1,NULL,NULL,NULL,'2019-06-11 01:52:59','2019-06-11 01:52:59',NULL,NULL),(3,1,NULL,NULL,NULL,'2019-06-11 01:52:59','2019-06-11 01:52:59',NULL,NULL),(4,1,NULL,NULL,NULL,'2019-06-11 01:52:59','2019-06-11 01:52:59',NULL,NULL),(5,1,NULL,NULL,NULL,'2019-06-11 01:52:59','2019-06-11 01:52:59',NULL,NULL),(6,1,NULL,NULL,NULL,'2019-06-11 01:52:59','2019-06-11 01:52:59',NULL,NULL),(7,1,NULL,NULL,NULL,'2019-06-11 01:52:59','2019-06-11 01:52:59',NULL,NULL),(8,1,NULL,NULL,NULL,'2019-06-11 01:52:59','2019-06-11 01:52:59',NULL,NULL),(9,1,NULL,NULL,NULL,'2019-06-11 01:52:59','2019-06-11 01:52:59',NULL,NULL),(10,1,NULL,NULL,NULL,'2019-06-11 01:52:59','2019-06-11 01:52:59',NULL,NULL),(11,2,NULL,NULL,NULL,'2019-06-11 01:52:59','2019-06-11 01:52:59',NULL,NULL),(12,2,NULL,NULL,NULL,'2019-06-11 01:52:59','2019-06-11 01:52:59',NULL,NULL),(13,2,NULL,NULL,NULL,'2019-06-11 01:52:59','2019-06-11 01:52:59',NULL,NULL),(14,2,NULL,NULL,NULL,'2019-06-11 01:52:59','2019-06-11 01:52:59',NULL,NULL),(15,2,NULL,NULL,NULL,'2019-06-11 01:52:59','2019-06-11 01:52:59',NULL,NULL),(16,2,NULL,NULL,NULL,'2019-06-11 01:52:59','2019-06-11 01:52:59',NULL,NULL),(17,2,NULL,NULL,NULL,'2019-06-11 01:52:59','2019-06-11 01:52:59',NULL,NULL),(18,2,NULL,NULL,NULL,'2019-06-11 01:52:59','2019-06-11 01:52:59',NULL,NULL),(19,2,NULL,NULL,NULL,'2019-06-11 01:52:59','2019-06-11 01:52:59',NULL,NULL),(20,2,NULL,NULL,NULL,'2019-06-11 01:52:59','2019-06-11 01:52:59',NULL,NULL),(21,3,NULL,NULL,NULL,'2019-06-11 01:52:59','2019-06-11 01:52:59',NULL,NULL),(22,3,NULL,NULL,NULL,'2019-06-11 01:52:59','2019-06-11 01:52:59',NULL,NULL),(23,3,NULL,NULL,NULL,'2019-06-11 01:52:59','2019-06-11 01:52:59',NULL,NULL),(24,3,NULL,NULL,NULL,'2019-06-11 01:52:59','2019-06-11 01:52:59',NULL,NULL),(25,3,NULL,NULL,NULL,'2019-06-11 01:52:59','2019-06-11 01:52:59',NULL,NULL),(26,3,NULL,NULL,NULL,'2019-06-11 01:52:59','2019-06-11 01:52:59',NULL,NULL),(27,3,NULL,NULL,NULL,'2019-06-11 01:52:59','2019-06-11 01:52:59',NULL,NULL),(28,3,NULL,NULL,NULL,'2019-06-11 01:52:59','2019-06-11 01:52:59',NULL,NULL),(29,3,NULL,NULL,NULL,'2019-06-11 01:52:59','2019-06-11 01:52:59',NULL,NULL),(30,3,NULL,NULL,NULL,'2019-06-11 01:52:59','2019-06-11 01:52:59',NULL,NULL),(31,4,NULL,NULL,NULL,'2019-06-11 01:52:59','2019-06-11 01:52:59',NULL,NULL),(32,4,NULL,NULL,NULL,'2019-06-11 01:52:59','2019-06-11 01:52:59',NULL,NULL),(33,4,NULL,NULL,NULL,'2019-06-11 01:52:59','2019-06-11 01:52:59',NULL,NULL),(34,4,NULL,NULL,NULL,'2019-06-11 01:52:59','2019-06-11 01:52:59',NULL,NULL),(35,4,NULL,NULL,NULL,'2019-06-11 01:52:59','2019-06-11 01:52:59',NULL,NULL),(36,4,NULL,NULL,NULL,'2019-06-11 01:52:59','2019-06-11 01:52:59',NULL,NULL),(37,4,NULL,NULL,NULL,'2019-06-11 01:52:59','2019-06-11 01:52:59',NULL,NULL),(38,4,NULL,NULL,NULL,'2019-06-11 01:52:59','2019-06-11 01:52:59',NULL,NULL),(39,4,NULL,NULL,NULL,'2019-06-11 01:52:59','2019-06-11 01:52:59',NULL,NULL),(40,4,NULL,NULL,NULL,'2019-06-11 01:52:59','2019-06-11 01:52:59',NULL,NULL),(41,4,NULL,NULL,NULL,'2019-06-11 01:52:59','2019-06-11 01:52:59',NULL,NULL),(42,4,NULL,NULL,NULL,'2019-06-11 01:52:59','2019-06-11 01:52:59',NULL,NULL),(43,4,NULL,NULL,NULL,'2019-06-11 01:52:59','2019-06-11 01:52:59',NULL,NULL),(44,4,NULL,NULL,NULL,'2019-06-11 01:52:59','2019-06-11 01:52:59',NULL,NULL),(45,4,NULL,NULL,NULL,'2019-06-11 01:52:59','2019-06-11 01:52:59',NULL,NULL),(46,4,NULL,NULL,NULL,'2019-06-11 01:52:59','2019-06-11 01:52:59',NULL,NULL),(47,4,NULL,NULL,NULL,'2019-06-11 01:52:59','2019-06-11 01:52:59',NULL,NULL),(48,4,NULL,NULL,NULL,'2019-06-11 01:52:59','2019-06-11 01:52:59',NULL,NULL),(49,4,NULL,NULL,NULL,'2019-06-11 01:52:59','2019-06-11 01:52:59',NULL,NULL),(50,4,NULL,NULL,NULL,'2019-06-11 01:52:59','2019-06-11 01:52:59',NULL,NULL);
/*!40000 ALTER TABLE `license_seats` ENABLE KEYS */;
UNLOCK TABLES;

--
-- Table structure for table `licenses`
--

DROP TABLE IF EXISTS `licenses`;
/*!40101 SET @saved_cs_client     = @@character_set_client */;
/*!40101 SET character_set_client = utf8 */;
CREATE TABLE `licenses` (
  `id` int(10) unsigned NOT NULL AUTO_INCREMENT,
  `name` varchar(191) COLLATE utf8mb4_unicode_ci DEFAULT NULL,
  `serial` varchar(2048) COLLATE utf8mb4_unicode_ci DEFAULT NULL,
  `purchase_date` date DEFAULT NULL,
  `purchase_cost` decimal(20,2) DEFAULT NULL,
  `order_number` varchar(50) COLLATE utf8mb4_unicode_ci DEFAULT NULL,
  `seats` int(11) NOT NULL DEFAULT '1',
  `notes` text COLLATE utf8mb4_unicode_ci,
  `user_id` int(11) DEFAULT NULL,
  `depreciation_id` int(11) DEFAULT NULL,
  `created_at` timestamp NULL DEFAULT NULL,
  `updated_at` timestamp NULL DEFAULT NULL,
  `deleted_at` timestamp NULL DEFAULT NULL,
  `license_name` varchar(120) COLLATE utf8mb4_unicode_ci DEFAULT NULL,
  `license_email` varchar(191) COLLATE utf8mb4_unicode_ci DEFAULT NULL,
  `depreciate` tinyint(1) DEFAULT NULL,
  `supplier_id` int(11) DEFAULT NULL,
  `expiration_date` date DEFAULT NULL,
  `purchase_order` varchar(191) COLLATE utf8mb4_unicode_ci DEFAULT NULL,
  `termination_date` date DEFAULT NULL,
  `maintained` tinyint(1) DEFAULT NULL,
  `reassignable` tinyint(1) NOT NULL DEFAULT '1',
  `company_id` int(10) unsigned DEFAULT NULL,
  `manufacturer_id` int(11) DEFAULT NULL,
  `category_id` int(11) DEFAULT NULL,
  PRIMARY KEY (`id`)
) ENGINE=InnoDB AUTO_INCREMENT=5 DEFAULT CHARSET=utf8mb4 COLLATE=utf8mb4_unicode_ci;
/*!40101 SET character_set_client = @saved_cs_client */;

--
-- Dumping data for table `licenses`
--

LOCK TABLES `licenses` WRITE;
/*!40000 ALTER TABLE `licenses` DISABLE KEYS */;
INSERT INTO `licenses` VALUES (1,'Photoshop','1b54595e-4df6-3097-821d-d5c5c628f9e1','2018-12-08',299.99,'12103989',10,'Created by DB seeder',1,NULL,'2019-06-11 01:52:59','2019-06-11 01:52:59',NULL,'Dr. Kitty Rogahn III','sidney35@example.net',NULL,4,'2020-02-22','13503Q','2019-03-28',1,0,NULL,9,14),(2,'Acrobat','58e71064-ecd1-3588-bf7d-dca5bd8cdb73','2018-10-08',29.99,'40591445',10,'Created by DB seeder',1,NULL,'2019-06-11 01:52:59','2019-06-11 01:52:59',NULL,'Dayna Hackett','cloyd47@example.net',NULL,5,'2021-08-22',NULL,'2019-03-30',NULL,1,NULL,9,14),(3,'InDesign','afe8a6e3-948a-3422-8613-7bafaa018b7e','2019-01-25',199.99,'37320235',10,'Created by DB seeder',1,NULL,'2019-06-11 01:52:59','2019-06-11 01:52:59',NULL,'Sabina Rohan','vallie41@example.net',NULL,4,'2020-07-30',NULL,'2019-01-05',NULL,0,NULL,9,14),(4,'Office','6fe49ad9-2a2d-3970-ab2d-52659aaf9f24','2018-12-03',49.99,'21530987',20,'Created by DB seeder',1,NULL,'2019-06-11 01:52:59','2019-06-11 01:52:59',NULL,'Jaeden Zemlak','adams.cassandra@example.com',NULL,2,'2019-12-06',NULL,'2019-03-05',NULL,0,NULL,2,15);
/*!40000 ALTER TABLE `licenses` ENABLE KEYS */;
UNLOCK TABLES;

--
-- Table structure for table `locations`
--

DROP TABLE IF EXISTS `locations`;
/*!40101 SET @saved_cs_client     = @@character_set_client */;
/*!40101 SET character_set_client = utf8 */;
CREATE TABLE `locations` (
  `id` int(10) unsigned NOT NULL AUTO_INCREMENT,
  `name` varchar(191) COLLATE utf8mb4_unicode_ci DEFAULT NULL,
  `city` varchar(191) COLLATE utf8mb4_unicode_ci DEFAULT NULL,
  `state` varchar(191) COLLATE utf8mb4_unicode_ci DEFAULT NULL,
  `country` varchar(191) COLLATE utf8mb4_unicode_ci DEFAULT NULL,
  `created_at` timestamp NULL DEFAULT NULL,
  `updated_at` timestamp NULL DEFAULT NULL,
  `user_id` int(11) DEFAULT NULL,
  `address` varchar(191) COLLATE utf8mb4_unicode_ci DEFAULT NULL,
  `address2` varchar(191) COLLATE utf8mb4_unicode_ci DEFAULT NULL,
  `zip` varchar(10) COLLATE utf8mb4_unicode_ci DEFAULT NULL,
  `deleted_at` timestamp NULL DEFAULT NULL,
  `parent_id` int(11) DEFAULT NULL,
  `currency` varchar(10) COLLATE utf8mb4_unicode_ci DEFAULT NULL,
  `ldap_ou` varchar(191) COLLATE utf8mb4_unicode_ci DEFAULT NULL,
  `manager_id` int(11) DEFAULT NULL,
  `image` varchar(191) COLLATE utf8mb4_unicode_ci DEFAULT NULL,
  PRIMARY KEY (`id`)
) ENGINE=InnoDB AUTO_INCREMENT=15 DEFAULT CHARSET=utf8mb4 COLLATE=utf8mb4_unicode_ci;
/*!40101 SET character_set_client = @saved_cs_client */;

--
-- Dumping data for table `locations`
--

LOCK TABLES `locations` WRITE;
/*!40000 ALTER TABLE `locations` DISABLE KEYS */;
INSERT INTO `locations` VALUES (1,'Lake Demetrius','Kulasmouth','CO','LV','2019-06-11 01:52:40','2019-06-11 01:52:40',NULL,'1621 Cleveland Neck Apt. 506','Suite 881','07982',NULL,NULL,'JOD',NULL,NULL,'2.jpg'),(2,'Raeganport','Stoneland','RI','UZ','2019-06-11 01:52:40','2019-06-11 01:52:40',NULL,'6329 Karolann Bridge','Suite 568','44228',NULL,NULL,'MOP',NULL,NULL,'4.jpg'),(3,'North Morganborough','East Leannside','WA','KN','2019-06-11 01:52:40','2019-06-11 01:52:40',NULL,'266 Cooper Isle','Apt. 881','34992',NULL,NULL,'BND',NULL,NULL,'1.jpg'),(4,'Port Adalberto','East Nicholaschester','GA','LY','2019-06-11 01:52:40','2019-06-11 01:52:40',NULL,'1895 Oberbrunner Harbors Apt. 748','Suite 097','22182-9412',NULL,NULL,'BTN',NULL,NULL,'1.jpg'),(5,'Eichmannbury','West Benedictbury','CO','NE','2019-06-11 01:52:40','2019-06-11 01:52:40',NULL,'541 Abel Roads Suite 796','Suite 807','87611-0059',NULL,NULL,'RWF',NULL,NULL,'5.jpg'),(6,'Gersonberg','South Kaelastad','VT','GY','2019-06-11 01:52:40','2019-06-11 01:52:40',NULL,'831 White Springs Suite 215','Suite 585','83145',NULL,NULL,'KPW',NULL,NULL,'6.jpg'),(7,'North Ernestinafort','North Erick','MO','ER','2019-06-11 01:52:40','2019-06-11 01:52:40',NULL,'393 Kunze Port','Apt. 998','38289',NULL,NULL,'ALL',NULL,NULL,'3.jpg'),(8,'Mitchelbury','Leifton','KS','CF','2019-06-11 01:52:40','2019-06-11 01:52:40',NULL,'853 Alexis Throughway Suite 237','Apt. 752','96567-8262',NULL,NULL,'VEF',NULL,NULL,'5.jpg'),(9,'South Bernardomouth','Port Julioland','MD','MM','2019-06-11 01:52:40','2019-06-11 01:52:40',NULL,'725 Zoe Drive','Suite 770','85438',NULL,NULL,'KHR',NULL,NULL,'9.jpg'),(10,'Macejkovicstad','Lake Kristin','NY','FJ','2019-06-11 01:52:40','2019-06-11 01:52:40',NULL,'2174 Terry Unions','Suite 959','48966-9951',NULL,NULL,'LRD',NULL,NULL,'7.jpg'),(11,'Waseco Building','Ho Chi Minh',NULL,'VN','2019-06-27 00:07:17','2019-07-05 03:48:57',59,'10 ph quang P.2 Q.TB tp.HCM',NULL,NULL,NULL,NULL,NULL,NULL,59,'11-wasecojpeg.jpeg'),(12,'123 Thu Dau 1, BInh Duong',NULL,NULL,NULL,'2019-07-17 21:21:56','2019-07-17 21:21:56',59,NULL,NULL,NULL,NULL,NULL,NULL,NULL,NULL,'wsRjytKbiBvAFV8cj4d0Cz8Ru.jpeg'),(13,'Nh b Thanh','Ho Chi Minh City',NULL,'VN','2019-08-09 01:12:15','2019-08-09 01:12:49',59,'123 Trng Chinh',NULL,NULL,NULL,NULL,NULL,NULL,NULL,NULL),(14,'Fegle Home','','','','2019-08-11 23:43:12','2019-08-11 23:43:12',59,'',NULL,NULL,NULL,NULL,NULL,NULL,NULL,NULL);
/*!40000 ALTER TABLE `locations` ENABLE KEYS */;
UNLOCK TABLES;

--
-- Table structure for table `login_attempts`
--

DROP TABLE IF EXISTS `login_attempts`;
/*!40101 SET @saved_cs_client     = @@character_set_client */;
/*!40101 SET character_set_client = utf8 */;
CREATE TABLE `login_attempts` (
  `id` int(10) unsigned NOT NULL AUTO_INCREMENT,
  `username` varchar(191) COLLATE utf8mb4_unicode_ci DEFAULT NULL,
  `remote_ip` varchar(45) COLLATE utf8mb4_unicode_ci DEFAULT NULL,
  `user_agent` varchar(191) COLLATE utf8mb4_unicode_ci DEFAULT NULL,
  `successful` tinyint(1) DEFAULT NULL,
  `created_at` timestamp NULL DEFAULT NULL,
  `updated_at` timestamp NULL DEFAULT NULL,
  PRIMARY KEY (`id`)
) ENGINE=InnoDB AUTO_INCREMENT=117 DEFAULT CHARSET=utf8mb4 COLLATE=utf8mb4_unicode_ci;
/*!40101 SET character_set_client = @saved_cs_client */;

--
-- Dumping data for table `login_attempts`
--

LOCK TABLES `login_attempts` WRITE;
/*!40000 ALTER TABLE `login_attempts` DISABLE KEYS */;
INSERT INTO `login_attempts` VALUES (1,'ha.tb','172.29.0.1','Mozilla/5.0 (Macintosh; Intel Mac OS X 10_14_5) AppleWebKit/537.36 (KHTML, like Gecko) Chrome/74.0.3729.169 Safari/537.36',1,'2019-06-11 01:51:23',NULL),(2,'ha.tb','172.18.0.1','Mozilla/5.0 (Macintosh; Intel Mac OS X 10_14_5) AppleWebKit/537.36 (KHTML, like Gecko) coc_coc_browser/79.0.114 Chrome/73.0.3683.114 Safari/537.36',0,'2019-06-11 20:08:09',NULL),(3,'ha.tb','172.18.0.1','Mozilla/5.0 (Macintosh; Intel Mac OS X 10_14_5) AppleWebKit/537.36 (KHTML, like Gecko) coc_coc_browser/79.0.114 Chrome/73.0.3683.114 Safari/537.36',0,'2019-06-11 20:08:20',NULL),(4,'ha.tb','172.18.0.1','Mozilla/5.0 (Macintosh; Intel Mac OS X 10_14_5) AppleWebKit/537.36 (KHTML, like Gecko) coc_coc_browser/79.0.114 Chrome/73.0.3683.114 Safari/537.36',0,'2019-06-11 20:08:57',NULL),(5,'ha.tb@vn.vinx.asia','172.18.0.1','Mozilla/5.0 (Macintosh; Intel Mac OS X 10_14_5) AppleWebKit/537.36 (KHTML, like Gecko) coc_coc_browser/79.0.114 Chrome/73.0.3683.114 Safari/537.36',0,'2019-06-11 20:26:16',NULL),(6,'ha.tb','172.18.0.1','Mozilla/5.0 (Macintosh; Intel Mac OS X 10_14_5) AppleWebKit/537.36 (KHTML, like Gecko) coc_coc_browser/79.0.114 Chrome/73.0.3683.114 Safari/537.36',1,'2019-06-11 20:28:54',NULL),(7,'ha.tb','192.168.0.37','Mozilla/5.0 (Macintosh; Intel Mac OS X 10_14_5) AppleWebKit/537.36 (KHTML, like Gecko) Chrome/75.0.3770.100 Safari/537.36',0,'2019-06-24 19:04:51',NULL),(8,'ha.tb','192.168.0.37','Mozilla/5.0 (Macintosh; Intel Mac OS X 10_14_5) AppleWebKit/537.36 (KHTML, like Gecko) Chrome/75.0.3770.100 Safari/537.36',0,'2019-06-24 19:05:10',NULL),(9,'ha.tb','192.168.0.37','Mozilla/5.0 (Macintosh; Intel Mac OS X 10_14_5) AppleWebKit/537.36 (KHTML, like Gecko) Chrome/75.0.3770.100 Safari/537.36',1,'2019-06-24 19:05:40',NULL),(10,'ha.tb','192.168.0.37','Mozilla/5.0 (Macintosh; Intel Mac OS X 10_14_5) AppleWebKit/537.36 (KHTML, like Gecko) Chrome/75.0.3770.100 Safari/537.36',0,'2019-06-25 20:47:44',NULL),(11,'ha.tb','192.168.0.37','Mozilla/5.0 (Macintosh; Intel Mac OS X 10_14_5) AppleWebKit/537.36 (KHTML, like Gecko) Chrome/75.0.3770.100 Safari/537.36',1,'2019-06-25 20:47:51',NULL),(12,'snipeit','192.168.0.112','Mozilla/5.0 (X11; Ubuntu; Linux x86_64; rv:67.0) Gecko/20100101 Firefox/67.0',0,'2019-06-25 21:03:16',NULL),(13,'snipeit','192.168.0.112','Mozilla/5.0 (X11; Ubuntu; Linux x86_64; rv:67.0) Gecko/20100101 Firefox/67.0',0,'2019-06-25 21:03:40',NULL),(14,'ha.tb','192.168.0.112','Mozilla/5.0 (X11; Ubuntu; Linux x86_64; rv:67.0) Gecko/20100101 Firefox/67.0',1,'2019-06-25 21:04:09',NULL),(15,'ha.tb','192.168.0.92','Mozilla/5.0 (X11; Linux x86_64) AppleWebKit/537.36 (KHTML, like Gecko) Ubuntu Chromium/75.0.3770.90 Chrome/75.0.3770.90 Safari/537.36',1,'2019-06-25 23:44:23',NULL),(16,'ha.tb','192.168.0.141','Mozilla/5.0 (Windows NT 10.0; Win64; x64) AppleWebKit/537.36 (KHTML, like Gecko) Chrome/75.0.3770.100 Safari/537.36',1,'2019-06-26 19:16:24',NULL),(17,'admin','192.168.0.124','Mozilla/5.0 (X11; Ubuntu; Linux x86_64; rv:67.0) Gecko/20100101 Firefox/67.0',0,'2019-06-26 23:25:36',NULL),(18,'admin','192.168.0.124','Mozilla/5.0 (X11; Ubuntu; Linux x86_64; rv:67.0) Gecko/20100101 Firefox/67.0',0,'2019-06-26 23:37:01',NULL),(19,'admin','192.168.0.124','Mozilla/5.0 (X11; Ubuntu; Linux x86_64; rv:67.0) Gecko/20100101 Firefox/67.0',0,'2019-06-26 23:37:57',NULL),(20,'admin','192.168.0.124','Mozilla/5.0 (X11; Ubuntu; Linux x86_64; rv:67.0) Gecko/20100101 Firefox/67.0',0,'2019-06-26 23:38:28',NULL),(21,'admin','192.168.0.124','Mozilla/5.0 (X11; Ubuntu; Linux x86_64; rv:67.0) Gecko/20100101 Firefox/67.0',0,'2019-06-26 23:38:59',NULL),(22,'ha.tb','192.168.0.124','Mozilla/5.0 (X11; Ubuntu; Linux x86_64; rv:67.0) Gecko/20100101 Firefox/67.0',1,'2019-06-26 23:40:30',NULL),(23,'ha.tb','192.168.0.95','Mozilla/5.0 (Windows NT 10.0; Win64; x64) AppleWebKit/537.36 (KHTML, like Gecko) Chrome/74.0.3729.169 Safari/537.36',0,'2019-07-02 23:46:42',NULL),(24,'ha.tb','192.168.0.95','Mozilla/5.0 (Windows NT 10.0; Win64; x64) AppleWebKit/537.36 (KHTML, like Gecko) Chrome/74.0.3729.169 Safari/537.36',1,'2019-07-02 23:47:00',NULL),(25,'ha.tb','192.168.0.37','Mozilla/5.0 (Macintosh; Intel Mac OS X 10_14_5) AppleWebKit/537.36 (KHTML, like Gecko) Chrome/75.0.3770.100 Safari/537.36',1,'2019-07-02 23:57:17',NULL),(26,'ha.tb','192.168.0.112','Mozilla/5.0 (X11; Ubuntu; Linux x86_64; rv:67.0) Gecko/20100101 Firefox/67.0',1,'2019-07-03 18:53:23',NULL),(27,'ha.tb','192.168.0.70','Mozilla/5.0 (Linux; Android 9; SM-G960N) AppleWebKit/537.36 (KHTML, like Gecko) Chrome/75.0.3770.101 Mobile Safari/537.36',1,'2019-07-04 20:39:34',NULL),(28,'ha.tb','192.168.0.124','Mozilla/5.0 (X11; Ubuntu; Linux x86_64; rv:67.0) Gecko/20100101 Firefox/67.0',0,'2019-07-04 20:54:12',NULL),(29,'ha.tb','192.168.0.124','Mozilla/5.0 (X11; Ubuntu; Linux x86_64; rv:67.0) Gecko/20100101 Firefox/67.0',1,'2019-07-04 20:54:33',NULL),(30,'ha.tb','192.168.0.92','Mozilla/5.0 (X11; Ubuntu; Linux x86_64; rv:67.0) Gecko/20100101 Firefox/67.0',1,'2019-07-05 00:25:06',NULL),(31,'ha.tb','192.168.0.112','Mozilla/5.0 (X11; Ubuntu; Linux x86_64; rv:67.0) Gecko/20100101 Firefox/67.0',1,'2019-07-05 00:26:47',NULL),(32,'ha.tb','192.168.0.103','Mozilla/5.0 (X11; Linux x86_64) AppleWebKit/537.36 (KHTML, like Gecko) Chrome/75.0.3770.90 Safari/537.36',1,'2019-07-05 00:29:23',NULL),(33,'ha.tb','192.168.0.103','Mozilla/5.0 (X11; Linux x86_64) AppleWebKit/537.36 (KHTML, like Gecko) Chrome/75.0.3770.90 Safari/537.36',1,'2019-07-05 01:09:22',NULL),(34,'ha.tb','192.168.0.88','Mozilla/5.0 (X11; Linux x86_64) AppleWebKit/537.36 (KHTML, like Gecko) Chrome/75.0.3770.100 Safari/537.36',0,'2019-07-05 01:53:33',NULL),(35,'ha.tb','192.168.0.88','Mozilla/5.0 (X11; Linux x86_64) AppleWebKit/537.36 (KHTML, like Gecko) Chrome/75.0.3770.100 Safari/537.36',1,'2019-07-05 01:53:48',NULL),(36,'ha.tb','192.168.0.124','Mozilla/5.0 (X11; Ubuntu; Linux x86_64; rv:67.0) Gecko/20100101 Firefox/67.0',1,'2019-07-07 18:11:48',NULL),(37,'ha.tb','192.168.0.112','Mozilla/5.0 (X11; Ubuntu; Linux x86_64; rv:67.0) Gecko/20100101 Firefox/67.0',1,'2019-07-07 18:39:57',NULL),(38,'ha.tb','192.168.0.92','Mozilla/5.0 (X11; Linux x86_64) AppleWebKit/537.36 (KHTML, like Gecko) Ubuntu Chromium/75.0.3770.90 Chrome/75.0.3770.90 Safari/537.36',1,'2019-07-08 00:17:51',NULL),(39,'ha.tb','192.168.0.124','Mozilla/5.0 (X11; Ubuntu; Linux x86_64; rv:67.0) Gecko/20100101 Firefox/67.0',1,'2019-07-08 00:20:26',NULL),(40,'ha.tb','192.168.0.112','Mozilla/5.0 (X11; Ubuntu; Linux x86_64; rv:67.0) Gecko/20100101 Firefox/67.0',1,'2019-07-08 19:36:28',NULL),(41,'thonglt','192.168.0.41','Mozilla/5.0 (Linux; U; Android 7.0; en-us; Redmi Note 4 Build/NRD90M) AppleWebKit/537.36 (KHTML, like Gecko) Version/4.0 Chrome/61.0.3163.128 Mobile Safari/537.36 XiaoMi/MiuiBrowser/10.8.3-g',0,'2019-07-09 00:56:34',NULL),(42,'TidusLee','192.168.0.41','Mozilla/5.0 (Linux; U; Android 7.0; en-us; Redmi Note 4 Build/NRD90M) AppleWebKit/537.36 (KHTML, like Gecko) Version/4.0 Chrome/61.0.3163.128 Mobile Safari/537.36 XiaoMi/MiuiBrowser/10.8.3-g',1,'2019-07-09 00:56:53',NULL),(43,'ha.tb','192.168.0.141','Mozilla/5.0 (Windows NT 10.0; Win64; x64) AppleWebKit/537.36 (KHTML, like Gecko) Chrome/75.0.3770.100 Safari/537.36',1,'2019-07-09 01:06:00',NULL),(44,'TidusLee','192.168.0.88','Mozilla/5.0 (X11; Linux x86_64) AppleWebKit/537.36 (KHTML, like Gecko) Chrome/75.0.3770.100 Safari/537.36',1,'2019-07-09 01:39:59',NULL),(45,'tiduslee','192.168.0.88','Mozilla/5.0 (X11; Ubuntu; Linux x86_64; rv:67.0) Gecko/20100101 Firefox/67.0',0,'2019-07-09 01:42:08',NULL),(46,'TidusLee','192.168.0.88','Mozilla/5.0 (X11; Ubuntu; Linux x86_64; rv:67.0) Gecko/20100101 Firefox/67.0',1,'2019-07-09 01:42:17',NULL),(47,'ha.tb','192.168.0.112','Mozilla/5.0 (X11; Ubuntu; Linux x86_64; rv:67.0) Gecko/20100101 Firefox/67.0',1,'2019-07-10 23:54:35',NULL),(48,'ha.tb','192.168.0.95','Mozilla/5.0 (Windows NT 10.0; Win64; x64) AppleWebKit/537.36 (KHTML, like Gecko) Chrome/74.0.3729.169 Safari/537.36',1,'2019-07-11 19:47:44',NULL),(49,'thonglt','192.168.0.88','Mozilla/5.0 (X11; Linux x86_64) AppleWebKit/537.36 (KHTML, like Gecko) Chrome/75.0.3770.142 Safari/537.36',0,'2019-07-15 20:52:32',NULL),(50,'thonglt','192.168.0.88','Mozilla/5.0 (X11; Linux x86_64) AppleWebKit/537.36 (KHTML, like Gecko) Chrome/75.0.3770.142 Safari/537.36',0,'2019-07-15 20:52:41',NULL),(51,'ha.tb','192.168.0.88','Mozilla/5.0 (X11; Linux x86_64) AppleWebKit/537.36 (KHTML, like Gecko) Chrome/75.0.3770.142 Safari/537.36',0,'2019-07-15 20:53:15',NULL),(52,'ha.tb','192.168.0.88','Mozilla/5.0 (X11; Linux x86_64) AppleWebKit/537.36 (KHTML, like Gecko) Chrome/75.0.3770.142 Safari/537.36',1,'2019-07-15 20:53:37',NULL),(53,'ha.tb','192.168.0.141','Mozilla/5.0 (Windows NT 10.0; Win64; x64) AppleWebKit/537.36 (KHTML, like Gecko) Chrome/75.0.3770.100 Safari/537.36',1,'2019-07-15 20:53:48',NULL),(54,'ha.tb','192.168.0.56','Mozilla/5.0 (Macintosh; Intel Mac OS X 10_14_5) AppleWebKit/537.36 (KHTML, like Gecko) Chrome/75.0.3770.142 Safari/537.36',1,'2019-07-16 00:13:22',NULL),(55,'ha.tb','192.168.0.92','Mozilla/5.0 (X11; Linux x86_64) AppleWebKit/537.36 (KHTML, like Gecko) Ubuntu Chromium/75.0.3770.90 Chrome/75.0.3770.90 Safari/537.36',1,'2019-07-16 01:52:19',NULL),(56,'ha.tb','192.168.0.112','Mozilla/5.0 (X11; Ubuntu; Linux x86_64; rv:68.0) Gecko/20100101 Firefox/68.0',1,'2019-07-16 02:08:27',NULL),(57,'ha.tb','192.168.0.124','Mozilla/5.0 (X11; Ubuntu; Linux x86_64; rv:68.0) Gecko/20100101 Firefox/68.0',1,'2019-07-16 18:54:51',NULL),(58,'ha.tb','192.168.0.88','Mozilla/5.0 (X11; Ubuntu; Linux x86_64; rv:68.0) Gecko/20100101 Firefox/68.0',1,'2019-07-16 19:30:39',NULL),(59,'ha.tb','192.168.0.112','Mozilla/5.0 (X11; Ubuntu; Linux x86_64; rv:68.0) Gecko/20100101 Firefox/68.0',1,'2019-07-16 19:50:06',NULL),(60,'sutu9578','192.168.0.124','Mozilla/5.0 (X11; Ubuntu; Linux x86_64; rv:68.0) Gecko/20100101 Firefox/68.0',1,'2019-07-16 20:07:27',NULL),(61,'diem.gtn','192.168.0.112','Mozilla/5.0 (X11; Ubuntu; Linux x86_64; rv:68.0) Gecko/20100101 Firefox/68.0',1,'2019-07-16 20:08:40',NULL),(62,'ha.tb','192.168.0.112','Mozilla/5.0 (X11; Ubuntu; Linux x86_64; rv:68.0) Gecko/20100101 Firefox/68.0',1,'2019-07-16 20:09:50',NULL),(63,'diem.gtn','192.168.0.112','Mozilla/5.0 (X11; Ubuntu; Linux x86_64; rv:68.0) Gecko/20100101 Firefox/68.0',1,'2019-07-16 20:10:43',NULL),(64,'ha.tb','192.168.0.112','Mozilla/5.0 (X11; Ubuntu; Linux x86_64; rv:68.0) Gecko/20100101 Firefox/68.0',1,'2019-07-16 20:13:18',NULL),(65,'lntduong','192.168.0.92','Mozilla/5.0 (X11; Linux x86_64) AppleWebKit/537.36 (KHTML, like Gecko) Ubuntu Chromium/75.0.3770.90 Chrome/75.0.3770.90 Safari/537.36',1,'2019-07-16 20:13:21',NULL),(66,'ha.tb','192.168.0.92','Mozilla/5.0 (X11; Linux x86_64) AppleWebKit/537.36 (KHTML, like Gecko) Ubuntu Chromium/75.0.3770.90 Chrome/75.0.3770.90 Safari/537.36',1,'2019-07-16 20:13:35',NULL),(67,'lntduong','192.168.0.92','Mozilla/5.0 (X11; Linux x86_64) AppleWebKit/537.36 (KHTML, like Gecko) Ubuntu Chromium/75.0.3770.90 Chrome/75.0.3770.90 Safari/537.36',1,'2019-07-16 20:14:41',NULL),(68,'diem.gtn','192.168.0.112','Mozilla/5.0 (X11; Ubuntu; Linux x86_64; rv:68.0) Gecko/20100101 Firefox/68.0',1,'2019-07-16 20:15:29',NULL),(69,'ha.tb','192.168.0.124','Mozilla/5.0 (X11; Ubuntu; Linux x86_64; rv:68.0) Gecko/20100101 Firefox/68.0',1,'2019-07-17 00:33:17',NULL),(70,'ha.tb','192.168.0.124','Mozilla/5.0 (X11; Ubuntu; Linux x86_64; rv:68.0) Gecko/20100101 Firefox/68.0',1,'2019-07-17 02:56:08',NULL),(71,'diem.gtn','192.168.0.112','Mozilla/5.0 (X11; Ubuntu; Linux x86_64; rv:68.0) Gecko/20100101 Firefox/68.0',1,'2019-07-17 18:05:36',NULL),(72,'lntduong','192.168.0.92','Mozilla/5.0 (X11; Ubuntu; Linux x86_64; rv:67.0) Gecko/20100101 Firefox/67.0',0,'2019-07-17 20:47:57',NULL),(73,'lntduong','192.168.0.92','Mozilla/5.0 (X11; Ubuntu; Linux x86_64; rv:67.0) Gecko/20100101 Firefox/67.0',0,'2019-07-17 20:48:09',NULL),(74,'duong.lnt','192.168.0.92','Mozilla/5.0 (X11; Ubuntu; Linux x86_64; rv:67.0) Gecko/20100101 Firefox/67.0',0,'2019-07-17 20:48:34',NULL),(75,'lntduong','192.168.0.92','Mozilla/5.0 (X11; Ubuntu; Linux x86_64; rv:67.0) Gecko/20100101 Firefox/67.0',1,'2019-07-17 20:48:49',NULL),(76,'ha.tb','192.168.0.112','Mozilla/5.0 (X11; Ubuntu; Linux x86_64; rv:68.0) Gecko/20100101 Firefox/68.0',1,'2019-07-24 03:41:07',NULL),(77,'ha.tb','192.168.0.112','Mozilla/5.0 (X11; Ubuntu; Linux x86_64; rv:68.0) Gecko/20100101 Firefox/68.0',1,'2019-07-24 18:33:38',NULL),(78,'ha.tb','192.168.0.112','Mozilla/5.0 (X11; Ubuntu; Linux x86_64; rv:68.0) Gecko/20100101 Firefox/68.0',1,'2019-07-28 20:15:39',NULL),(79,'diem.gtn','192.168.0.112','Mozilla/5.0 (X11; Ubuntu; Linux x86_64; rv:68.0) Gecko/20100101 Firefox/68.0',0,'2019-07-29 01:01:04',NULL),(80,'diem.gtn','192.168.0.112','Mozilla/5.0 (X11; Ubuntu; Linux x86_64; rv:68.0) Gecko/20100101 Firefox/68.0',1,'2019-07-29 01:01:14',NULL),(81,'diem.gtn','192.168.0.112','Mozilla/5.0 (X11; Ubuntu; Linux x86_64; rv:68.0) Gecko/20100101 Firefox/68.0',1,'2019-07-29 20:10:41',NULL),(82,'diem.gtn','192.168.0.112','Mozilla/5.0 (X11; Ubuntu; Linux x86_64; rv:68.0) Gecko/20100101 Firefox/68.0',1,'2019-07-30 18:26:29',NULL),(83,'diem.gtn','192.168.0.112','Mozilla/5.0 (X11; Ubuntu; Linux x86_64; rv:68.0) Gecko/20100101 Firefox/68.0',1,'2019-07-31 18:56:18',NULL),(84,'ha.tb','192.168.0.88','Mozilla/5.0 (X11; Linux x86_64) AppleWebKit/537.36 (KHTML, like Gecko) Chrome/75.0.3770.142 Safari/537.36',1,'2019-07-31 21:10:02',NULL),(85,'diem.gtn','192.168.0.112','Mozilla/5.0 (X11; Linux x86_64) AppleWebKit/537.36 (KHTML, like Gecko) snap Chromium/76.0.3809.87 Chrome/76.0.3809.87 Safari/537.36',1,'2019-08-02 00:14:33',NULL),(86,'diem.gtn','192.168.0.92','Mozilla/5.0 (X11; Linux x86_64) AppleWebKit/537.36 (KHTML, like Gecko) Ubuntu Chromium/75.0.3770.90 Chrome/75.0.3770.90 Safari/537.36',1,'2019-08-02 01:30:24',NULL),(87,'lntduong','192.168.0.92','Mozilla/5.0 (X11; Linux x86_64) AppleWebKit/537.36 (KHTML, like Gecko) Ubuntu Chromium/75.0.3770.90 Chrome/75.0.3770.90 Safari/537.36',1,'2019-08-02 01:45:36',NULL),(88,'lntduong','192.168.0.92','Mozilla/5.0 (X11; Linux x86_64) AppleWebKit/537.36 (KHTML, like Gecko) Ubuntu Chromium/75.0.3770.90 Chrome/75.0.3770.90 Safari/537.36',1,'2019-08-02 01:45:36',NULL),(89,'ha.tb','192.168.0.92','Mozilla/5.0 (X11; Linux x86_64) AppleWebKit/537.36 (KHTML, like Gecko) Ubuntu Chromium/75.0.3770.90 Chrome/75.0.3770.90 Safari/537.36',1,'2019-08-02 01:45:52',NULL),(90,'diem-gtn','192.168.0.112','Mozilla/5.0 (X11; Ubuntu; Linux x86_64; rv:68.0) Gecko/20100101 Firefox/68.0',0,'2019-08-04 21:02:09',NULL),(91,'diem.gtn','192.168.0.112','Mozilla/5.0 (X11; Ubuntu; Linux x86_64; rv:68.0) Gecko/20100101 Firefox/68.0',1,'2019-08-04 21:02:25',NULL),(92,'ha.tb','192.168.0.144','Mozilla/5.0 (Windows NT 6.2; Win64; x64) AppleWebKit/537.36 (KHTML, like Gecko) Chrome/75.0.3770.142 Safari/537.36',1,'2019-08-04 21:57:33',NULL),(93,'diem.gtn','192.168.0.112','Mozilla/5.0 (X11; Ubuntu; Linux x86_64; rv:68.0) Gecko/20100101 Firefox/68.0',1,'2019-08-05 21:39:34',NULL),(94,'ha.vvc','192.168.0.56','Mozilla/5.0 (Macintosh; Intel Mac OS X 10.14; rv:54.0) Gecko/20100101 Firefox/54.0',1,'2019-08-06 02:04:59',NULL),(95,'ha.vvc','192.168.0.56','Mozilla/5.0 (Macintosh; Intel Mac OS X 10.14; rv:54.0) Gecko/20100101 Firefox/54.0',1,'2019-08-06 02:07:17',NULL),(96,'diem-gtn','192.168.0.112','Mozilla/5.0 (X11; Ubuntu; Linux x86_64; rv:68.0) Gecko/20100101 Firefox/68.0',0,'2019-08-06 18:25:24',NULL),(97,'diem-gtn','192.168.0.112','Mozilla/5.0 (X11; Ubuntu; Linux x86_64; rv:68.0) Gecko/20100101 Firefox/68.0',0,'2019-08-06 18:25:31',NULL),(98,'diem-gtn','192.168.0.112','Mozilla/5.0 (X11; Ubuntu; Linux x86_64; rv:68.0) Gecko/20100101 Firefox/68.0',0,'2019-08-06 18:25:39',NULL),(99,'diem.gtn','192.168.0.112','Mozilla/5.0 (X11; Ubuntu; Linux x86_64; rv:68.0) Gecko/20100101 Firefox/68.0',1,'2019-08-06 18:25:49',NULL),(100,'diem.gtn','192.168.0.84','Mozilla/5.0 (Windows NT 10.0; Win64; x64) AppleWebKit/537.36 (KHTML, like Gecko) Chrome/75.0.3770.100 Safari/537.36',1,'2019-08-07 19:30:51',NULL),(101,'diem.gtn','192.168.0.112','Mozilla/5.0 (X11; Ubuntu; Linux x86_64; rv:68.0) Gecko/20100101 Firefox/68.0',1,'2019-08-08 19:26:29',NULL),(102,'ha.tb','192.168.0.70','Mozilla/5.0 (Linux; Android 9; SM-G960N) AppleWebKit/537.36 (KHTML, like Gecko) Chrome/76.0.3809.89 Mobile Safari/537.36',1,'2019-08-08 19:45:37',NULL),(103,'trang.dtp','192.168.0.100','Mozilla/5.0 (Windows NT 10.0; Win64; x64) AppleWebKit/537.36 (KHTML, like Gecko) Chrome/76.0.3809.100 Safari/537.36',0,'2019-08-08 23:44:47',NULL),(104,'trang.dtp','192.168.0.100','Mozilla/5.0 (Windows NT 10.0; Win64; x64) AppleWebKit/537.36 (KHTML, like Gecko) Chrome/76.0.3809.100 Safari/537.36',0,'2019-08-08 23:45:07',NULL),(105,'trang.dtp','192.168.0.100','Mozilla/5.0 (Windows NT 10.0; Win64; x64) AppleWebKit/537.36 (KHTML, like Gecko) Chrome/76.0.3809.100 Safari/537.36',0,'2019-08-08 23:45:25',NULL),(106,'trang.dtp','192.168.0.100','Mozilla/5.0 (Windows NT 10.0; Win64; x64) AppleWebKit/537.36 (KHTML, like Gecko) Chrome/76.0.3809.100 Safari/537.36',0,'2019-08-08 23:52:38',NULL),(107,'sutu9578','192.168.0.124','Mozilla/5.0 (X11; Ubuntu; Linux x86_64; rv:68.0) Gecko/20100101 Firefox/68.0',0,'2019-08-08 23:55:45',NULL),(108,'sutu9578','192.168.0.124','Mozilla/5.0 (X11; Ubuntu; Linux x86_64; rv:68.0) Gecko/20100101 Firefox/68.0',0,'2019-08-08 23:55:57',NULL),(109,'sutu9578','192.168.0.124','Mozilla/5.0 (X11; Ubuntu; Linux x86_64; rv:68.0) Gecko/20100101 Firefox/68.0',0,'2019-08-08 23:59:40',NULL),(110,'sutu9578','192.168.0.124','Mozilla/5.0 (X11; Ubuntu; Linux x86_64; rv:68.0) Gecko/20100101 Firefox/68.0',1,'2019-08-08 23:59:48',NULL),(111,'diem.gtn','192.168.0.44','Mozilla/5.0 (Linux; Android 7.0; Redmi Note 4) AppleWebKit/537.36 (KHTML, like Gecko) Chrome/76.0.3809.89 Mobile Safari/537.36',1,'2019-08-09 01:08:01',NULL),(112,'trang.dtp','192.168.0.100','Mozilla/5.0 (Windows NT 10.0; Win64; x64) AppleWebKit/537.36 (KHTML, like Gecko) Chrome/76.0.3809.100 Safari/537.36',0,'2019-08-11 18:42:54',NULL),(113,'trang.dtp','192.168.0.100','Mozilla/5.0 (Windows NT 10.0; Win64; x64) AppleWebKit/537.36 (KHTML, like Gecko) Chrome/76.0.3809.100 Safari/537.36',0,'2019-08-11 18:43:31',NULL),(114,'admin','192.168.0.100','Mozilla/5.0 (Windows NT 10.0; Win64; x64) AppleWebKit/537.36 (KHTML, like Gecko) Chrome/76.0.3809.100 Safari/537.36',1,'2019-08-11 18:43:54',NULL),(115,'trang.dtp','192.168.0.100','Mozilla/5.0 (Windows NT 10.0; Win64; x64) AppleWebKit/537.36 (KHTML, like Gecko) Chrome/76.0.3809.100 Safari/537.36',1,'2019-08-11 18:44:50',NULL),(116,'admin','127.0.0.1','Mozilla/5.0 (X11; Linux x86_64) AppleWebKit/537.36 (KHTML, like Gecko) Ubuntu Chromium/75.0.3770.142 Chrome/75.0.3770.142 Safari/537.36',1,'2019-08-12 03:03:48',NULL);
/*!40000 ALTER TABLE `login_attempts` ENABLE KEYS */;
UNLOCK TABLES;

--
-- Table structure for table `manufacturers`
--

DROP TABLE IF EXISTS `manufacturers`;
/*!40101 SET @saved_cs_client     = @@character_set_client */;
/*!40101 SET character_set_client = utf8 */;
CREATE TABLE `manufacturers` (
  `id` int(10) unsigned NOT NULL AUTO_INCREMENT,
  `name` varchar(191) COLLATE utf8mb4_unicode_ci NOT NULL,
  `created_at` timestamp NULL DEFAULT NULL,
  `updated_at` timestamp NULL DEFAULT NULL,
  `user_id` int(11) DEFAULT NULL,
  `deleted_at` timestamp NULL DEFAULT NULL,
  `url` varchar(191) COLLATE utf8mb4_unicode_ci DEFAULT NULL,
  `support_url` varchar(191) COLLATE utf8mb4_unicode_ci DEFAULT NULL,
  `support_phone` varchar(191) COLLATE utf8mb4_unicode_ci DEFAULT NULL,
  `support_email` varchar(191) COLLATE utf8mb4_unicode_ci DEFAULT NULL,
  `image` varchar(191) COLLATE utf8mb4_unicode_ci DEFAULT NULL,
  PRIMARY KEY (`id`)
) ENGINE=InnoDB AUTO_INCREMENT=12 DEFAULT CHARSET=utf8mb4 COLLATE=utf8mb4_unicode_ci;
/*!40101 SET character_set_client = @saved_cs_client */;

--
-- Dumping data for table `manufacturers`
--

LOCK TABLES `manufacturers` WRITE;
/*!40000 ALTER TABLE `manufacturers` DISABLE KEYS */;
INSERT INTO `manufacturers` VALUES (1,'Apple','2019-06-11 01:52:40','2019-06-11 01:52:40',1,NULL,'https://apple.com','https://support.apple.com','+1-328-617-0126','bayer.jaqueline@example.com','apple.jpg'),(2,'Microsoft','2019-06-11 01:52:40','2019-06-11 01:52:40',1,NULL,'https://microsoft.com','https://support.microsoft.com','1-574-559-7343 x2281','maggie.kovacek@example.net','microsoft.png'),(3,'Dell','2019-06-11 01:52:40','2019-06-11 01:52:40',1,NULL,'https://dell.com','https://support.dell.com','(280) 510-6152','imertz@example.com','dell.png'),(4,'Asus','2019-06-11 01:52:40','2019-06-11 01:52:40',1,NULL,'https://asus.com','https://support.asus.com','864-695-4846 x1966','wbergstrom@example.net','asus.png'),(5,'HP','2019-06-11 01:52:40','2019-06-11 01:52:40',1,NULL,'https://hp.com','https://support.hp.com','1-969-635-6175','preynolds@example.org','hp.png'),(6,'Lenovo','2019-06-11 01:52:40','2019-06-11 01:52:40',1,NULL,'https://lenovo.com','https://support.lenovo.com','(536) 648-4879 x5095','hellen03@example.net','lenovo.jpg'),(7,'LG','2019-06-11 01:52:40','2019-06-11 01:52:40',1,NULL,'https://lg.com','https://support.lg.com','+1-984-984-5485','sjast@example.org','lg.jpg'),(8,'Polycom','2019-06-11 01:52:40','2019-06-11 01:52:40',1,NULL,'https://polycom.com','https://support.polycom.com','903.836.3172 x7248','glover.erick@example.com','polycom.png'),(9,'Adobe','2019-06-11 01:52:40','2019-06-11 01:52:40',1,NULL,'https://adobe.com','https://support.adobe.com','+1-203-710-8799','west.odie@example.org','adobe.jpg'),(10,'Avery','2019-06-11 01:52:40','2019-06-11 01:52:40',1,NULL,'https://avery.com','https://support.avery.com','+1 (252) 796-0405','hackett.lafayette@example.org','avery.png'),(11,'Crucial','2019-06-11 01:52:40','2019-06-11 01:52:40',1,NULL,'https://crucial.com','https://support.crucial.com','(240) 567-4361','rodrick27@example.net','crucial.jpg');
/*!40000 ALTER TABLE `manufacturers` ENABLE KEYS */;
UNLOCK TABLES;

--
-- Table structure for table `migrations`
--

DROP TABLE IF EXISTS `migrations`;
/*!40101 SET @saved_cs_client     = @@character_set_client */;
/*!40101 SET character_set_client = utf8 */;
CREATE TABLE `migrations` (
  `id` int(10) unsigned NOT NULL AUTO_INCREMENT,
  `migration` varchar(191) COLLATE utf8mb4_unicode_ci NOT NULL,
  `batch` int(11) NOT NULL,
  PRIMARY KEY (`id`)
) ENGINE=InnoDB AUTO_INCREMENT=294 DEFAULT CHARSET=utf8mb4 COLLATE=utf8mb4_unicode_ci;
/*!40101 SET character_set_client = @saved_cs_client */;

--
-- Dumping data for table `migrations`
--

LOCK TABLES `migrations` WRITE;
/*!40000 ALTER TABLE `migrations` DISABLE KEYS */;
INSERT INTO `migrations` VALUES (1,'2012_12_06_225921_migration_cartalyst_sentry_install_users',1),(2,'2012_12_06_225929_migration_cartalyst_sentry_install_groups',1),(3,'2012_12_06_225945_migration_cartalyst_sentry_install_users_groups_pivot',1),(4,'2012_12_06_225988_migration_cartalyst_sentry_install_throttle',1),(5,'2013_03_23_193214_update_users_table',1),(6,'2013_11_13_075318_create_models_table',1),(7,'2013_11_13_075335_create_categories_table',1),(8,'2013_11_13_075347_create_manufacturers_table',1),(9,'2013_11_15_015858_add_user_id_to_categories',1),(10,'2013_11_15_112701_add_user_id_to_manufacturers',1),(11,'2013_11_15_190327_create_assets_table',1),(12,'2013_11_15_190357_create_licenses_table',1),(13,'2013_11_15_201848_add_license_name_to_licenses',1),(14,'2013_11_16_040323_create_depreciations_table',1),(15,'2013_11_16_042851_add_depreciation_id_to_models',1),(16,'2013_11_16_084923_add_user_id_to_models',1),(17,'2013_11_16_103258_create_locations_table',1),(18,'2013_11_16_103336_add_location_id_to_assets',1),(19,'2013_11_16_103407_add_checkedout_to_to_assets',1),(20,'2013_11_16_103425_create_history_table',1),(21,'2013_11_17_054359_drop_licenses_table',1),(22,'2013_11_17_054526_add_physical_to_assets',1),(23,'2013_11_17_055126_create_settings_table',1),(24,'2013_11_17_062634_add_license_to_assets',1),(25,'2013_11_18_134332_add_contacts_to_users',1),(26,'2013_11_18_142847_add_info_to_locations',1),(27,'2013_11_18_152942_remove_location_id_from_asset',1),(28,'2013_11_18_164423_set_nullvalues_for_user',1),(29,'2013_11_19_013337_create_asset_logs_table',1),(30,'2013_11_19_061409_edit_added_on_asset_logs_table',1),(31,'2013_11_19_062250_edit_location_id_asset_logs_table',1),(32,'2013_11_20_055822_add_soft_delete_on_assets',1),(33,'2013_11_20_121404_add_soft_delete_on_locations',1),(34,'2013_11_20_123137_add_soft_delete_on_manufacturers',1),(35,'2013_11_20_123725_add_soft_delete_on_categories',1),(36,'2013_11_20_130248_create_status_labels',1),(37,'2013_11_20_130830_add_status_id_on_assets_table',1),(38,'2013_11_20_131544_add_status_type_on_status_labels',1),(39,'2013_11_20_134103_add_archived_to_assets',1),(40,'2013_11_21_002321_add_uploads_table',1),(41,'2013_11_21_024531_remove_deployable_boolean_from_status_labels',1),(42,'2013_11_22_075308_add_option_label_to_settings_table',1),(43,'2013_11_22_213400_edits_to_settings_table',1),(44,'2013_11_25_013244_create_licenses_table',1),(45,'2013_11_25_031458_create_license_seats_table',1),(46,'2013_11_25_032022_add_type_to_actionlog_table',1),(47,'2013_11_25_033008_delete_bad_licenses_table',1),(48,'2013_11_25_033131_create_new_licenses_table',1),(49,'2013_11_25_033534_add_licensed_to_licenses_table',1),(50,'2013_11_25_101308_add_warrantee_to_assets_table',1),(51,'2013_11_25_104343_alter_warranty_column_on_assets',1),(52,'2013_11_25_150450_drop_parent_from_categories',1),(53,'2013_11_25_151920_add_depreciate_to_assets',1),(54,'2013_11_25_152903_add_depreciate_to_licenses_table',1),(55,'2013_11_26_211820_drop_license_from_assets_table',1),(56,'2013_11_27_062510_add_note_to_asset_logs_table',1),(57,'2013_12_01_113426_add_filename_to_asset_log',1),(58,'2013_12_06_094618_add_nullable_to_licenses_table',1),(59,'2013_12_10_084038_add_eol_on_models_table',1),(60,'2013_12_12_055218_add_manager_to_users_table',1),(61,'2014_01_28_031200_add_qr_code_to_settings_table',1),(62,'2014_02_13_183016_add_qr_text_to_settings_table',1),(63,'2014_05_24_093839_alter_default_license_depreciation_id',1),(64,'2014_05_27_231658_alter_default_values_licenses',1),(65,'2014_06_19_191508_add_asset_name_to_settings',1),(66,'2014_06_20_004847_make_asset_log_checkedout_to_nullable',1),(67,'2014_06_20_005050_make_asset_log_purchasedate_to_nullable',1),(68,'2014_06_24_003011_add_suppliers',1),(69,'2014_06_24_010742_add_supplier_id_to_asset',1),(70,'2014_06_24_012839_add_zip_to_supplier',1),(71,'2014_06_24_033908_add_url_to_supplier',1),(72,'2014_07_08_054116_add_employee_id_to_users',1),(73,'2014_07_09_134316_add_requestable_to_assets',1),(74,'2014_07_17_085822_add_asset_to_software',1),(75,'2014_07_17_161625_make_asset_id_in_logs_nullable',1),(76,'2014_08_12_053504_alpha_0_4_2_release',1),(77,'2014_08_17_083523_make_location_id_nullable',1),(78,'2014_10_16_200626_add_rtd_location_to_assets',1),(79,'2014_10_24_000417_alter_supplier_state_to_32',1),(80,'2014_10_24_015641_add_display_checkout_date',1),(81,'2014_10_28_222654_add_avatar_field_to_users_table',1),(82,'2014_10_29_045924_add_image_field_to_models_table',1),(83,'2014_11_01_214955_add_eol_display_to_settings',1),(84,'2014_11_04_231416_update_group_field_for_reporting',1),(85,'2014_11_05_212408_add_fields_to_licenses',1),(86,'2014_11_07_021042_add_image_to_supplier',1),(87,'2014_11_20_203007_add_username_to_user',1),(88,'2014_11_20_223947_add_auto_to_settings',1),(89,'2014_11_20_224421_add_prefix_to_settings',1),(90,'2014_11_21_104401_change_licence_type',1),(91,'2014_12_09_082500_add_fields_maintained_term_to_licenses',1),(92,'2015_02_04_155757_increase_user_field_lengths',1),(93,'2015_02_07_013537_add_soft_deleted_to_log',1),(94,'2015_02_10_040958_fix_bad_assigned_to_ids',1),(95,'2015_02_10_053310_migrate_data_to_new_statuses',1),(96,'2015_02_11_044104_migrate_make_license_assigned_null',1),(97,'2015_02_11_104406_migrate_create_requests_table',1),(98,'2015_02_12_001312_add_mac_address_to_asset',1),(99,'2015_02_12_024100_change_license_notes_type',1),(100,'2015_02_17_231020_add_localonly_to_settings',1),(101,'2015_02_19_222322_add_logo_and_colors_to_settings',1),(102,'2015_02_24_072043_add_alerts_to_settings',1),(103,'2015_02_25_022931_add_eula_fields',1),(104,'2015_02_25_204513_add_accessories_table',1),(105,'2015_02_26_091228_add_accessories_user_table',1),(106,'2015_02_26_115128_add_deleted_at_models',1),(107,'2015_02_26_233005_add_category_type',1),(108,'2015_03_01_231912_update_accepted_at_to_acceptance_id',1),(109,'2015_03_05_011929_add_qr_type_to_settings',1),(110,'2015_03_18_055327_add_note_to_user',1),(111,'2015_04_29_234704_add_slack_to_settings',1),(112,'2015_05_04_085151_add_parent_id_to_locations_table',1),(113,'2015_05_22_124421_add_reassignable_to_licenses',1),(114,'2015_06_10_003314_fix_default_for_user_notes',1),(115,'2015_06_10_003554_create_consumables',1),(116,'2015_06_15_183253_move_email_to_username',1),(117,'2015_06_23_070346_make_email_nullable',1),(118,'2015_06_26_213716_create_asset_maintenances_table',1),(119,'2015_07_04_212443_create_custom_fields_table',1),(120,'2015_07_09_014359_add_currency_to_settings_and_locations',1),(121,'2015_07_21_122022_add_expected_checkin_date_to_asset_logs',1),(122,'2015_07_24_093845_add_checkin_email_to_category_table',1),(123,'2015_07_25_055415_remove_email_unique_constraint',1),(124,'2015_07_29_230054_add_thread_id_to_asset_logs_table',1),(125,'2015_07_31_015430_add_accepted_to_assets',1),(126,'2015_09_09_195301_add_custom_css_to_settings',1),(127,'2015_09_21_235926_create_custom_field_custom_fieldset',1),(128,'2015_09_22_000104_create_custom_fieldsets',1),(129,'2015_09_22_003321_add_fieldset_id_to_assets',1),(130,'2015_09_22_003413_migrate_mac_address',1),(131,'2015_09_28_003314_fix_default_purchase_order',1),(132,'2015_10_01_024551_add_accessory_consumable_price_info',1),(133,'2015_10_12_192706_add_brand_to_settings',1),(134,'2015_10_22_003314_fix_defaults_accessories',1),(135,'2015_10_23_182625_add_checkout_time_and_expected_checkout_date_to_assets',1),(136,'2015_11_05_061015_create_companies_table',1),(137,'2015_11_05_061115_add_company_id_to_consumables_table',1),(138,'2015_11_05_183749_image',1),(139,'2015_11_06_092038_add_company_id_to_accessories_table',1),(140,'2015_11_06_100045_add_company_id_to_users_table',1),(141,'2015_11_06_134742_add_company_id_to_licenses_table',1),(142,'2015_11_08_035832_add_company_id_to_assets_table',1),(143,'2015_11_08_222305_add_ldap_fields_to_settings',1),(144,'2015_11_15_151803_add_full_multiple_companies_support_to_settings_table',1),(145,'2015_11_26_195528_import_ldap_settings',1),(146,'2015_11_30_191504_remove_fk_company_id',1),(147,'2015_12_21_193006_add_ldap_server_cert_ignore_to_settings_table',1),(148,'2015_12_30_233509_add_timestamp_and_userId_to_custom_fields',1),(149,'2015_12_30_233658_add_timestamp_and_userId_to_custom_fieldsets',1),(150,'2016_01_28_041048_add_notes_to_models',1),(151,'2016_02_19_070119_add_remember_token_to_users_table',1),(152,'2016_02_19_073625_create_password_resets_table',1),(153,'2016_03_02_193043_add_ldap_flag_to_users',1),(154,'2016_03_02_220517_update_ldap_filter_to_longer_field',1),(155,'2016_03_08_225351_create_components_table',1),(156,'2016_03_09_024038_add_min_stock_to_tables',1),(157,'2016_03_10_133849_add_locale_to_users',1),(158,'2016_03_10_135519_add_locale_to_settings',1),(159,'2016_03_11_185621_add_label_settings_to_settings',1),(160,'2016_03_22_125911_fix_custom_fields_regexes',1),(161,'2016_04_28_141554_add_show_to_users',1),(162,'2016_05_16_164733_add_model_mfg_to_consumable',1),(163,'2016_05_19_180351_add_alt_barcode_settings',1),(164,'2016_05_19_191146_add_alter_interval',1),(165,'2016_05_19_192226_add_inventory_threshold',1),(166,'2016_05_20_024859_remove_option_keys_from_settings_table',1),(167,'2016_05_20_143758_remove_option_value_from_settings_table',1),(168,'2016_06_01_000001_create_oauth_auth_codes_table',1),(169,'2016_06_01_000002_create_oauth_access_tokens_table',1),(170,'2016_06_01_000003_create_oauth_refresh_tokens_table',1),(171,'2016_06_01_000004_create_oauth_clients_table',1),(172,'2016_06_01_000005_create_oauth_personal_access_clients_table',1),(173,'2016_06_01_140218_add_email_domain_and_format_to_settings',1),(174,'2016_06_22_160725_add_user_id_to_maintenances',1),(175,'2016_07_13_150015_add_is_ad_to_settings',1),(176,'2016_07_14_153609_add_ad_domain_to_settings',1),(177,'2016_07_22_003348_fix_custom_fields_regex_stuff',1),(178,'2016_07_22_054850_one_more_mac_addr_fix',1),(179,'2016_07_22_143045_add_port_to_ldap_settings',1),(180,'2016_07_22_153432_add_tls_to_ldap_settings',1),(181,'2016_07_27_211034_add_zerofill_to_settings',1),(182,'2016_08_02_124944_add_color_to_statuslabel',1),(183,'2016_08_04_134500_add_disallow_ldap_pw_sync_to_settings',1),(184,'2016_08_09_002225_add_manufacturer_to_licenses',1),(185,'2016_08_12_121613_add_manufacturer_to_accessories_table',1),(186,'2016_08_23_143353_add_new_fields_to_custom_fields',1),(187,'2016_08_23_145619_add_show_in_nav_to_status_labels',1),(188,'2016_08_30_084634_make_purchase_cost_nullable',1),(189,'2016_09_01_141051_add_requestable_to_asset_model',1),(190,'2016_09_02_001448_create_checkout_requests_table',1),(191,'2016_09_04_180400_create_actionlog_table',1),(192,'2016_09_04_182149_migrate_asset_log_to_action_log',1),(193,'2016_09_19_235935_fix_fieldtype_for_target_type',1),(194,'2016_09_23_140722_fix_modelno_in_consumables_to_string',1),(195,'2016_09_28_231359_add_company_to_logs',1),(196,'2016_10_14_130709_fix_order_number_to_varchar',1),(197,'2016_10_16_015024_rename_modelno_to_model_number',1),(198,'2016_10_16_015211_rename_consumable_modelno_to_model_number',1),(199,'2016_10_16_143235_rename_model_note_to_notes',1),(200,'2016_10_16_165052_rename_component_total_qty_to_qty',1),(201,'2016_10_19_145520_fix_order_number_in_components_to_string',1),(202,'2016_10_27_151715_add_serial_to_components',1),(203,'2016_10_27_213251_increase_serial_field_capacity',1),(204,'2016_10_29_002724_enable_2fa_fields',1),(205,'2016_10_29_082408_add_signature_to_acceptance',1),(206,'2016_11_01_030818_fix_forgotten_filename_in_action_logs',1),(207,'2016_11_13_020954_rename_component_serial_number_to_serial',1),(208,'2016_11_16_172119_increase_purchase_cost_size',1),(209,'2016_11_17_161317_longer_state_field_in_location',1),(210,'2016_11_17_193706_add_model_number_to_accessories',1),(211,'2016_11_24_160405_add_missing_target_type_to_logs_table',1),(212,'2016_12_07_173720_increase_size_of_state_in_suppliers',1),(213,'2016_12_19_004212_adjust_locale_length_to_10',1),(214,'2016_12_19_133936_extend_phone_lengths_in_supplier_and_elsewhere',1),(215,'2016_12_27_212631_make_asset_assigned_to_polymorphic',1),(216,'2017_01_09_040429_create_locations_ldap_query_field',1),(217,'2017_01_14_002418_create_imports_table',1),(218,'2017_01_25_063357_fix_utf8_custom_field_column_names',1),(219,'2017_03_03_154632_add_time_date_display_to_settings',1),(220,'2017_03_10_210807_add_fields_to_manufacturer',1),(221,'2017_05_08_195520_increase_size_of_field_values_in_custom_fields',1),(222,'2017_05_22_204422_create_departments',1),(223,'2017_05_22_233509_add_manager_to_locations_table',1),(224,'2017_06_14_122059_add_next_autoincrement_to_settings',1),(225,'2017_06_18_151753_add_header_and_first_row_to_importer_table',1),(226,'2017_07_07_191533_add_login_text',1),(227,'2017_07_25_130710_add_thumbsize_to_settings',1),(228,'2017_08_03_160105_set_asset_archived_to_zero_default',1),(229,'2017_08_22_180636_add_secure_password_options',1),(230,'2017_08_25_074822_add_auditing_tables',1),(231,'2017_08_25_101435_add_auditing_to_settings',1),(232,'2017_09_18_225619_fix_assigned_type_not_being_nulled',1),(233,'2017_10_03_015503_drop_foreign_keys',1),(234,'2017_10_10_123504_allow_nullable_depreciation_id_in_models',1),(235,'2017_10_17_133709_add_display_url_to_settings',1),(236,'2017_10_19_120002_add_custom_forgot_password_url',1),(237,'2017_10_19_130406_add_image_and_supplier_to_accessories',1),(238,'2017_10_20_234129_add_location_indices_to_assets',1),(239,'2017_10_25_202930_add_images_uploads_to_locations_manufacturers_etc',1),(240,'2017_10_27_180947_denorm_asset_locations',1),(241,'2017_10_27_192423_migrate_denormed_asset_locations',1),(242,'2017_10_30_182938_add_address_to_user',1),(243,'2017_11_08_025918_add_alert_menu_setting',1),(244,'2017_11_08_123942_labels_display_company_name',1),(245,'2017_12_12_010457_normalize_asset_last_audit_date',1),(246,'2017_12_12_033618_add_actionlog_meta',1),(247,'2017_12_26_170856_re_normalize_last_audit',1),(248,'2018_01_17_184354_add_archived_in_list_setting',1),(249,'2018_01_19_203121_add_dashboard_message_to_settings',1),(250,'2018_01_24_062633_add_footer_settings_to_settings',1),(251,'2018_01_24_093426_add_modellist_preferenc',1),(252,'2018_02_22_160436_add_remote_user_settings',1),(253,'2018_03_03_011032_add_theme_to_settings',1),(254,'2018_03_06_054937_add_default_flag_on_statuslabels',1),(255,'2018_03_23_212048_add_display_in_email_to_custom_fields',1),(256,'2018_03_24_030738_add_show_images_in_email_setting',1),(257,'2018_03_24_050108_add_cc_alerts',1),(258,'2018_03_29_053618_add_canceled_at_and_fulfilled_at_in_requests',1),(259,'2018_03_29_070121_add_drop_unique_requests',1),(260,'2018_03_29_070511_add_new_index_requestable',1),(261,'2018_04_02_150700_labels_display_model_name',1),(262,'2018_04_16_133902_create_custom_field_default_values_table',1),(263,'2018_05_04_073223_add_category_to_licenses',1),(264,'2018_05_04_075235_add_update_license_category',1),(265,'2018_05_08_031515_add_gdpr_privacy_footer',1),(266,'2018_05_14_215229_add_indexes',1),(267,'2018_05_14_223646_add_indexes_to_assets',1),(268,'2018_05_14_233638_denorm_counters_on_assets',1),(269,'2018_05_16_153409_add_first_counter_totals_to_assets',1),(270,'2018_06_21_134622_add_version_footer',1),(271,'2018_07_05_215440_add_unique_serial_option_to_settings',1),(272,'2018_07_17_005911_create_login_attempts_table',1),(273,'2018_07_24_154348_add_logo_to_print_assets',1),(274,'2019_02_14_154310_change_auto_increment_prefix_to_nullable',1),(275,'2019_02_16_143518_auto_increment_back_to_string',1),(276,'2019_02_20_234421_make_serial_nullable',1),(277,'2019_02_21_224703_make_fields_nullable_for_integrity',1),(278,'2019_06_18_031653_create_store_table',1),(279,'2019_06_18_034212_update_department_table',1),(280,'2019_06_18_043828_create_contract_assets_table',1),(281,'2019_06_24_015250_create_inventories',1),(282,'2019_06_24_015823_create_inventory_results',1),(283,'2019_06_28_042301_create_contracts_table',1),(284,'2019_07_05_081442_add_delete_column',1),(285,'2019_07_08_015025_modify_contact_id_1_column',1),(286,'2019_07_09_062125_billing_date_column',1),(287,'2019_07_12_023629_update_contracts_table',1),(288,'2019_07_18_234145_edit_status_id_from_inventory_result',1),(289,'2019_07_19_024604_update_inventory_11-7',1),(290,'2019_08_06_090020_create_unique_contraint_contracts',1),(291,'2019_08_06_091051_create_unique_contraint_store',1),(292,'2019_08_09_044511_update_inventory_name',1),(293,'2019_08_12_064956_update_inventory_result',2);
/*!40000 ALTER TABLE `migrations` ENABLE KEYS */;
UNLOCK TABLES;

--
-- Table structure for table `models`
--

DROP TABLE IF EXISTS `models`;
/*!40101 SET @saved_cs_client     = @@character_set_client */;
/*!40101 SET character_set_client = utf8 */;
CREATE TABLE `models` (
  `id` int(10) unsigned NOT NULL AUTO_INCREMENT,
  `name` varchar(191) COLLATE utf8mb4_unicode_ci NOT NULL,
  `model_number` varchar(191) COLLATE utf8mb4_unicode_ci DEFAULT NULL,
  `manufacturer_id` int(11) DEFAULT NULL,
  `category_id` int(11) DEFAULT NULL,
  `created_at` timestamp NULL DEFAULT NULL,
  `updated_at` timestamp NULL DEFAULT NULL,
  `depreciation_id` int(11) DEFAULT NULL,
  `user_id` int(11) DEFAULT NULL,
  `eol` int(11) DEFAULT NULL,
  `image` varchar(191) COLLATE utf8mb4_unicode_ci DEFAULT NULL,
  `deprecated_mac_address` tinyint(1) NOT NULL DEFAULT '0',
  `deleted_at` timestamp NULL DEFAULT NULL,
  `fieldset_id` int(11) DEFAULT NULL,
  `notes` text COLLATE utf8mb4_unicode_ci,
  `requestable` tinyint(4) NOT NULL DEFAULT '0',
  PRIMARY KEY (`id`)
) ENGINE=InnoDB AUTO_INCREMENT=22 DEFAULT CHARSET=utf8mb4 COLLATE=utf8mb4_unicode_ci;
/*!40101 SET character_set_client = @saved_cs_client */;

--
-- Dumping data for table `models`
--

LOCK TABLES `models` WRITE;
/*!40000 ALTER TABLE `models` DISABLE KEYS */;
INSERT INTO `models` VALUES (1,'Macbook Pro 13\"','5329910039426666',1,1,'2019-06-11 01:52:41','2019-06-11 01:52:41',1,1,36,'mbp.jpg',0,NULL,NULL,'Created by demo seeder',0),(2,'Macbook Air','4556515987480784',1,1,'2019-06-11 01:52:41','2019-06-11 01:52:41',1,1,36,'macbookair.jpg',0,NULL,NULL,'Created by demo seeder',0),(3,'Surface','4916173186608667',2,1,'2019-06-11 01:52:41','2019-06-11 01:52:41',1,1,36,'surface.jpg',0,NULL,NULL,'Created by demo seeder',0),(4,'XPS 13','4485988828190449',3,1,'2019-06-11 01:52:41','2019-06-11 01:52:41',1,1,36,'xps.jpg',0,NULL,NULL,'Created by demo seeder',0),(5,'Spectre','348580353471297',5,1,'2019-06-11 01:52:41','2019-06-11 01:52:41',1,1,36,'spectre.jpg',0,NULL,NULL,'Created by demo seeder',0),(6,'ZenBook UX310','2380008416170016',4,1,'2019-06-11 01:52:41','2019-06-11 01:52:41',1,1,36,'zenbook.jpg',0,NULL,NULL,'Created by demo seeder',0),(7,'Yoga 910','4024007117960640',6,1,'2019-06-11 01:52:41','2019-06-11 01:52:41',1,1,36,'yoga.png',0,NULL,NULL,'Created by demo seeder',0),(8,'iMac Pro','4532116569643110',1,2,'2019-06-11 01:52:41','2019-06-11 01:52:41',1,1,24,'imacpro.jpg',0,NULL,NULL,'Created by demo seeder',0),(9,'Lenovo Intel Core i5','5400100828763758',6,2,'2019-06-11 01:52:41','2019-06-11 01:52:41',1,1,24,'lenovoi5.png',0,NULL,NULL,'Created by demo seeder',0),(10,'OptiPlex','5040 (MRR81)',3,2,'2019-06-11 01:52:41','2019-06-11 01:52:41',1,1,24,'optiplex.jpg',0,NULL,NULL,'Created by demo seeder',0),(11,'SoundStation 2','2221913095371491',8,6,'2019-06-11 01:52:41','2019-06-11 01:52:41',1,1,12,'soundstation.jpg',0,NULL,NULL,'Created by demo seeder',0),(12,'Polycom CX3000 IP Conference Phone','342695449122401',8,6,'2019-06-11 01:52:41','2019-06-11 01:52:41',1,1,12,'cx3000.png',0,NULL,NULL,'Created by demo seeder',0),(13,'iPad Pro','6011832093872968',1,3,'2019-06-11 01:52:41','2019-06-11 01:52:41',1,1,12,'ipad.jpg',0,NULL,NULL,'Created by demo seeder',0),(14,'Tab3','4024007155828865',6,3,'2019-06-11 01:52:41','2019-06-11 01:52:41',1,1,12,'tab3.png',0,NULL,NULL,'Created by demo seeder',0),(15,'iPhone 6s','4716198503713',1,4,'2019-06-11 01:52:41','2019-06-11 01:52:41',3,1,12,'iphone6.jpg',0,NULL,NULL,'Created by demo seeder',0),(16,'iPhone 7','4485688846059697',1,4,'2019-06-11 01:52:41','2019-06-11 01:52:41',1,1,12,'iphone7.jpg',0,NULL,NULL,'Created by demo seeder',0),(17,'Ultrafine 4k','6011408587536425',7,5,'2019-06-11 01:52:41','2019-06-11 01:52:41',2,1,12,'ultrafine.jpg',0,NULL,NULL,'Created by demo seeder',0),(18,'Ultrasharp U2415','6011471135264387',3,5,'2019-06-11 01:52:41','2019-06-11 01:52:41',2,1,12,'ultrasharp.jpg',0,NULL,NULL,'Created by demo seeder',0),(19,'POS Marchine',NULL,3,16,'2019-07-17 21:17:09','2019-07-17 21:37:24',NULL,NULL,36,'19-pjpeg.jpeg',0,NULL,NULL,NULL,0),(20,'XPS 13',NULL,3,1,'2019-08-07 20:48:17','2019-08-07 20:48:17',NULL,59,NULL,NULL,0,NULL,NULL,NULL,0),(21,'Alienware',NULL,3,1,'2019-08-09 00:19:43','2019-08-09 00:19:43',2,59,24,'alienjpeg.jpeg',0,NULL,NULL,NULL,0);
/*!40000 ALTER TABLE `models` ENABLE KEYS */;
UNLOCK TABLES;

--
-- Table structure for table `models_custom_fields`
--

DROP TABLE IF EXISTS `models_custom_fields`;
/*!40101 SET @saved_cs_client     = @@character_set_client */;
/*!40101 SET character_set_client = utf8 */;
CREATE TABLE `models_custom_fields` (
  `id` int(10) unsigned NOT NULL AUTO_INCREMENT,
  `asset_model_id` int(11) NOT NULL,
  `custom_field_id` int(11) NOT NULL,
  `default_value` text COLLATE utf8mb4_unicode_ci,
  PRIMARY KEY (`id`)
) ENGINE=InnoDB DEFAULT CHARSET=utf8mb4 COLLATE=utf8mb4_unicode_ci;
/*!40101 SET character_set_client = @saved_cs_client */;

--
-- Dumping data for table `models_custom_fields`
--

LOCK TABLES `models_custom_fields` WRITE;
/*!40000 ALTER TABLE `models_custom_fields` DISABLE KEYS */;
/*!40000 ALTER TABLE `models_custom_fields` ENABLE KEYS */;
UNLOCK TABLES;

--
-- Table structure for table `oauth_access_tokens`
--

DROP TABLE IF EXISTS `oauth_access_tokens`;
/*!40101 SET @saved_cs_client     = @@character_set_client */;
/*!40101 SET character_set_client = utf8 */;
CREATE TABLE `oauth_access_tokens` (
  `id` varchar(100) COLLATE utf8mb4_unicode_ci NOT NULL,
  `user_id` int(11) DEFAULT NULL,
  `client_id` int(11) NOT NULL,
  `name` varchar(191) COLLATE utf8mb4_unicode_ci DEFAULT NULL,
  `scopes` text COLLATE utf8mb4_unicode_ci,
  `revoked` tinyint(1) NOT NULL,
  `created_at` timestamp NULL DEFAULT NULL,
  `updated_at` timestamp NULL DEFAULT NULL,
  `expires_at` datetime DEFAULT NULL,
  PRIMARY KEY (`id`),
  KEY `oauth_access_tokens_user_id_index` (`user_id`)
) ENGINE=InnoDB DEFAULT CHARSET=utf8mb4 COLLATE=utf8mb4_unicode_ci;
/*!40101 SET character_set_client = @saved_cs_client */;

--
-- Dumping data for table `oauth_access_tokens`
--

LOCK TABLES `oauth_access_tokens` WRITE;
/*!40000 ALTER TABLE `oauth_access_tokens` DISABLE KEYS */;
/*!40000 ALTER TABLE `oauth_access_tokens` ENABLE KEYS */;
UNLOCK TABLES;

--
-- Table structure for table `oauth_auth_codes`
--

DROP TABLE IF EXISTS `oauth_auth_codes`;
/*!40101 SET @saved_cs_client     = @@character_set_client */;
/*!40101 SET character_set_client = utf8 */;
CREATE TABLE `oauth_auth_codes` (
  `id` varchar(100) COLLATE utf8mb4_unicode_ci NOT NULL,
  `user_id` int(11) NOT NULL,
  `client_id` int(11) NOT NULL,
  `scopes` text COLLATE utf8mb4_unicode_ci,
  `revoked` tinyint(1) NOT NULL,
  `expires_at` datetime DEFAULT NULL,
  PRIMARY KEY (`id`)
) ENGINE=InnoDB DEFAULT CHARSET=utf8mb4 COLLATE=utf8mb4_unicode_ci;
/*!40101 SET character_set_client = @saved_cs_client */;

--
-- Dumping data for table `oauth_auth_codes`
--

LOCK TABLES `oauth_auth_codes` WRITE;
/*!40000 ALTER TABLE `oauth_auth_codes` DISABLE KEYS */;
/*!40000 ALTER TABLE `oauth_auth_codes` ENABLE KEYS */;
UNLOCK TABLES;

--
-- Table structure for table `oauth_clients`
--

DROP TABLE IF EXISTS `oauth_clients`;
/*!40101 SET @saved_cs_client     = @@character_set_client */;
/*!40101 SET character_set_client = utf8 */;
CREATE TABLE `oauth_clients` (
  `id` int(10) unsigned NOT NULL AUTO_INCREMENT,
  `user_id` int(11) DEFAULT NULL,
  `name` varchar(191) COLLATE utf8mb4_unicode_ci NOT NULL,
  `secret` varchar(100) COLLATE utf8mb4_unicode_ci NOT NULL,
  `redirect` text COLLATE utf8mb4_unicode_ci NOT NULL,
  `personal_access_client` tinyint(1) NOT NULL,
  `password_client` tinyint(1) NOT NULL,
  `revoked` tinyint(1) NOT NULL,
  `created_at` timestamp NULL DEFAULT NULL,
  `updated_at` timestamp NULL DEFAULT NULL,
  PRIMARY KEY (`id`),
  KEY `oauth_clients_user_id_index` (`user_id`)
) ENGINE=InnoDB AUTO_INCREMENT=4 DEFAULT CHARSET=utf8mb4 COLLATE=utf8mb4_unicode_ci;
/*!40101 SET character_set_client = @saved_cs_client */;

--
-- Dumping data for table `oauth_clients`
--

LOCK TABLES `oauth_clients` WRITE;
/*!40000 ALTER TABLE `oauth_clients` DISABLE KEYS */;
INSERT INTO `oauth_clients` VALUES (1,NULL,'Snipe-IT Personal Access Client','aM8SD15qDixdDM5yOM7ItExBfLLgE5sifBPumUXI','http://localhost',1,0,0,'2019-06-11 01:50:35','2019-06-11 01:50:35'),(2,NULL,'Snipe-IT Password Grant Client','TbX69MiFhjuyX8jR5GqwskU6KaLGCqzlOMOLAkdY','http://localhost',0,1,0,'2019-06-11 01:50:35','2019-06-11 01:50:35'),(3,NULL,'duong-lnt','0dnpjQVijoSOxJY9ICU3LPWAg79fr5ySXogabunZ','http://localhost',1,0,0,'2019-08-12 01:45:11','2019-08-12 01:45:11');
/*!40000 ALTER TABLE `oauth_clients` ENABLE KEYS */;
UNLOCK TABLES;

--
-- Table structure for table `oauth_personal_access_clients`
--

DROP TABLE IF EXISTS `oauth_personal_access_clients`;
/*!40101 SET @saved_cs_client     = @@character_set_client */;
/*!40101 SET character_set_client = utf8 */;
CREATE TABLE `oauth_personal_access_clients` (
  `id` int(10) unsigned NOT NULL AUTO_INCREMENT,
  `client_id` int(11) NOT NULL,
  `created_at` timestamp NULL DEFAULT NULL,
  `updated_at` timestamp NULL DEFAULT NULL,
  PRIMARY KEY (`id`),
  KEY `oauth_personal_access_clients_client_id_index` (`client_id`)
) ENGINE=InnoDB AUTO_INCREMENT=3 DEFAULT CHARSET=utf8mb4 COLLATE=utf8mb4_unicode_ci;
/*!40101 SET character_set_client = @saved_cs_client */;

--
-- Dumping data for table `oauth_personal_access_clients`
--

LOCK TABLES `oauth_personal_access_clients` WRITE;
/*!40000 ALTER TABLE `oauth_personal_access_clients` DISABLE KEYS */;
INSERT INTO `oauth_personal_access_clients` VALUES (1,1,'2019-06-11 01:50:35','2019-06-11 01:50:35'),(2,3,'2019-08-12 01:45:11','2019-08-12 01:45:11');
/*!40000 ALTER TABLE `oauth_personal_access_clients` ENABLE KEYS */;
UNLOCK TABLES;

--
-- Table structure for table `oauth_refresh_tokens`
--

DROP TABLE IF EXISTS `oauth_refresh_tokens`;
/*!40101 SET @saved_cs_client     = @@character_set_client */;
/*!40101 SET character_set_client = utf8 */;
CREATE TABLE `oauth_refresh_tokens` (
  `id` varchar(100) COLLATE utf8mb4_unicode_ci NOT NULL,
  `access_token_id` varchar(100) COLLATE utf8mb4_unicode_ci NOT NULL,
  `revoked` tinyint(1) NOT NULL,
  `expires_at` datetime DEFAULT NULL,
  PRIMARY KEY (`id`),
  KEY `oauth_refresh_tokens_access_token_id_index` (`access_token_id`)
) ENGINE=InnoDB DEFAULT CHARSET=utf8mb4 COLLATE=utf8mb4_unicode_ci;
/*!40101 SET character_set_client = @saved_cs_client */;

--
-- Dumping data for table `oauth_refresh_tokens`
--

LOCK TABLES `oauth_refresh_tokens` WRITE;
/*!40000 ALTER TABLE `oauth_refresh_tokens` DISABLE KEYS */;
/*!40000 ALTER TABLE `oauth_refresh_tokens` ENABLE KEYS */;
UNLOCK TABLES;

--
-- Table structure for table `password_resets`
--

DROP TABLE IF EXISTS `password_resets`;
/*!40101 SET @saved_cs_client     = @@character_set_client */;
/*!40101 SET character_set_client = utf8 */;
CREATE TABLE `password_resets` (
  `email` varchar(191) COLLATE utf8mb4_unicode_ci NOT NULL,
  `token` varchar(191) COLLATE utf8mb4_unicode_ci NOT NULL,
  `created_at` timestamp NOT NULL DEFAULT CURRENT_TIMESTAMP ON UPDATE CURRENT_TIMESTAMP,
  KEY `password_resets_email_index` (`email`),
  KEY `password_resets_token_index` (`token`)
) ENGINE=InnoDB DEFAULT CHARSET=utf8mb4 COLLATE=utf8mb4_unicode_ci;
/*!40101 SET character_set_client = @saved_cs_client */;

--
-- Dumping data for table `password_resets`
--

LOCK TABLES `password_resets` WRITE;
/*!40000 ALTER TABLE `password_resets` DISABLE KEYS */;
/*!40000 ALTER TABLE `password_resets` ENABLE KEYS */;
UNLOCK TABLES;

--
-- Table structure for table `requested_assets`
--

DROP TABLE IF EXISTS `requested_assets`;
/*!40101 SET @saved_cs_client     = @@character_set_client */;
/*!40101 SET character_set_client = utf8 */;
CREATE TABLE `requested_assets` (
  `id` int(10) unsigned NOT NULL AUTO_INCREMENT,
  `asset_id` int(11) NOT NULL,
  `user_id` int(11) NOT NULL,
  `accepted_at` datetime DEFAULT NULL,
  `denied_at` datetime DEFAULT NULL,
  `notes` varchar(191) COLLATE utf8mb4_unicode_ci NOT NULL,
  `created_at` timestamp NULL DEFAULT NULL,
  `updated_at` timestamp NULL DEFAULT NULL,
  PRIMARY KEY (`id`)
) ENGINE=InnoDB DEFAULT CHARSET=utf8mb4 COLLATE=utf8mb4_unicode_ci;
/*!40101 SET character_set_client = @saved_cs_client */;

--
-- Dumping data for table `requested_assets`
--

LOCK TABLES `requested_assets` WRITE;
/*!40000 ALTER TABLE `requested_assets` DISABLE KEYS */;
/*!40000 ALTER TABLE `requested_assets` ENABLE KEYS */;
UNLOCK TABLES;

--
-- Table structure for table `requests`
--

DROP TABLE IF EXISTS `requests`;
/*!40101 SET @saved_cs_client     = @@character_set_client */;
/*!40101 SET character_set_client = utf8 */;
CREATE TABLE `requests` (
  `id` int(10) unsigned NOT NULL AUTO_INCREMENT,
  `asset_id` int(11) NOT NULL,
  `user_id` int(11) DEFAULT NULL,
  `request_code` text COLLATE utf8mb4_unicode_ci NOT NULL,
  `created_at` timestamp NULL DEFAULT NULL,
  `updated_at` timestamp NULL DEFAULT NULL,
  `deleted_at` timestamp NULL DEFAULT NULL,
  PRIMARY KEY (`id`)
) ENGINE=InnoDB DEFAULT CHARSET=utf8mb4 COLLATE=utf8mb4_unicode_ci;
/*!40101 SET character_set_client = @saved_cs_client */;

--
-- Dumping data for table `requests`
--

LOCK TABLES `requests` WRITE;
/*!40000 ALTER TABLE `requests` DISABLE KEYS */;
/*!40000 ALTER TABLE `requests` ENABLE KEYS */;
UNLOCK TABLES;

--
-- Table structure for table `settings`
--

DROP TABLE IF EXISTS `settings`;
/*!40101 SET @saved_cs_client     = @@character_set_client */;
/*!40101 SET character_set_client = utf8 */;
CREATE TABLE `settings` (
  `id` int(10) unsigned NOT NULL AUTO_INCREMENT,
  `created_at` timestamp NULL DEFAULT NULL,
  `updated_at` timestamp NULL DEFAULT NULL,
  `user_id` int(11) DEFAULT NULL,
  `per_page` int(11) NOT NULL DEFAULT '20',
  `site_name` varchar(100) COLLATE utf8mb4_unicode_ci NOT NULL DEFAULT 'Snipe IT Asset Management',
  `qr_code` int(11) DEFAULT NULL,
  `qr_text` varchar(32) COLLATE utf8mb4_unicode_ci DEFAULT NULL,
  `display_asset_name` int(11) DEFAULT NULL,
  `display_checkout_date` int(11) DEFAULT NULL,
  `display_eol` int(11) DEFAULT NULL,
  `auto_increment_assets` int(11) NOT NULL DEFAULT '0',
  `auto_increment_prefix` varchar(191) COLLATE utf8mb4_unicode_ci DEFAULT NULL,
  `load_remote` tinyint(1) NOT NULL DEFAULT '1',
  `logo` varchar(191) COLLATE utf8mb4_unicode_ci DEFAULT NULL,
  `header_color` varchar(191) COLLATE utf8mb4_unicode_ci DEFAULT NULL,
  `alert_email` varchar(191) COLLATE utf8mb4_unicode_ci DEFAULT NULL,
  `alerts_enabled` tinyint(1) NOT NULL DEFAULT '1',
  `default_eula_text` longtext COLLATE utf8mb4_unicode_ci,
  `barcode_type` varchar(191) COLLATE utf8mb4_unicode_ci DEFAULT 'QRCODE',
  `slack_endpoint` varchar(191) COLLATE utf8mb4_unicode_ci DEFAULT NULL,
  `slack_channel` varchar(191) COLLATE utf8mb4_unicode_ci DEFAULT NULL,
  `slack_botname` varchar(191) COLLATE utf8mb4_unicode_ci DEFAULT NULL,
  `default_currency` varchar(10) COLLATE utf8mb4_unicode_ci DEFAULT NULL,
  `custom_css` text COLLATE utf8mb4_unicode_ci,
  `brand` tinyint(4) NOT NULL DEFAULT '1',
  `ldap_enabled` varchar(191) COLLATE utf8mb4_unicode_ci DEFAULT NULL,
  `ldap_server` varchar(191) COLLATE utf8mb4_unicode_ci DEFAULT NULL,
  `ldap_uname` varchar(191) COLLATE utf8mb4_unicode_ci DEFAULT NULL,
  `ldap_pword` longtext COLLATE utf8mb4_unicode_ci,
  `ldap_basedn` varchar(191) COLLATE utf8mb4_unicode_ci DEFAULT NULL,
  `ldap_filter` text COLLATE utf8mb4_unicode_ci,
  `ldap_username_field` varchar(191) COLLATE utf8mb4_unicode_ci DEFAULT 'samaccountname',
  `ldap_lname_field` varchar(191) COLLATE utf8mb4_unicode_ci DEFAULT 'sn',
  `ldap_fname_field` varchar(191) COLLATE utf8mb4_unicode_ci DEFAULT 'givenname',
  `ldap_auth_filter_query` varchar(191) COLLATE utf8mb4_unicode_ci DEFAULT 'uid=samaccountname',
  `ldap_version` int(11) DEFAULT '3',
  `ldap_active_flag` varchar(191) COLLATE utf8mb4_unicode_ci DEFAULT NULL,
  `ldap_emp_num` varchar(191) COLLATE utf8mb4_unicode_ci DEFAULT NULL,
  `ldap_email` varchar(191) COLLATE utf8mb4_unicode_ci DEFAULT NULL,
  `full_multiple_companies_support` tinyint(1) NOT NULL DEFAULT '0',
  `ldap_server_cert_ignore` tinyint(1) NOT NULL DEFAULT '0',
  `locale` varchar(5) COLLATE utf8mb4_unicode_ci DEFAULT 'en',
  `labels_per_page` tinyint(4) NOT NULL DEFAULT '30',
  `labels_width` decimal(6,5) NOT NULL DEFAULT '2.62500',
  `labels_height` decimal(6,5) NOT NULL DEFAULT '1.00000',
  `labels_pmargin_left` decimal(6,5) NOT NULL DEFAULT '0.21975',
  `labels_pmargin_right` decimal(6,5) NOT NULL DEFAULT '0.21975',
  `labels_pmargin_top` decimal(6,5) NOT NULL DEFAULT '0.50000',
  `labels_pmargin_bottom` decimal(6,5) NOT NULL DEFAULT '0.50000',
  `labels_display_bgutter` decimal(6,5) NOT NULL DEFAULT '0.07000',
  `labels_display_sgutter` decimal(6,5) NOT NULL DEFAULT '0.05000',
  `labels_fontsize` tinyint(4) NOT NULL DEFAULT '9',
  `labels_pagewidth` decimal(7,5) NOT NULL DEFAULT '8.50000',
  `labels_pageheight` decimal(7,5) NOT NULL DEFAULT '11.00000',
  `labels_display_name` tinyint(4) NOT NULL DEFAULT '0',
  `labels_display_serial` tinyint(4) NOT NULL DEFAULT '1',
  `labels_display_tag` tinyint(4) NOT NULL DEFAULT '1',
  `alt_barcode` varchar(191) COLLATE utf8mb4_unicode_ci DEFAULT 'C128',
  `alt_barcode_enabled` tinyint(1) DEFAULT '1',
  `alert_interval` int(11) DEFAULT '30',
  `alert_threshold` int(11) DEFAULT '5',
  `email_domain` varchar(191) COLLATE utf8mb4_unicode_ci DEFAULT NULL,
  `email_format` varchar(191) COLLATE utf8mb4_unicode_ci DEFAULT 'filastname',
  `username_format` varchar(191) COLLATE utf8mb4_unicode_ci DEFAULT 'filastname',
  `is_ad` tinyint(1) NOT NULL DEFAULT '0',
  `ad_domain` varchar(191) COLLATE utf8mb4_unicode_ci DEFAULT NULL,
  `ldap_port` varchar(5) COLLATE utf8mb4_unicode_ci NOT NULL DEFAULT '389',
  `ldap_tls` tinyint(1) NOT NULL DEFAULT '0',
  `zerofill_count` int(11) NOT NULL DEFAULT '5',
  `ldap_pw_sync` tinyint(1) NOT NULL DEFAULT '1',
  `two_factor_enabled` tinyint(4) DEFAULT NULL,
  `require_accept_signature` tinyint(1) NOT NULL DEFAULT '0',
  `date_display_format` varchar(191) COLLATE utf8mb4_unicode_ci NOT NULL DEFAULT 'Y-m-d',
  `time_display_format` varchar(191) COLLATE utf8mb4_unicode_ci NOT NULL DEFAULT 'h:i A',
  `next_auto_tag_base` bigint(20) NOT NULL DEFAULT '1',
  `login_note` text COLLATE utf8mb4_unicode_ci,
  `thumbnail_max_h` int(11) DEFAULT '50',
  `pwd_secure_uncommon` tinyint(1) NOT NULL DEFAULT '0',
  `pwd_secure_complexity` varchar(191) COLLATE utf8mb4_unicode_ci DEFAULT NULL,
  `pwd_secure_min` int(11) NOT NULL DEFAULT '8',
  `audit_interval` int(11) DEFAULT NULL,
  `audit_warning_days` int(11) DEFAULT NULL,
  `show_url_in_emails` tinyint(1) NOT NULL DEFAULT '0',
  `custom_forgot_pass_url` varchar(191) COLLATE utf8mb4_unicode_ci DEFAULT NULL,
  `show_alerts_in_menu` tinyint(1) NOT NULL DEFAULT '1',
  `labels_display_company_name` tinyint(1) NOT NULL DEFAULT '0',
  `show_archived_in_list` tinyint(1) NOT NULL DEFAULT '0',
  `dashboard_message` text COLLATE utf8mb4_unicode_ci,
  `support_footer` char(5) COLLATE utf8mb4_unicode_ci DEFAULT 'on',
  `footer_text` text COLLATE utf8mb4_unicode_ci,
  `modellist_displays` char(191) COLLATE utf8mb4_unicode_ci DEFAULT 'image,category,manufacturer,model_number',
  `login_remote_user_enabled` tinyint(1) NOT NULL DEFAULT '0',
  `login_common_disabled` tinyint(1) NOT NULL DEFAULT '0',
  `login_remote_user_custom_logout_url` varchar(191) COLLATE utf8mb4_unicode_ci NOT NULL DEFAULT '',
  `skin` char(191) COLLATE utf8mb4_unicode_ci DEFAULT NULL,
  `show_images_in_email` tinyint(1) NOT NULL DEFAULT '1',
  `admin_cc_email` char(191) COLLATE utf8mb4_unicode_ci DEFAULT NULL,
  `labels_display_model` tinyint(1) NOT NULL DEFAULT '0',
  `privacy_policy_link` char(191) COLLATE utf8mb4_unicode_ci DEFAULT NULL,
  `version_footer` char(5) COLLATE utf8mb4_unicode_ci DEFAULT 'on',
  `unique_serial` tinyint(1) NOT NULL DEFAULT '0',
  `logo_print_assets` tinyint(1) NOT NULL DEFAULT '0',
  PRIMARY KEY (`id`)
) ENGINE=InnoDB AUTO_INCREMENT=2 DEFAULT CHARSET=utf8mb4 COLLATE=utf8mb4_unicode_ci;
/*!40101 SET character_set_client = @saved_cs_client */;

--
-- Dumping data for table `settings`
--

LOCK TABLES `settings` WRITE;
/*!40000 ALTER TABLE `settings` DISABLE KEYS */;
INSERT INTO `settings` VALUES (1,'2019-06-11 01:51:23','2019-08-12 01:19:12',1,20,'Shisankanri',1,NULL,NULL,NULL,NULL,1,NULL,1,'logo.png',NULL,'ha.tb@vn.vinx.asia',1,NULL,'QRCODE',NULL,NULL,NULL,'USD',NULL,1,NULL,NULL,NULL,NULL,NULL,NULL,'samaccountname','sn','givenname','uid=samaccountname',3,NULL,NULL,NULL,1,0,'en-GB',30,2.62500,1.00000,0.21975,0.21975,0.50000,0.50000,0.07000,0.05000,9,8.50000,11.00000,0,1,1,'C128',1,30,5,'vn.vinx.asia','filastname','filastname',0,NULL,'389',0,10,1,NULL,0,'Y-m-d','g:iA',1402,NULL,50,0,NULL,10,NULL,NULL,0,NULL,1,0,0,NULL,'on',NULL,'image,category,manufacturer,model_number',0,0,'',NULL,1,NULL,0,NULL,'on',0,0);
/*!40000 ALTER TABLE `settings` ENABLE KEYS */;
UNLOCK TABLES;

--
-- Table structure for table `status_labels`
--

DROP TABLE IF EXISTS `status_labels`;
/*!40101 SET @saved_cs_client     = @@character_set_client */;
/*!40101 SET character_set_client = utf8 */;
CREATE TABLE `status_labels` (
  `id` int(10) unsigned NOT NULL AUTO_INCREMENT,
  `name` varchar(100) COLLATE utf8mb4_unicode_ci DEFAULT NULL,
  `user_id` int(11) DEFAULT NULL,
  `created_at` timestamp NULL DEFAULT NULL,
  `updated_at` timestamp NULL DEFAULT NULL,
  `deleted_at` timestamp NULL DEFAULT NULL,
  `deployable` tinyint(1) NOT NULL DEFAULT '0',
  `pending` tinyint(1) NOT NULL DEFAULT '0',
  `archived` tinyint(1) NOT NULL DEFAULT '0',
  `notes` text COLLATE utf8mb4_unicode_ci,
  `color` varchar(10) COLLATE utf8mb4_unicode_ci DEFAULT NULL,
  `show_in_nav` tinyint(1) NOT NULL DEFAULT '0',
  `default_label` tinyint(1) NOT NULL DEFAULT '0',
  PRIMARY KEY (`id`)
) ENGINE=InnoDB AUTO_INCREMENT=4 DEFAULT CHARSET=utf8mb4 COLLATE=utf8mb4_unicode_ci;
/*!40101 SET character_set_client = @saved_cs_client */;

--
-- Dumping data for table `status_labels`
--

LOCK TABLES `status_labels` WRITE;
/*!40000 ALTER TABLE `status_labels` DISABLE KEYS */;
INSERT INTO `status_labels` VALUES (1,'Pending',1,NULL,NULL,NULL,0,1,0,'These assets are not yet ready to be deployed, usually because of configuration or waiting on parts.',NULL,0,0),(2,'Ready to Deploy',1,NULL,NULL,NULL,1,0,0,'These assets are ready to deploy.',NULL,0,0),(3,'Archived',1,NULL,NULL,NULL,0,0,1,'These assets are no longer in circulation or viable.',NULL,0,0);
/*!40000 ALTER TABLE `status_labels` ENABLE KEYS */;
UNLOCK TABLES;

--
-- Table structure for table `stores`
--

DROP TABLE IF EXISTS `stores`;
/*!40101 SET @saved_cs_client     = @@character_set_client */;
/*!40101 SET character_set_client = utf8 */;
CREATE TABLE `stores` (
  `id` int(10) unsigned NOT NULL AUTO_INCREMENT,
  `company_id` int(10) unsigned NOT NULL,
  `name` varchar(191) COLLATE utf8mb4_unicode_ci NOT NULL,
  `location_id` int(11) DEFAULT NULL,
  `image` varchar(191) COLLATE utf8mb4_unicode_ci DEFAULT NULL,
  `user_id` int(10) unsigned NOT NULL,
  `created_at` timestamp NULL DEFAULT NULL,
  `updated_at` timestamp NULL DEFAULT NULL,
  `deleted_at` timestamp NULL DEFAULT NULL,
  PRIMARY KEY (`id`),
  UNIQUE KEY `stores_name_company_id_unique` (`name`,`company_id`)
) ENGINE=InnoDB AUTO_INCREMENT=24 DEFAULT CHARSET=utf8mb4 COLLATE=utf8mb4_unicode_ci;
/*!40101 SET character_set_client = @saved_cs_client */;

--
-- Dumping data for table `stores`
--

LOCK TABLES `stores` WRITE;
/*!40000 ALTER TABLE `stores` DISABLE KEYS */;
INSERT INTO `stores` VALUES (1,4,'Wintheiser',1,'zKPfjsMWn18ugezQKU1R0EcNk.jpg',59,'2019-07-05 01:52:19','2019-07-16 02:19:55',NULL),(2,5,'Vinx',11,NULL,59,'2019-07-05 02:19:43','2019-07-08 01:55:59',NULL),(3,2,'!!!!!!!!!',5,NULL,59,'2019-07-05 02:36:19','2019-07-05 02:36:19',NULL),(4,5,'Store_1',NULL,NULL,59,'2019-07-05 02:37:54','2019-07-08 00:20:41','2019-07-08 00:20:41'),(5,5,'cd',NULL,NULL,59,'2019-07-08 02:02:02','2019-07-16 20:08:13','2019-07-16 20:08:13'),(6,4,'Vit Nam',10,NULL,59,'2019-07-08 02:02:55','2019-07-08 02:02:55',NULL),(7,5,'Vit Nam',10,NULL,59,'2019-07-08 02:03:08','2019-07-08 02:03:08',NULL),(8,5,'Store1',1,NULL,59,'2019-07-08 20:39:04','2019-07-08 20:48:52','2019-07-08 20:48:52'),(9,5,'Store fruit',11,'Zcph9ocnkdN7mbBDgpQNcBhQy.jpeg',59,'2019-07-16 02:18:40','2019-07-16 20:08:56',NULL),(10,5,'Store flower',5,'ZWWvCse8Ib86VN5SdxC4LITdX.jpeg',59,'2019-07-16 19:27:30','2019-07-16 19:27:30',NULL),(11,5,'Store Cri',NULL,NULL,63,'2019-07-16 20:09:58','2019-07-16 21:07:38',NULL),(12,5,'store cake',NULL,'Xv0e2B1TPrxRhPLEKUfyasgjw.jpg',64,'2019-07-16 20:46:20','2019-07-16 21:54:52',NULL),(13,5,'store_test_edit',8,'TuC0oMXIOGiAD3LNnuzHKEobx.jpg',64,'2019-07-16 21:50:28','2019-07-16 21:54:00','2019-07-16 21:54:00'),(14,5,'store cake 99',NULL,NULL,59,'2019-07-17 03:12:45','2019-07-17 03:12:45',NULL),(15,5,'bookstore',11,'LtXbE6cElRallssywk8qsDBOE.jpeg',64,'2019-07-17 18:18:22','2019-07-17 18:20:07',NULL),(16,5,'VVC Ph Quang',11,'8afhcC9XCSKpkOVRSIPK5ofME.jpg',59,'2019-07-17 21:07:14','2019-07-17 21:08:59',NULL),(17,6,'Aeon Mall Binh Duong',12,'jU92Lw9QVhrnZVNab6pznBWni.jpeg',59,'2019-07-17 21:22:11','2019-07-17 21:22:11',NULL),(18,5,'store Ph Quang',NULL,'yzKFhkkpDG27e1IxOJdXFPwOb.jpg',64,'2019-07-30 02:28:18','2019-07-30 02:30:41',NULL),(19,5,'store Cng Ha',11,NULL,64,'2019-07-30 02:32:19','2019-07-30 02:32:19',NULL),(20,5,'store Phan Vn Tr',11,'vg2MHNs0rHllwhehFJs2hnVf4.jpg',64,'2019-07-31 19:02:18','2019-07-31 19:03:11',NULL),(21,4,'store Ph Quang',11,NULL,64,'2019-07-31 19:04:24','2019-07-31 19:05:04','2019-07-31 19:05:04'),(22,5,'HT Store',12,NULL,59,'2019-08-05 02:41:39','2019-08-05 02:41:39',NULL),(23,7,'ng gi s 1',13,NULL,59,'2019-08-09 01:13:58','2019-08-09 01:13:58',NULL);
/*!40000 ALTER TABLE `stores` ENABLE KEYS */;
UNLOCK TABLES;

--
-- Table structure for table `suppliers`
--

DROP TABLE IF EXISTS `suppliers`;
/*!40101 SET @saved_cs_client     = @@character_set_client */;
/*!40101 SET character_set_client = utf8 */;
CREATE TABLE `suppliers` (
  `id` int(10) unsigned NOT NULL AUTO_INCREMENT,
  `name` varchar(191) COLLATE utf8mb4_unicode_ci NOT NULL,
  `address` varchar(50) COLLATE utf8mb4_unicode_ci DEFAULT NULL,
  `address2` varchar(50) COLLATE utf8mb4_unicode_ci DEFAULT NULL,
  `city` varchar(191) COLLATE utf8mb4_unicode_ci DEFAULT NULL,
  `state` varchar(32) COLLATE utf8mb4_unicode_ci DEFAULT NULL,
  `country` varchar(2) COLLATE utf8mb4_unicode_ci DEFAULT NULL,
  `phone` varchar(35) COLLATE utf8mb4_unicode_ci DEFAULT NULL,
  `fax` varchar(35) COLLATE utf8mb4_unicode_ci DEFAULT NULL,
  `email` varchar(150) COLLATE utf8mb4_unicode_ci DEFAULT NULL,
  `contact` varchar(100) COLLATE utf8mb4_unicode_ci DEFAULT NULL,
  `notes` varchar(191) COLLATE utf8mb4_unicode_ci DEFAULT NULL,
  `created_at` timestamp NULL DEFAULT NULL,
  `updated_at` timestamp NULL DEFAULT NULL,
  `user_id` int(11) DEFAULT NULL,
  `deleted_at` timestamp NULL DEFAULT NULL,
  `zip` varchar(10) COLLATE utf8mb4_unicode_ci DEFAULT NULL,
  `url` varchar(250) COLLATE utf8mb4_unicode_ci DEFAULT NULL,
  `image` varchar(191) COLLATE utf8mb4_unicode_ci DEFAULT NULL,
  PRIMARY KEY (`id`)
) ENGINE=InnoDB AUTO_INCREMENT=7 DEFAULT CHARSET=utf8mb4 COLLATE=utf8mb4_unicode_ci;
/*!40101 SET character_set_client = @saved_cs_client */;

--
-- Dumping data for table `suppliers`
--

LOCK TABLES `suppliers` WRITE;
/*!40000 ALTER TABLE `suppliers` DISABLE KEYS */;
INSERT INTO `suppliers` VALUES (1,'Keebler Group','7063 Kohler Cliffs Apt. 305','Apt. 555','Veronaville','MI','YT','1-750-682-8487','225.985.6667 x983','edwin41@example.net','Lois Murphy','Ullam laudantium occaecati sed voluptatum dolor est. Tempora sint laborum quos ex. In nihil harum et pariatur at culpa quibusdam molestias.','2019-06-11 01:52:41','2019-06-11 01:52:41',NULL,NULL,'16922-8843','https://homenick.com/explicabo-officia-voluptas-pariatur-aut-dicta-velit.html',NULL),(2,'Labadie, Bernier and Streich','9876 Wintheiser Prairie Suite 375','Apt. 931','Carlottaburgh','PA','IQ','615-950-7340 x903','431-306-2784','cremin.casandra@example.net','Miss Bernice Bartell I','Distinctio harum ex voluptatem quaerat. At est dolor soluta eum soluta. Blanditiis ipsam sed debitis asperiores. Rerum laboriosam alias voluptatem consequatur aut voluptas dolore.','2019-06-11 01:52:41','2019-06-11 01:52:41',NULL,NULL,'30326','https://www.runte.com/amet-molestiae-nihil-aut-impedit-quis-nobis-voluptatem',NULL),(3,'Corwin Inc','7969 Terrill Avenue Suite 742','Apt. 564','Port Melbaland','OR','MC','1-409-480-1121','+14349918018','bahringer.rose@example.net','Minerva Aufderhar','Id voluptatem repellat dicta quasi voluptates rem. Dicta iure ipsum reiciendis occaecati eligendi. Corporis ea id repellendus rerum dolorem a consequatur.','2019-06-11 01:52:41','2019-06-11 01:52:41',NULL,NULL,'74064-9866','https://www.bergnaum.net/qui-perspiciatis-explicabo-enim-debitis-est-provident',NULL),(4,'Schoen-Wolff','9031 Feeney Views Apt. 469','Apt. 893','South Maxwellland','AR','MS','(385) 724-2600','+1 (712) 883-0831','rowe.elyssa@example.com','Prof. Stefanie Ryan DDS','At sint error laborum rerum et ea qui. Neque eveniet culpa sit officia quasi officiis. Sint dolorum animi voluptas iste sed ipsum repellendus cum.','2019-06-11 01:52:41','2019-06-11 01:52:41',NULL,NULL,'13267-7681','http://durgan.com/porro-enim-qui-a-sit-doloremque-tempore-totam',NULL),(5,'Thompson, Huel and Kuphal','37134 Hodkiewicz Cliff','Apt. 785','Sanfordchester','NY','BV','889.799.5027 x14678','(543) 515-6862','adolphus.kohler@example.net','Cesar McGlynn MD','Quia accusantium ex ratione dolor facere voluptatem et. Eos veniam laboriosam quibusdam libero.','2019-06-11 01:52:41','2019-06-11 01:52:41',NULL,NULL,'51325','http://wyman.com/deserunt-consequatur-voluptatem-delectus-non-cupiditate-ut-maxime',NULL),(6,'Phong Vu','Tng 7, 198 Nguyn Th Minh Khai, Phng 6, Qun 3',NULL,'Ho Chi Minh City',NULL,'VN','111-111-111','111-111-111','cskh@phongvu.vn','Phong Vu Computer',NULL,'2019-08-09 00:09:58','2019-08-09 00:14:19',59,NULL,NULL,'https://phongvu.vn/','yF9s14g1bqx36RtvMAIK1R5Ht.png');
/*!40000 ALTER TABLE `suppliers` ENABLE KEYS */;
UNLOCK TABLES;

--
-- Table structure for table `throttle`
--

DROP TABLE IF EXISTS `throttle`;
/*!40101 SET @saved_cs_client     = @@character_set_client */;
/*!40101 SET character_set_client = utf8 */;
CREATE TABLE `throttle` (
  `id` int(10) unsigned NOT NULL AUTO_INCREMENT,
  `user_id` int(10) unsigned DEFAULT NULL,
  `ip_address` varchar(191) COLLATE utf8mb4_unicode_ci DEFAULT NULL,
  `attempts` int(11) NOT NULL DEFAULT '0',
  `suspended` tinyint(1) NOT NULL DEFAULT '0',
  `banned` tinyint(1) NOT NULL DEFAULT '0',
  `last_attempt_at` timestamp NULL DEFAULT NULL,
  `suspended_at` timestamp NULL DEFAULT NULL,
  `banned_at` timestamp NULL DEFAULT NULL,
  PRIMARY KEY (`id`),
  KEY `throttle_user_id_index` (`user_id`)
) ENGINE=InnoDB DEFAULT CHARSET=utf8mb4 COLLATE=utf8mb4_unicode_ci;
/*!40101 SET character_set_client = @saved_cs_client */;

--
-- Dumping data for table `throttle`
--

LOCK TABLES `throttle` WRITE;
/*!40000 ALTER TABLE `throttle` DISABLE KEYS */;
/*!40000 ALTER TABLE `throttle` ENABLE KEYS */;
UNLOCK TABLES;

--
-- Table structure for table `users`
--

DROP TABLE IF EXISTS `users`;
/*!40101 SET @saved_cs_client     = @@character_set_client */;
/*!40101 SET character_set_client = utf8 */;
CREATE TABLE `users` (
  `id` int(10) unsigned NOT NULL AUTO_INCREMENT,
  `email` varchar(191) COLLATE utf8mb4_unicode_ci DEFAULT NULL,
  `password` varchar(191) COLLATE utf8mb4_unicode_ci NOT NULL,
  `permissions` text COLLATE utf8mb4_unicode_ci,
  `activated` tinyint(1) NOT NULL DEFAULT '0',
  `activation_code` varchar(191) COLLATE utf8mb4_unicode_ci DEFAULT NULL,
  `activated_at` timestamp NULL DEFAULT NULL,
  `last_login` timestamp NULL DEFAULT NULL,
  `persist_code` varchar(191) COLLATE utf8mb4_unicode_ci DEFAULT NULL,
  `reset_password_code` varchar(191) COLLATE utf8mb4_unicode_ci DEFAULT NULL,
  `first_name` varchar(191) COLLATE utf8mb4_unicode_ci DEFAULT NULL,
  `last_name` varchar(191) COLLATE utf8mb4_unicode_ci DEFAULT NULL,
  `created_at` timestamp NULL DEFAULT NULL,
  `updated_at` timestamp NULL DEFAULT NULL,
  `deleted_at` timestamp NULL DEFAULT NULL,
  `website` varchar(191) COLLATE utf8mb4_unicode_ci DEFAULT NULL,
  `country` varchar(191) COLLATE utf8mb4_unicode_ci DEFAULT NULL,
  `gravatar` varchar(191) COLLATE utf8mb4_unicode_ci DEFAULT NULL,
  `location_id` int(11) DEFAULT NULL,
  `phone` varchar(191) COLLATE utf8mb4_unicode_ci DEFAULT NULL,
  `jobtitle` varchar(191) COLLATE utf8mb4_unicode_ci DEFAULT NULL,
  `manager_id` int(11) DEFAULT NULL,
  `employee_num` text COLLATE utf8mb4_unicode_ci,
  `avatar` varchar(191) COLLATE utf8mb4_unicode_ci DEFAULT NULL,
  `username` varchar(191) COLLATE utf8mb4_unicode_ci DEFAULT NULL,
  `notes` text COLLATE utf8mb4_unicode_ci,
  `company_id` int(10) unsigned DEFAULT NULL,
  `remember_token` text COLLATE utf8mb4_unicode_ci,
  `ldap_import` tinyint(1) NOT NULL DEFAULT '0',
  `locale` varchar(10) COLLATE utf8mb4_unicode_ci DEFAULT 'en',
  `show_in_list` tinyint(1) NOT NULL DEFAULT '1',
  `two_factor_secret` varchar(32) COLLATE utf8mb4_unicode_ci DEFAULT NULL,
  `two_factor_enrolled` tinyint(1) NOT NULL DEFAULT '0',
  `two_factor_optin` tinyint(1) NOT NULL DEFAULT '0',
  `department_id` int(11) DEFAULT NULL,
  `address` varchar(191) COLLATE utf8mb4_unicode_ci DEFAULT NULL,
  `city` varchar(191) COLLATE utf8mb4_unicode_ci DEFAULT NULL,
  `state` varchar(3) COLLATE utf8mb4_unicode_ci DEFAULT NULL,
  `zip` varchar(10) COLLATE utf8mb4_unicode_ci DEFAULT NULL,
  PRIMARY KEY (`id`),
  KEY `users_activation_code_index` (`activation_code`),
  KEY `users_reset_password_code_index` (`reset_password_code`)
) ENGINE=InnoDB AUTO_INCREMENT=69 DEFAULT CHARSET=utf8mb4 COLLATE=utf8mb4_unicode_ci;
/*!40101 SET character_set_client = @saved_cs_client */;

--
-- Dumping data for table `users`
--

LOCK TABLES `users` WRITE;
/*!40000 ALTER TABLE `users` DISABLE KEYS */;
INSERT INTO `users` VALUES (1,'danyka92@example.org','$2y$10$G5XP.jKKW5OCMGm4f2Y0UuZw8Pt2sOmV6fBAZ/6VCWE3J69QbV8/O','{\"superuser\":\"1\"}',1,NULL,NULL,'2019-08-12 03:03:48',NULL,NULL,'Admin','User','2019-06-11 01:52:40','2019-08-12 03:03:48',NULL,NULL,'New Caledonia',NULL,1,'221-435-4375','Farm and Home Management Advisor',NULL,'5399','admin-user.jpg','admin','Created by DB seeder',2,'iQQKewtAVwcaK8NTmZgSzIFwEryfHqpsn7XVMFqVPYBoIPg6ppeUraULQ86J',0,'en',1,NULL,0,0,3,'90538 Kirlin Springs Apt. 160\nElainaland, KS 58378-4997','West Kirstenville','IL','26290-3701'),(2,'snipe@snipe.net','$2y$10$G5XP.jKKW5OCMGm4f2Y0UuZw8Pt2sOmV6fBAZ/6VCWE3J69QbV8/O','{\"superuser\":\"1\"}',1,NULL,NULL,NULL,NULL,NULL,'Snipe E.','Head','2019-06-11 01:52:40','2019-06-11 01:52:40',NULL,NULL,'Armenia',NULL,4,'+1 (347) 476-2377','Battery Repairer',NULL,'14897',NULL,'snipe','Created by DB seeder',3,NULL,0,'ug_CN',1,NULL,0,0,6,'173 Audra Glens\nLake Clara, CO 19450-1212','Nametown','DE','00447'),(3,'ernest57@example.org','$2y$10$G5XP.jKKW5OCMGm4f2Y0UuZw8Pt2sOmV6fBAZ/6VCWE3J69QbV8/O','{\"superuser\":\"1\"}',1,NULL,NULL,NULL,NULL,NULL,'Oral','Green','2019-06-11 01:52:40','2019-06-11 01:52:40',NULL,NULL,'Jordan',NULL,1,'736-731-2156 x80240','Plumber OR Pipefitter OR Steamfitter',NULL,'15980',NULL,'eichmann.mylene','Created by DB seeder',4,NULL,0,'bo_CN',1,NULL,0,0,1,'743 Nikolaus Land\nMarcellaview, NE 24446','Port Zoey','SC','51514-9253'),(4,'leola.casper@example.org','$2y$10$G5XP.jKKW5OCMGm4f2Y0UuZw8Pt2sOmV6fBAZ/6VCWE3J69QbV8/O','{\"superuser\":\"1\"}',1,NULL,NULL,NULL,NULL,NULL,'Peter','Denesik','2019-06-11 01:52:40','2019-06-11 01:52:40',NULL,NULL,'Lithuania',NULL,2,'894.836.8155 x91127','Well and Core Drill Operator',NULL,'30563',NULL,'trinity09','Created by DB seeder',3,NULL,0,'sid_ET',1,NULL,0,0,5,'96139 Jennings Track\nLake Melisamouth, NV 57347','Port Tito','IN','86933'),(5,'gblick@example.com','$2y$10$G5XP.jKKW5OCMGm4f2Y0UuZw8Pt2sOmV6fBAZ/6VCWE3J69QbV8/O','{\"superuser\":\"1\"}',1,NULL,NULL,NULL,NULL,NULL,'Scarlett','Gottlieb','2019-06-11 01:52:40','2019-06-11 01:52:40',NULL,NULL,'Kazakhstan',NULL,4,'(216) 701-0127','Tank Car',NULL,'14399',NULL,'obradtke','Created by DB seeder',4,NULL,0,'st_ZA',1,NULL,0,0,4,'80271 Erik Skyway Apt. 106\nNorth Kip, MS 53460-9377','Reginaldberg','ID','96105'),(6,'ward.estefania@example.net','$2y$10$G5XP.jKKW5OCMGm4f2Y0UuZw8Pt2sOmV6fBAZ/6VCWE3J69QbV8/O','{\"admin\":\"1\"}',1,NULL,NULL,NULL,NULL,NULL,'Hadley','Denesik','2019-06-11 01:52:40','2019-06-11 01:52:40',NULL,NULL,'Bahamas',NULL,2,'(585) 950-7960 x18548','Grinder OR Polisher',1,'28781',NULL,'considine.winston','Created by DB seeder',1,NULL,0,'nso_ZA',1,NULL,0,0,6,'80450 Kling Wells\nFrederiqueside, MT 37829-3614','North Anselhaven','WV','58010-1240'),(7,'stewart31@example.org','$2y$10$G5XP.jKKW5OCMGm4f2Y0UuZw8Pt2sOmV6fBAZ/6VCWE3J69QbV8/O','{\"admin\":\"1\"}',1,NULL,NULL,NULL,NULL,NULL,'Gordon','Champlin','2019-06-11 01:52:40','2019-06-11 01:52:40',NULL,NULL,'Brunei Darussalam',NULL,2,'(938) 373-0197','Electrical Engineer',2,'12306',NULL,'kkautzer','Created by DB seeder',1,NULL,0,'bs_BA',1,NULL,0,0,6,'4255 Frami Pike\nKautzerborough, ND 36618-8557','Lake Micheleport','VA','10819'),(8,'darwin.murphy@example.com','$2y$10$G5XP.jKKW5OCMGm4f2Y0UuZw8Pt2sOmV6fBAZ/6VCWE3J69QbV8/O','{\"admin\":\"1\"}',1,NULL,NULL,NULL,NULL,NULL,'Jabari','Stoltenberg','2019-06-11 01:52:40','2019-06-11 01:52:40',NULL,NULL,'Serbia',NULL,2,'347.460.6923 x67286','Health Services Manager',2,'23641',NULL,'watsica.leopoldo','Created by DB seeder',3,NULL,0,'en_VI',1,NULL,0,0,6,'491 Davonte Ridge Suite 591\nPort Imaniberg, MT 26731','O\'Connerside','IL','03072-6782'),(9,'jeanie.feest@example.net','$2y$10$G5XP.jKKW5OCMGm4f2Y0UuZw8Pt2sOmV6fBAZ/6VCWE3J69QbV8/O','{\"assets.view\":\"1\"}',1,NULL,NULL,NULL,NULL,NULL,'Cleve','Vandervort','2019-06-11 01:52:40','2019-06-11 01:52:40',NULL,NULL,'Guernsey',NULL,2,'(272) 601-0270','Buffing and Polishing Operator',NULL,'21227',NULL,'ymohr','Created by DB seeder',1,NULL,0,'es_DO',1,NULL,0,0,2,'96293 Ernestina Isle Suite 467\nSanfordberg, MS 51346','Codyberg','NM','33263'),(10,'rowena.bailey@example.net','$2y$10$G5XP.jKKW5OCMGm4f2Y0UuZw8Pt2sOmV6fBAZ/6VCWE3J69QbV8/O','{\"assets.view\":\"1\"}',1,NULL,NULL,NULL,NULL,NULL,'Kara','Hoeger','2019-06-11 01:52:40','2019-06-11 01:52:40',NULL,NULL,'Aruba',NULL,4,'343.519.8055 x297','Marketing Manager',NULL,'20797',NULL,'otorp','Created by DB seeder',4,NULL,0,'syr_SY',1,NULL,0,0,5,'958 Nathan Point Apt. 534\nMaudechester, CO 09849-6650','Beattyborough','TN','63497'),(11,'murphy.henriette@example.com','$2y$10$G5XP.jKKW5OCMGm4f2Y0UuZw8Pt2sOmV6fBAZ/6VCWE3J69QbV8/O','{\"assets.view\":\"1\"}',1,NULL,NULL,NULL,NULL,NULL,'Noelia','Zieme','2019-06-11 01:52:40','2019-06-11 01:52:40',NULL,NULL,'Cyprus',NULL,4,'1-748-262-0197 x994','Coaches and Scout',NULL,'25092',NULL,'dhackett','Created by DB seeder',1,NULL,0,'zh_SG',1,NULL,0,0,2,'339 Lucius Oval\nOrnberg, NJ 90209-3102','New Piercemouth','CO','02258-2508'),(12,'lind.nathanael@example.org','$2y$10$G5XP.jKKW5OCMGm4f2Y0UuZw8Pt2sOmV6fBAZ/6VCWE3J69QbV8/O','{\"assets.view\":\"1\"}',1,NULL,NULL,NULL,NULL,NULL,'Duane','Goldner','2019-06-11 01:52:40','2019-06-11 01:52:40',NULL,NULL,'Luxembourg',NULL,4,'(863) 700-5111','Plating Operator',NULL,'25420',NULL,'kaleb.mertz','Created by DB seeder',4,NULL,0,'hr_HR',1,NULL,0,0,1,'904 O\'Connell Ford Suite 713\nNorth Edwardochester, AR 75153-9727','North Raquel','SD','73872-8122'),(13,'merritt.brakus@example.com','$2y$10$G5XP.jKKW5OCMGm4f2Y0UuZw8Pt2sOmV6fBAZ/6VCWE3J69QbV8/O','{\"assets.view\":\"1\"}',1,NULL,NULL,NULL,NULL,NULL,'Virginia','Abshire','2019-06-11 01:52:40','2019-06-11 01:52:40',NULL,NULL,'Burundi',NULL,3,'720-747-1660 x584','Stationary Engineer',NULL,'7144',NULL,'myron.turcotte','Created by DB seeder',1,NULL,0,'nl_BE',1,NULL,0,0,5,'500 Spencer Highway\nErlingmouth, ID 12128-9920','Nienowton','MA','02367-4346'),(14,'jaida10@example.net','$2y$10$G5XP.jKKW5OCMGm4f2Y0UuZw8Pt2sOmV6fBAZ/6VCWE3J69QbV8/O','{\"assets.view\":\"1\"}',1,NULL,NULL,NULL,NULL,NULL,'Shawn','Yost','2019-06-11 01:52:40','2019-06-11 01:52:40',NULL,NULL,'Canada',NULL,1,'1-228-845-4461 x5367','Computer-Controlled Machine Tool Operator',NULL,'21645',NULL,'jamil68','Created by DB seeder',2,NULL,0,'en_MT',1,NULL,0,0,4,'6596 Swaniawski Dale Suite 759\nVivianestad, NH 96740-0636','New Wilmafurt','GA','84503'),(15,'jordy56@example.com','$2y$10$G5XP.jKKW5OCMGm4f2Y0UuZw8Pt2sOmV6fBAZ/6VCWE3J69QbV8/O','{\"assets.view\":\"1\"}',1,NULL,NULL,NULL,NULL,NULL,'Raphael','Brakus','2019-06-11 01:52:40','2019-06-11 01:52:40',NULL,NULL,'Niue',NULL,1,'515.724.3316 x479','Medical Transcriptionist',NULL,'13164',NULL,'savanna.fadel','Created by DB seeder',1,NULL,0,'en_UM',1,NULL,0,0,6,'977 Timmothy Dam\nLake Nolanville, ID 22840-3267','Kiehnfurt','ND','10146-6481'),(16,'douglas.rosario@example.com','$2y$10$G5XP.jKKW5OCMGm4f2Y0UuZw8Pt2sOmV6fBAZ/6VCWE3J69QbV8/O','{\"assets.view\":\"1\"}',1,NULL,NULL,NULL,NULL,NULL,'Murphy','Crist','2019-06-11 01:52:40','2019-06-11 01:52:40',NULL,NULL,'United States Virgin Islands',NULL,2,'564.310.9912 x70593','Soldering Machine Setter',NULL,'6464',NULL,'iroob','Created by DB seeder',2,NULL,0,'ku_IR',1,NULL,0,0,1,'41935 Danial Unions Suite 635\nConnmouth, LA 35196-4571','Borerburgh','AL','25842-1618'),(17,'rollin97@example.org','$2y$10$G5XP.jKKW5OCMGm4f2Y0UuZw8Pt2sOmV6fBAZ/6VCWE3J69QbV8/O','{\"assets.view\":\"1\"}',1,NULL,NULL,NULL,NULL,NULL,'Macie','Von','2019-06-11 01:52:40','2019-06-11 01:52:40',NULL,NULL,'Nauru',NULL,5,'1-950-846-4230 x69391','Coating Machine Operator',NULL,'34621',NULL,'ogerlach','Created by DB seeder',2,NULL,0,'gv_GB',1,NULL,0,0,4,'91859 Pfeffer Track Suite 508\nLake Jacklyn, DC 17743','Strackeport','FL','51179'),(18,'jaiden10@example.org','$2y$10$G5XP.jKKW5OCMGm4f2Y0UuZw8Pt2sOmV6fBAZ/6VCWE3J69QbV8/O','{\"assets.view\":\"1\"}',1,NULL,NULL,NULL,NULL,NULL,'Maxime','Nicolas','2019-06-11 01:52:40','2019-06-11 01:52:40',NULL,NULL,'Romania',NULL,1,'781-651-1970 x215','Postmasters',NULL,'9427',NULL,'watson.mcclure','Created by DB seeder',4,NULL,0,'en_PK',1,NULL,0,0,3,'7359 Turner Land\nGorczanymouth, SD 60500-1429','Port Vilmamouth','SD','64615'),(19,'loberbrunner@example.net','$2y$10$G5XP.jKKW5OCMGm4f2Y0UuZw8Pt2sOmV6fBAZ/6VCWE3J69QbV8/O','{\"assets.view\":\"1\"}',1,NULL,NULL,NULL,NULL,NULL,'Molly','Murray','2019-06-11 01:52:40','2019-06-11 01:52:40',NULL,NULL,'Kiribati',NULL,2,'439.554.2117','Child Care',NULL,'3729',NULL,'rwyman','Created by DB seeder',4,NULL,0,'es_BO',1,NULL,0,0,4,'21519 Kayden Unions Suite 874\nBartellport, CO 50793-4037','Earlinetown','NH','98891'),(20,'bogan.brionna@example.com','$2y$10$G5XP.jKKW5OCMGm4f2Y0UuZw8Pt2sOmV6fBAZ/6VCWE3J69QbV8/O','{\"assets.view\":\"1\"}',1,NULL,NULL,NULL,NULL,NULL,'Rahsaan','Predovic','2019-06-11 01:52:40','2019-06-11 01:52:40',NULL,NULL,'Falkland Islands (Malvinas)',NULL,5,'1-629-721-0058 x19366','Electrical and Electronics Drafter',NULL,'13139',NULL,'esawayn','Created by DB seeder',4,NULL,0,'bn_BD',1,NULL,0,0,3,'53729 Janis Flats Suite 520\nStarktown, WA 41962-3870','North Hoythaven','MT','76367-0938'),(21,'fhills@example.net','$2y$10$G5XP.jKKW5OCMGm4f2Y0UuZw8Pt2sOmV6fBAZ/6VCWE3J69QbV8/O','{\"assets.view\":\"1\"}',1,NULL,NULL,NULL,NULL,NULL,'Valentin','Herzog','2019-06-11 01:52:40','2019-06-11 01:52:40',NULL,NULL,'Hungary',NULL,2,'372-330-8532 x249','Office Machine and Cash Register Servicer',NULL,'11080',NULL,'lauriane86','Created by DB seeder',3,NULL,0,'es_HN',1,NULL,0,0,4,'34179 Mitchell Locks Apt. 369\nNew Horacechester, WI 51938','Port Kellenstad','NE','86507'),(22,'mraz.ambrose@example.org','$2y$10$G5XP.jKKW5OCMGm4f2Y0UuZw8Pt2sOmV6fBAZ/6VCWE3J69QbV8/O','{\"assets.view\":\"1\"}',1,NULL,NULL,NULL,NULL,NULL,'Jan','Rutherford','2019-06-11 01:52:40','2019-06-11 01:52:40',NULL,NULL,'Gabon',NULL,2,'1-667-993-5090','Ship Engineer',NULL,'5545',NULL,'ethel12','Created by DB seeder',2,NULL,0,'om_ET',1,NULL,0,0,3,'925 Estelle Mountains\nLake Kittystad, OH 52586','West Hendersonmouth','NY','94987-2158'),(23,'hamill.carissa@example.org','$2y$10$G5XP.jKKW5OCMGm4f2Y0UuZw8Pt2sOmV6fBAZ/6VCWE3J69QbV8/O','{\"assets.view\":\"1\"}',1,NULL,NULL,NULL,NULL,NULL,'Emile','Russel','2019-06-11 01:52:40','2019-06-11 01:52:40',NULL,NULL,'Guinea',NULL,1,'317-941-8542','Medical Equipment Preparer',NULL,'10630',NULL,'ruthe28','Created by DB seeder',1,NULL,0,'gsw_CH',1,NULL,0,0,3,'235 Kilback Ferry\nWainoton, KY 60891-1718','South Jaylanbury','VT','55552-4965'),(24,'wendell.breitenberg@example.org','$2y$10$G5XP.jKKW5OCMGm4f2Y0UuZw8Pt2sOmV6fBAZ/6VCWE3J69QbV8/O','{\"assets.view\":\"1\"}',1,NULL,NULL,NULL,NULL,NULL,'Yvette','Satterfield','2019-06-11 01:52:40','2019-06-11 01:52:40',NULL,NULL,'Tokelau',NULL,4,'262.229.5113','Interpreter OR Translator',NULL,'13793',NULL,'marty45','Created by DB seeder',3,NULL,0,'th_TH',1,NULL,0,0,5,'56294 Will Greens\nGrimesport, IN 45389-6063','Kaciefurt','MI','83910-1528'),(25,'farrell.rossie@example.org','$2y$10$G5XP.jKKW5OCMGm4f2Y0UuZw8Pt2sOmV6fBAZ/6VCWE3J69QbV8/O','{\"assets.view\":\"1\"}',1,NULL,NULL,NULL,NULL,NULL,'Willard','Sauer','2019-06-11 01:52:40','2019-06-11 01:52:40',NULL,NULL,'Romania',NULL,4,'585-414-3417','Foundry Mold and Coremaker',NULL,'16292',NULL,'bode.abbie','Created by DB seeder',4,NULL,0,'kcg_NG',1,NULL,0,0,5,'96918 Camron Overpass\nPort Hilton, TX 70858','Hillsbury','WY','77557-6717'),(26,'mueller.beatrice@example.com','$2y$10$G5XP.jKKW5OCMGm4f2Y0UuZw8Pt2sOmV6fBAZ/6VCWE3J69QbV8/O','{\"assets.view\":\"1\"}',1,NULL,NULL,NULL,NULL,NULL,'Mario','Walker','2019-06-11 01:52:40','2019-06-11 01:52:40',NULL,NULL,'United States Virgin Islands',NULL,4,'470-835-7193','Political Science Teacher',NULL,'30926',NULL,'sterling63','Created by DB seeder',4,NULL,0,'es_UY',1,NULL,0,0,2,'16959 Evelyn Freeway\nNew Mckenzie, TN 24817-7173','New Ahmedview','OK','47416-0388'),(27,'roman58@example.net','$2y$10$G5XP.jKKW5OCMGm4f2Y0UuZw8Pt2sOmV6fBAZ/6VCWE3J69QbV8/O','{\"assets.view\":\"1\"}',1,NULL,NULL,NULL,NULL,NULL,'Eula','Goyette','2019-06-11 01:52:40','2019-06-11 01:52:40',NULL,NULL,'South Georgia and the South Sandwich Islands',NULL,2,'1-560-306-1616 x2741','Forging Machine Setter',NULL,'28206',NULL,'jkihn','Created by DB seeder',1,NULL,0,'en_JM',1,NULL,0,0,4,'9399 Nikolaus Ways Apt. 223\nPort Chesley, VT 76804-7621','Lake Kacie','WA','89948'),(28,'werner61@example.com','$2y$10$G5XP.jKKW5OCMGm4f2Y0UuZw8Pt2sOmV6fBAZ/6VCWE3J69QbV8/O','{\"assets.view\":\"1\"}',1,NULL,NULL,NULL,NULL,NULL,'Kimberly','Bins','2019-06-11 01:52:40','2019-06-11 01:52:40',NULL,NULL,'Canada',NULL,4,'1-718-409-7819 x6502','Food Scientists and Technologist',NULL,'25675',NULL,'bchristiansen','Created by DB seeder',4,NULL,0,'ny_MW',1,NULL,0,0,4,'87215 Wiegand Skyway Apt. 140\nBonitaville, MN 46672','Bernhardport','CA','06861'),(29,'hermiston.leora@example.net','$2y$10$G5XP.jKKW5OCMGm4f2Y0UuZw8Pt2sOmV6fBAZ/6VCWE3J69QbV8/O','{\"assets.view\":\"1\"}',1,NULL,NULL,NULL,NULL,NULL,'Rene','Ullrich','2019-06-11 01:52:40','2019-06-11 01:52:40',NULL,NULL,'Azerbaijan',NULL,1,'+16153747538','Avionics Technician',NULL,'23434',NULL,'adaline61','Created by DB seeder',1,NULL,0,'de_AT',1,NULL,0,0,2,'90790 Sandra Passage Suite 425\nNew Alizeside, NC 38711-8271','East Javontetown','AL','63113'),(30,'alberta01@example.org','$2y$10$G5XP.jKKW5OCMGm4f2Y0UuZw8Pt2sOmV6fBAZ/6VCWE3J69QbV8/O','{\"assets.view\":\"1\"}',1,NULL,NULL,NULL,NULL,NULL,'Jaden','Goodwin','2019-06-11 01:52:40','2019-06-11 01:52:40',NULL,NULL,'Zambia',NULL,4,'458-976-2548 x2404','Paralegal',NULL,'8535',NULL,'feil.alycia','Created by DB seeder',2,NULL,0,'af_NA',1,NULL,0,0,2,'77515 Murl Shores Apt. 725\nShaniahaven, MN 89837-3702','Delphiaville','SC','84202-2824'),(31,'christiansen.brayan@example.org','$2y$10$G5XP.jKKW5OCMGm4f2Y0UuZw8Pt2sOmV6fBAZ/6VCWE3J69QbV8/O','{\"assets.view\":\"1\"}',1,NULL,NULL,NULL,NULL,NULL,'Rachel','Hahn','2019-06-11 01:52:40','2019-06-11 01:52:40',NULL,NULL,'Dominica',NULL,1,'603.328.4173 x5483','Gas Distribution Plant Operator',NULL,'24349',NULL,'xkeebler','Created by DB seeder',2,NULL,0,'cy_GB',1,NULL,0,0,6,'41270 Magnolia Lodge Apt. 403\nNorth Sibylburgh, RI 71560-0233','East Minniemouth','UT','86745-2185'),(32,'ukris@example.com','$2y$10$G5XP.jKKW5OCMGm4f2Y0UuZw8Pt2sOmV6fBAZ/6VCWE3J69QbV8/O','{\"assets.view\":\"1\"}',1,NULL,NULL,NULL,NULL,NULL,'Vella','Lockman','2019-06-11 01:52:40','2019-06-11 01:52:40',NULL,NULL,'Croatia',NULL,3,'740.344.1561 x0361','Separating Machine Operators',NULL,'13872',NULL,'stokes.cade','Created by DB seeder',3,NULL,0,'ta_IN',1,NULL,0,0,3,'44934 Amira Estates\nNew Felipa, IA 93063','Rauborough','CO','71583'),(33,'rozella.shanahan@example.org','$2y$10$G5XP.jKKW5OCMGm4f2Y0UuZw8Pt2sOmV6fBAZ/6VCWE3J69QbV8/O','{\"assets.view\":\"1\"}',1,NULL,NULL,NULL,NULL,NULL,'Rylee','Mante','2019-06-11 01:52:40','2019-06-11 01:52:40',NULL,NULL,'Mali',NULL,5,'+1-956-405-6791','Transportation Attendant',NULL,'17414',NULL,'odie.stanton','Created by DB seeder',4,NULL,0,'ar_OM',1,NULL,0,0,4,'697 Ressie River\nNew Johnny, WI 69042','New Anthonychester','RI','84960'),(34,'crist.christian@example.org','$2y$10$G5XP.jKKW5OCMGm4f2Y0UuZw8Pt2sOmV6fBAZ/6VCWE3J69QbV8/O','{\"assets.view\":\"1\"}',1,NULL,NULL,NULL,NULL,NULL,'Domenic','Nolan','2019-06-11 01:52:40','2019-06-11 01:52:40',NULL,NULL,'Gambia',NULL,4,'(458) 569-0343 x2052','Cutting Machine Operator',NULL,'30103',NULL,'maryjane.gleichner','Created by DB seeder',1,NULL,0,'es_PE',1,NULL,0,0,2,'338 Kunde Walk\nFidelland, NC 39897-6821','New Jeremymouth','ND','77681'),(35,'joseph70@example.com','$2y$10$G5XP.jKKW5OCMGm4f2Y0UuZw8Pt2sOmV6fBAZ/6VCWE3J69QbV8/O','{\"assets.view\":\"1\"}',1,NULL,NULL,NULL,NULL,NULL,'Wilfredo','Stoltenberg','2019-06-11 01:52:40','2019-06-11 01:52:40',NULL,NULL,'Bangladesh',NULL,3,'+1 (764) 650-1608','Chemical Equipment Controller',NULL,'21806',NULL,'wpaucek','Created by DB seeder',3,NULL,0,'ve_ZA',1,NULL,0,0,1,'1455 Adell Fork Suite 838\nLizziefurt, GA 00392','Dietrichberg','AZ','51239'),(36,'tracey.kozey@example.com','$2y$10$G5XP.jKKW5OCMGm4f2Y0UuZw8Pt2sOmV6fBAZ/6VCWE3J69QbV8/O','{\"assets.view\":\"1\"}',1,NULL,NULL,NULL,NULL,NULL,'Abigale','Farrell','2019-06-11 01:52:40','2019-08-08 23:39:39',NULL,NULL,'Sierra Leone',NULL,4,'(449) 975-4734 x42804','Insurance Investigator',NULL,'15529',NULL,'hyatt.mireya','Created by DB seeder',2,NULL,0,'kok_IN',1,NULL,0,0,6,'4983 Taryn Passage Suite 927\nEichmannborough, AL 23739-7548','Altenwerthfurt','SD','21300-8833'),(37,'xcrist@example.org','$2y$10$G5XP.jKKW5OCMGm4f2Y0UuZw8Pt2sOmV6fBAZ/6VCWE3J69QbV8/O','{\"assets.view\":\"1\"}',1,NULL,NULL,NULL,NULL,NULL,'Adela','Quigley','2019-06-11 01:52:40','2019-06-11 01:52:40',NULL,NULL,'Dominican Republic',NULL,2,'415.295.1794 x012','Surveying Technician',NULL,'22567',NULL,'haylie14','Created by DB seeder',1,NULL,0,'es_AR',1,NULL,0,0,1,'915 Marilou Cliff\nWest Alexane, RI 38268','Darronstad','HI','32171-7695'),(38,'nwindler@example.org','$2y$10$G5XP.jKKW5OCMGm4f2Y0UuZw8Pt2sOmV6fBAZ/6VCWE3J69QbV8/O','{\"assets.view\":\"1\"}',1,NULL,NULL,NULL,NULL,NULL,'Geoffrey','Feest','2019-06-11 01:52:40','2019-06-11 01:52:40',NULL,NULL,'Equatorial Guinea',NULL,5,'+1-383-893-7092','Clerk',NULL,'17489',NULL,'ilakin','Created by DB seeder',2,NULL,0,'en_JM',1,NULL,0,0,1,'286 Thiel Wells\nLucileland, IA 71874-5153','North Madelynnville','CT','83653'),(39,'erin.schulist@example.com','$2y$10$G5XP.jKKW5OCMGm4f2Y0UuZw8Pt2sOmV6fBAZ/6VCWE3J69QbV8/O','{\"assets.view\":\"1\"}',1,NULL,NULL,NULL,NULL,NULL,'Dolly','Osinski','2019-06-11 01:52:40','2019-06-11 01:52:40',NULL,NULL,'Georgia',NULL,2,'(356) 505-3568 x2510','Ship Carpenter and Joiner',NULL,'10590',NULL,'ratke.granville','Created by DB seeder',1,NULL,0,'bg_BG',1,NULL,0,0,1,'703 Travon Cliff\nLake Brennaburgh, NH 79026','Jenkinstown','OR','97898-1915'),(40,'neva86@example.org','$2y$10$G5XP.jKKW5OCMGm4f2Y0UuZw8Pt2sOmV6fBAZ/6VCWE3J69QbV8/O','{\"assets.view\":\"1\"}',1,NULL,NULL,NULL,NULL,NULL,'Lauren','Jacobson','2019-06-11 01:52:40','2019-06-11 01:52:40',NULL,NULL,'Panama',NULL,3,'1-210-323-6353','Loan Counselor',NULL,'28260',NULL,'lmills','Created by DB seeder',2,NULL,0,'en_MH',1,NULL,0,0,3,'76203 Kira Meadow\nWest Minniemouth, WA 57604-6066','Leilatown','WI','42996'),(41,'casper.kathleen@example.org','$2y$10$G5XP.jKKW5OCMGm4f2Y0UuZw8Pt2sOmV6fBAZ/6VCWE3J69QbV8/O','{\"assets.view\":\"1\"}',1,NULL,NULL,NULL,NULL,NULL,'Frankie','Reinger','2019-06-11 01:52:40','2019-06-11 01:52:40',NULL,NULL,'Mayotte',NULL,3,'1-526-256-3585 x0012','Editor',NULL,'24555',NULL,'jakubowski.ralph','Created by DB seeder',4,NULL,0,'so_ET',1,NULL,0,0,5,'5822 Bernier Pine Apt. 978\nAuerton, RI 97337','Douglaston','MI','75227-2241'),(42,'kiehn.rashawn@example.org','$2y$10$G5XP.jKKW5OCMGm4f2Y0UuZw8Pt2sOmV6fBAZ/6VCWE3J69QbV8/O','{\"assets.view\":\"1\"}',1,NULL,NULL,NULL,NULL,NULL,'Kiera','Johnston','2019-06-11 01:52:40','2019-06-11 01:52:40',NULL,NULL,'Russian Federation',NULL,5,'803-286-1620 x0311','Radiation Therapist',NULL,'21637',NULL,'saige18','Created by DB seeder',1,NULL,0,'sh_YU',1,NULL,0,0,2,'81194 Maggio Branch Suite 337\nEast Alanafort, KS 17649','Lucieton','RI','48280'),(43,'marcel.crona@example.com','$2y$10$G5XP.jKKW5OCMGm4f2Y0UuZw8Pt2sOmV6fBAZ/6VCWE3J69QbV8/O','{\"assets.view\":\"1\"}',1,NULL,NULL,NULL,NULL,NULL,'Madelyn','Herman','2019-06-11 01:52:40','2019-06-11 01:52:40',NULL,NULL,'Taiwan',NULL,2,'668-772-1268 x9642','Janitor',NULL,'21698',NULL,'rabbott','Created by DB seeder',3,NULL,0,'to_TO',1,NULL,0,0,2,'2702 Lakin Trail Apt. 313\nCummerataport, ID 71043-5769','Carminefort','ME','13334-6217'),(44,'jeanie22@example.org','$2y$10$G5XP.jKKW5OCMGm4f2Y0UuZw8Pt2sOmV6fBAZ/6VCWE3J69QbV8/O','{\"assets.view\":\"1\"}',1,NULL,NULL,NULL,NULL,NULL,'Delores','Lang','2019-06-11 01:52:40','2019-06-11 01:52:40',NULL,NULL,'Tonga',NULL,3,'(957) 569-1812','Flight Attendant',NULL,'21228',NULL,'alayna.hilpert','Created by DB seeder',3,NULL,0,'es_MX',1,NULL,0,0,2,'2129 Terry Green Suite 813\nGloverview, FL 83631','North Lucianochester','IL','54082-9500'),(45,'mellie56@example.com','$2y$10$G5XP.jKKW5OCMGm4f2Y0UuZw8Pt2sOmV6fBAZ/6VCWE3J69QbV8/O','{\"assets.view\":\"1\"}',1,NULL,NULL,NULL,NULL,NULL,'Aileen','Schiller','2019-06-11 01:52:40','2019-06-11 01:52:40',NULL,NULL,'Latvia',NULL,4,'+1 (685) 618-2142','Detective',NULL,'6761',NULL,'hlynch','Created by DB seeder',2,NULL,0,'gsw_CH',1,NULL,0,0,1,'8073 Fisher Terrace\nLake Jackson, MN 85198','North Merlinchester','NV','27608'),(46,'yconsidine@example.com','$2y$10$G5XP.jKKW5OCMGm4f2Y0UuZw8Pt2sOmV6fBAZ/6VCWE3J69QbV8/O','{\"assets.view\":\"1\"}',1,NULL,NULL,NULL,NULL,NULL,'Zula','Hoppe','2019-06-11 01:52:40','2019-06-11 01:52:40',NULL,NULL,'Ecuador',NULL,3,'(417) 663-7699','Fish Game Warden',NULL,'16809',NULL,'oreilly.jordane','Created by DB seeder',4,NULL,0,'ln_CG',1,NULL,0,0,3,'63609 Kautzer Drives\nBartolettihaven, IL 67069-5931','Lake Mollie','NH','26997'),(47,'reanna53@example.org','$2y$10$G5XP.jKKW5OCMGm4f2Y0UuZw8Pt2sOmV6fBAZ/6VCWE3J69QbV8/O','{\"assets.view\":\"1\"}',1,NULL,NULL,NULL,NULL,NULL,'Adaline','Murray','2019-06-11 01:52:40','2019-06-11 01:52:40',NULL,NULL,'Isle of Man',NULL,4,'276.609.9525','Housekeeping Supervisor',NULL,'21877',NULL,'cleveland19','Created by DB seeder',3,NULL,0,'lo_LA',1,NULL,0,0,4,'68240 Pfeffer Run Suite 685\nStanleyberg, NC 70750','Leannonchester','NV','50392-4203'),(48,'hfritsch@example.com','$2y$10$G5XP.jKKW5OCMGm4f2Y0UuZw8Pt2sOmV6fBAZ/6VCWE3J69QbV8/O','{\"assets.view\":\"1\"}',1,NULL,NULL,NULL,NULL,NULL,'Darrick','Mann','2019-06-11 01:52:40','2019-06-11 01:52:40',NULL,NULL,'Saint Lucia',NULL,4,'405-330-0219 x20815','Cabinetmaker',NULL,'27118',NULL,'yoshiko59','Created by DB seeder',1,NULL,0,'de_LI',1,NULL,0,0,1,'97103 Hills Place\nDareton, WY 58869-3579','West Steve','WA','03388-9104'),(49,'kristopher.klocko@example.com','$2y$10$G5XP.jKKW5OCMGm4f2Y0UuZw8Pt2sOmV6fBAZ/6VCWE3J69QbV8/O','{\"assets.view\":\"1\"}',1,NULL,NULL,NULL,NULL,NULL,'Gideon','Kozey','2019-06-11 01:52:40','2019-06-11 01:52:40',NULL,NULL,'Malaysia',NULL,4,'778-257-5716','Nursery Worker',NULL,'27428',NULL,'stanton.kieran','Created by DB seeder',4,NULL,0,'en_AS',1,NULL,0,0,2,'48261 Osinski Street Suite 038\nSporerville, ME 28288-8134','North Dion','CO','21642-2447'),(50,'yhand@example.net','$2y$10$G5XP.jKKW5OCMGm4f2Y0UuZw8Pt2sOmV6fBAZ/6VCWE3J69QbV8/O','{\"assets.view\":\"1\"}',1,NULL,NULL,NULL,NULL,NULL,'Lelah','Glover','2019-06-11 01:52:40','2019-06-11 01:52:40',NULL,NULL,'Myanmar',NULL,1,'224-908-8097 x3111','Armored Assault Vehicle Crew Member',NULL,'4987',NULL,'eula.oreilly','Created by DB seeder',1,NULL,0,'en_AS',1,NULL,0,0,4,'7494 Schaden Lights\nEusebioborough, VT 47256','Port Nicolas','NH','89376-7133'),(51,'benny40@example.org','$2y$10$G5XP.jKKW5OCMGm4f2Y0UuZw8Pt2sOmV6fBAZ/6VCWE3J69QbV8/O','{\"assets.view\":\"1\"}',1,NULL,NULL,NULL,NULL,NULL,'Maybell','Effertz','2019-06-11 01:52:40','2019-06-11 01:52:40',NULL,NULL,'Latvia',NULL,5,'889.517.9049 x5670','Gaming Manager',NULL,'21021',NULL,'richmond98','Created by DB seeder',3,NULL,0,'or_IN',1,NULL,0,0,3,'347 Michaela Flats\nWest Giovanimouth, WY 76357-5653','Lake Emilioville','TN','42765'),(52,'jamey.kunze@example.com','$2y$10$G5XP.jKKW5OCMGm4f2Y0UuZw8Pt2sOmV6fBAZ/6VCWE3J69QbV8/O','{\"assets.view\":\"1\"}',1,NULL,NULL,NULL,NULL,NULL,'Leola','Wuckert','2019-06-11 01:52:40','2019-06-11 01:52:40',NULL,NULL,'Turkmenistan',NULL,2,'+1.249.651.5366','Video Editor',NULL,'8558',NULL,'jwyman','Created by DB seeder',1,NULL,0,'as_IN',1,NULL,0,0,4,'73180 Avery Pines\nSouth Keenanbury, PA 58448-1591','New Asa','NE','91865-2089'),(53,'ygleason@example.net','$2y$10$G5XP.jKKW5OCMGm4f2Y0UuZw8Pt2sOmV6fBAZ/6VCWE3J69QbV8/O','{\"assets.view\":\"1\"}',1,NULL,NULL,NULL,NULL,NULL,'Selina','Goldner','2019-06-11 01:52:40','2019-06-11 01:52:40',NULL,NULL,'Colombia',NULL,3,'460.200.1054 x49665','Correctional Officer',NULL,'33124',NULL,'adolfo.thiel','Created by DB seeder',4,NULL,0,'vi_VN',1,NULL,0,0,2,'67529 Anabel Landing\nHirthemouth, NJ 75973','Port Brandy','IN','53040'),(54,'liliana14@example.com','$2y$10$G5XP.jKKW5OCMGm4f2Y0UuZw8Pt2sOmV6fBAZ/6VCWE3J69QbV8/O','{\"assets.view\":\"1\"}',1,NULL,NULL,NULL,NULL,NULL,'Ryleigh','Maggio','2019-06-11 01:52:40','2019-06-11 01:52:40',NULL,NULL,'Christmas Island',NULL,4,'507.781.5886 x3638','Product Promoter',NULL,'13058',NULL,'darrin.dibbert','Created by DB seeder',2,NULL,0,'de_CH',1,NULL,0,0,6,'586 Bosco Mountain Apt. 178\nWest Eunice, NE 89455','Mitchellmouth','NE','10519-6369'),(55,'tre08@example.com','$2y$10$G5XP.jKKW5OCMGm4f2Y0UuZw8Pt2sOmV6fBAZ/6VCWE3J69QbV8/O','{\"assets.view\":\"1\"}',1,NULL,NULL,NULL,NULL,NULL,'Rasheed','Streich','2019-06-11 01:52:40','2019-06-11 01:52:40',NULL,NULL,'Aruba',NULL,4,'352.229.2360 x28827','Marine Architect',NULL,'7546',NULL,'deon66','Created by DB seeder',4,NULL,0,'ku_SY',1,NULL,0,0,2,'913 Corkery Pass Suite 099\nSouth Lambertborough, OR 45438','Weissnatville','MN','10980'),(56,'jvolkman@example.com','$2y$10$G5XP.jKKW5OCMGm4f2Y0UuZw8Pt2sOmV6fBAZ/6VCWE3J69QbV8/O','{\"assets.view\":\"1\"}',1,NULL,NULL,NULL,NULL,NULL,'Adan','Lubowitz','2019-06-11 01:52:40','2019-06-11 01:52:40',NULL,NULL,'Saint Pierre and Miquelon',NULL,1,'305-620-7110 x53093','Graphic Designer',NULL,'33235',NULL,'tevin82','Created by DB seeder',3,NULL,0,'ka_GE',1,NULL,0,0,1,'3050 Yost Ferry Apt. 278\nRobertomouth, CT 96948','Maeganport','SC','96967-9842'),(57,'qschuster@example.com','$2y$10$G5XP.jKKW5OCMGm4f2Y0UuZw8Pt2sOmV6fBAZ/6VCWE3J69QbV8/O','{\"assets.view\":\"1\"}',1,NULL,NULL,NULL,NULL,NULL,'Stanley','Schinner','2019-06-11 01:52:40','2019-06-11 01:52:40',NULL,NULL,'Antigua and Barbuda',NULL,4,'353.458.5396','Information Systems Manager',NULL,'20707',NULL,'west.nathen','Created by DB seeder',1,NULL,0,'en_CA',1,NULL,0,0,4,'46692 Arvilla Rue Apt. 822\nDulceborough, MS 41061','New Eugenia','KY','63901'),(58,'bahringer.frida@example.com','$2y$10$G5XP.jKKW5OCMGm4f2Y0UuZw8Pt2sOmV6fBAZ/6VCWE3J69QbV8/O','{\"assets.view\":\"1\"}',1,NULL,NULL,NULL,NULL,NULL,'Isac','Jaskolski','2019-06-11 01:52:40','2019-06-11 01:52:40',NULL,NULL,'Eritrea',NULL,5,'968.614.9793 x340','Pediatricians',NULL,'19433',NULL,'lherzog','Created by DB seeder',3,NULL,0,'es_PE',1,NULL,0,0,4,'8922 Alana Turnpike Suite 424\nVerlamouth, NJ 03010','North Lizethton','OR','21628-3367'),(59,'ha.tb@vn.vinx.asia','$2y$10$MIukzuXzO0rB93OBrzYIuOzD3ug8lgL5IaiqJkkeoo.hYh2XcB7e6','{\"admin\":1,\"user\":1,\"superuser\":1,\"reports.view\":1, \"licenses.keys\":1}',1,NULL,NULL,'2019-08-08 19:45:37',NULL,NULL,'Ha','Trinh','2019-06-11 20:28:45','2019-08-08 19:45:37',NULL,NULL,NULL,NULL,11,NULL,NULL,NULL,NULL,NULL,'ha.tb',NULL,NULL,'G43BAEK9Sez9S8FNJiGDy6Z8iNMW3lmX982dMx7acql69PHymWNc39pKPbrS',0,'en',1,NULL,0,0,NULL,NULL,NULL,NULL,NULL),(60,NULL,'$2y$10$Sdi2TqGUYIWMFMr0K8bbieS/nLEKxlzrVi./rOrZ4sr5hsEwJCH0K',NULL,0,NULL,NULL,NULL,NULL,NULL,'User','Test','2019-07-05 03:36:21','2019-07-05 03:36:21',NULL,NULL,NULL,NULL,NULL,NULL,NULL,NULL,NULL,NULL,'snipeit',NULL,NULL,NULL,0,'en',1,NULL,0,0,NULL,NULL,NULL,NULL,NULL),(61,NULL,'$2y$10$cRPY8LCftLoLFPxK3/28W.49hoHZNKFBOrZahzwEbWYKan8ltsyra','{\"superuser\":\"1\",\"admin\":\"1\",\"import\":\"1\",\"reports.view\":\"1\",\"assets.view\":\"1\",\"assets.create\":\"1\",\"assets.edit\":\"1\",\"assets.delete\":\"1\",\"assets.checkin\":\"1\",\"assets.checkout\":\"1\",\"assets.audit\":\"1\",\"assets.view.requestable\":\"1\",\"accessories.view\":\"1\",\"accessories.create\":\"1\",\"accessories.edit\":\"1\",\"accessories.delete\":\"1\",\"accessories.checkout\":\"1\",\"accessories.checkin\":\"1\",\"consumables.view\":\"1\",\"consumables.create\":\"1\",\"consumables.edit\":\"1\",\"consumables.delete\":\"1\",\"consumables.checkout\":\"1\",\"licenses.view\":\"1\",\"licenses.create\":\"1\",\"licenses.edit\":\"1\",\"licenses.delete\":\"1\",\"licenses.checkout\":\"1\",\"licenses.keys\":\"1\",\"components.view\":\"1\",\"components.create\":\"1\",\"components.edit\":\"1\",\"components.delete\":\"1\",\"components.checkout\":\"1\",\"components.checkin\":\"1\",\"users.view\":\"1\",\"users.create\":\"1\",\"users.edit\":\"1\",\"users.delete\":\"1\",\"models.view\":\"1\",\"models.create\":\"1\",\"models.edit\":\"1\",\"models.delete\":\"1\",\"categories.view\":\"1\",\"categories.create\":\"1\",\"categories.edit\":\"1\",\"categories.delete\":\"1\",\"departments.view\":\"1\",\"departments.create\":\"1\",\"departments.edit\":\"1\",\"departments.delete\":\"1\",\"statuslabels.view\":\"1\",\"statuslabels.create\":\"1\",\"statuslabels.edit\":\"1\",\"statuslabels.delete\":\"1\",\"customfields.view\":\"1\",\"customfields.create\":\"1\",\"customfields.edit\":\"1\",\"customfields.delete\":\"1\",\"suppliers.view\":\"1\",\"suppliers.create\":\"1\",\"suppliers.edit\":\"1\",\"suppliers.delete\":\"1\",\"manufacturers.view\":\"1\",\"manufacturers.create\":\"1\",\"manufacturers.edit\":\"1\",\"manufacturers.delete\":\"1\",\"depreciations.view\":\"1\",\"depreciations.create\":\"1\",\"depreciations.edit\":\"1\",\"depreciations.delete\":\"1\",\"locations.view\":\"1\",\"locations.create\":\"1\",\"locations.edit\":\"1\",\"locations.delete\":\"1\",\"companies.view\":\"1\",\"companies.create\":\"1\",\"companies.edit\":\"1\",\"companies.delete\":\"1\",\"self.two_factor\":\"1\",\"self.api\":\"1\",\"self.edit_location\":\"1\"}',1,NULL,NULL,'2019-07-09 01:42:17',NULL,NULL,'Thong','Ly Thinh','2019-07-07 19:32:24','2019-07-09 01:42:17',NULL,NULL,NULL,NULL,NULL,NULL,NULL,NULL,NULL,NULL,'TidusLee',NULL,5,NULL,0,'en',1,NULL,0,0,NULL,NULL,NULL,NULL,NULL),(62,'kitagawa153@gmail.com','$2y$10$wGl3A4XbHFGByLCEzUTvA.VUMiQKfWpygmwZH28lcYL39ngOLcvU6','{\"superuser\":\"0\",\"admin\":\"0\",\"import\":\"0\",\"reports.view\":\"0\",\"assets.view\":\"0\",\"assets.create\":\"0\",\"assets.edit\":\"0\",\"assets.delete\":\"0\",\"assets.checkin\":\"0\",\"assets.checkout\":\"0\",\"assets.audit\":\"0\",\"assets.view.requestable\":\"0\",\"accessories.view\":\"0\",\"accessories.create\":\"0\",\"accessories.edit\":\"0\",\"accessories.delete\":\"0\",\"accessories.checkout\":\"0\",\"accessories.checkin\":\"0\",\"consumables.view\":\"0\",\"consumables.create\":\"0\",\"consumables.edit\":\"0\",\"consumables.delete\":\"0\",\"consumables.checkout\":\"0\",\"licenses.view\":\"0\",\"licenses.create\":\"0\",\"licenses.edit\":\"0\",\"licenses.delete\":\"0\",\"licenses.checkout\":\"0\",\"licenses.keys\":\"0\",\"components.view\":\"0\",\"components.create\":\"0\",\"components.edit\":\"0\",\"components.delete\":\"0\",\"components.checkout\":\"0\",\"components.checkin\":\"0\",\"users.view\":\"0\",\"users.create\":\"0\",\"users.edit\":\"0\",\"users.delete\":\"0\",\"models.view\":\"0\",\"models.create\":\"0\",\"models.edit\":\"0\",\"models.delete\":\"0\",\"categories.view\":\"0\",\"categories.create\":\"0\",\"categories.edit\":\"0\",\"categories.delete\":\"0\",\"departments.view\":\"0\",\"departments.create\":\"0\",\"departments.edit\":\"0\",\"departments.delete\":\"0\",\"statuslabels.view\":\"0\",\"statuslabels.create\":\"0\",\"statuslabels.edit\":\"0\",\"statuslabels.delete\":\"0\",\"customfields.view\":\"0\",\"customfields.create\":\"0\",\"customfields.edit\":\"0\",\"customfields.delete\":\"0\",\"suppliers.view\":\"0\",\"suppliers.create\":\"0\",\"suppliers.edit\":\"0\",\"suppliers.delete\":\"0\",\"manufacturers.view\":\"0\",\"manufacturers.create\":\"0\",\"manufacturers.edit\":\"0\",\"manufacturers.delete\":\"0\",\"depreciations.view\":\"0\",\"depreciations.create\":\"0\",\"depreciations.edit\":\"0\",\"depreciations.delete\":\"0\",\"locations.view\":\"0\",\"locations.create\":\"0\",\"locations.edit\":\"0\",\"locations.delete\":\"0\",\"companies.view\":\"0\",\"companies.create\":\"0\",\"companies.edit\":\"0\",\"companies.delete\":\"0\",\"self.two_factor\":\"0\",\"self.api\":\"0\",\"self.edit_location\":\"0\"}',1,NULL,NULL,NULL,NULL,NULL,'Trnh','Bc H','2019-07-09 23:28:39','2019-07-09 23:28:39',NULL,NULL,'VN',NULL,11,NULL,'Programmer',59,'037118006',NULL,'fegle',NULL,5,NULL,0,'vi',1,NULL,0,0,7,NULL,NULL,NULL,NULL),(63,'dangcntt2801@gmail.com','$2y$10$hItIyR7EiABgpgOAIrkzUuEvc9ElxU3ZSZvUmQTf8pae8SxSGURsq','{\"superuser\":\"1\",\"admin\":\"1\",\"import\":\"1\",\"reports.view\":\"1\",\"assets.view\":\"1\",\"assets.create\":\"1\",\"assets.edit\":\"1\",\"assets.delete\":\"1\",\"assets.checkin\":\"1\",\"assets.checkout\":\"1\",\"assets.audit\":\"1\",\"assets.view.requestable\":\"1\",\"accessories.view\":\"1\",\"accessories.create\":\"1\",\"accessories.edit\":\"1\",\"accessories.delete\":\"1\",\"accessories.checkout\":\"1\",\"accessories.checkin\":\"1\",\"consumables.view\":\"1\",\"consumables.create\":\"1\",\"consumables.edit\":\"1\",\"consumables.delete\":\"1\",\"consumables.checkout\":\"1\",\"licenses.view\":\"1\",\"licenses.create\":\"1\",\"licenses.edit\":\"1\",\"licenses.delete\":\"1\",\"licenses.checkout\":\"1\",\"licenses.keys\":\"1\",\"components.view\":\"1\",\"components.create\":\"1\",\"components.edit\":\"1\",\"components.delete\":\"1\",\"components.checkout\":\"1\",\"components.checkin\":\"1\",\"users.view\":\"1\",\"users.create\":\"1\",\"users.edit\":\"1\",\"users.delete\":\"1\",\"models.view\":\"1\",\"models.create\":\"1\",\"models.edit\":\"1\",\"models.delete\":\"1\",\"categories.view\":\"1\",\"categories.create\":\"1\",\"categories.edit\":\"1\",\"categories.delete\":\"1\",\"departments.view\":\"1\",\"departments.create\":\"1\",\"departments.edit\":\"1\",\"departments.delete\":\"1\",\"statuslabels.view\":\"1\",\"statuslabels.create\":\"1\",\"statuslabels.edit\":\"1\",\"statuslabels.delete\":\"1\",\"customfields.view\":\"1\",\"customfields.create\":\"1\",\"customfields.edit\":\"1\",\"customfields.delete\":\"1\",\"suppliers.view\":\"1\",\"suppliers.create\":\"1\",\"suppliers.edit\":\"1\",\"suppliers.delete\":\"1\",\"manufacturers.view\":\"1\",\"manufacturers.create\":\"1\",\"manufacturers.edit\":\"1\",\"manufacturers.delete\":\"1\",\"depreciations.view\":\"1\",\"depreciations.create\":\"1\",\"depreciations.edit\":\"1\",\"depreciations.delete\":\"1\",\"locations.view\":\"1\",\"locations.create\":\"1\",\"locations.edit\":\"1\",\"locations.delete\":\"1\",\"companies.view\":\"1\",\"companies.create\":\"1\",\"companies.edit\":\"1\",\"companies.delete\":\"1\",\"self.two_factor\":\"1\",\"self.api\":\"1\",\"self.edit_location\":\"1\"}',1,NULL,NULL,'2019-08-08 23:59:48',NULL,NULL,'dang','huynh','2019-07-16 20:06:25','2019-08-08 23:59:48',NULL,NULL,NULL,NULL,NULL,NULL,NULL,NULL,'1',NULL,'sutu9578',NULL,2,'boEMpAOJ7dJ2jLZw8eN5DAX7D8DfxoJKbzQjXdS9rKwHnAsxGEw45cYPM2ZG',0,'en',1,NULL,0,0,NULL,NULL,NULL,NULL,NULL),(64,NULL,'$2y$10$Mf9gkXA28GyNYUKXWVg73eqbttU7JNgGwIFU9jycH6e0su.tIj0E6','{\"superuser\":\"1\",\"admin\":\"1\",\"import\":\"1\",\"reports.view\":\"1\",\"assets.view\":\"1\",\"assets.create\":\"1\",\"assets.edit\":\"1\",\"assets.delete\":\"1\",\"assets.checkin\":\"1\",\"assets.checkout\":\"1\",\"assets.audit\":\"1\",\"assets.view.requestable\":\"1\",\"accessories.view\":\"1\",\"accessories.create\":\"1\",\"accessories.edit\":\"1\",\"accessories.delete\":\"1\",\"accessories.checkout\":\"1\",\"accessories.checkin\":\"1\",\"consumables.view\":\"1\",\"consumables.create\":\"1\",\"consumables.edit\":\"1\",\"consumables.delete\":\"1\",\"consumables.checkout\":\"1\",\"licenses.view\":\"1\",\"licenses.create\":\"1\",\"licenses.edit\":\"1\",\"licenses.delete\":\"1\",\"licenses.checkout\":\"1\",\"licenses.keys\":\"1\",\"components.view\":\"1\",\"components.create\":\"1\",\"components.edit\":\"1\",\"components.delete\":\"1\",\"components.checkout\":\"1\",\"components.checkin\":\"1\",\"users.view\":\"1\",\"users.create\":\"1\",\"users.edit\":\"1\",\"users.delete\":\"1\",\"models.view\":\"1\",\"models.create\":\"1\",\"models.edit\":\"1\",\"models.delete\":\"1\",\"categories.view\":\"1\",\"categories.create\":\"1\",\"categories.edit\":\"1\",\"categories.delete\":\"1\",\"departments.view\":\"1\",\"departments.create\":\"1\",\"departments.edit\":\"1\",\"departments.delete\":\"1\",\"statuslabels.view\":\"1\",\"statuslabels.create\":\"1\",\"statuslabels.edit\":\"1\",\"statuslabels.delete\":\"1\",\"customfields.view\":\"1\",\"customfields.create\":\"1\",\"customfields.edit\":\"1\",\"customfields.delete\":\"1\",\"suppliers.view\":\"1\",\"suppliers.create\":\"1\",\"suppliers.edit\":\"1\",\"suppliers.delete\":\"1\",\"manufacturers.view\":\"1\",\"manufacturers.create\":\"1\",\"manufacturers.edit\":\"1\",\"manufacturers.delete\":\"1\",\"depreciations.view\":\"1\",\"depreciations.create\":\"1\",\"depreciations.edit\":\"1\",\"depreciations.delete\":\"1\",\"locations.view\":\"1\",\"locations.create\":\"1\",\"locations.edit\":\"1\",\"locations.delete\":\"1\",\"companies.view\":\"1\",\"companies.create\":\"1\",\"companies.edit\":\"1\",\"companies.delete\":\"1\",\"self.two_factor\":\"1\",\"self.api\":\"1\",\"self.edit_location\":\"1\"}',1,NULL,NULL,'2019-08-09 01:08:01',NULL,NULL,'Diem','GTN','2019-07-16 20:08:07','2019-08-09 01:08:01',NULL,NULL,NULL,NULL,NULL,NULL,NULL,NULL,NULL,NULL,'diem.gtn',NULL,NULL,'Ag2Puk5PW5ckmgQfrpRGKKA4SjxKt0uB2M9sRX3nq7CXkaDjitSCDEm0Aclv',0,NULL,1,NULL,0,0,NULL,NULL,NULL,NULL,NULL),(65,'duong.lnt@vn.vinx.asia','$2y$10$nJ2R9HxXrPx3RCi/zjoFoO4o0kyxvPTGiC.gpAA17BLbI595epW.q','{\"superuser\":\"1\",\"admin\":\"1\",\"import\":\"1\",\"reports.view\":\"1\",\"assets.view\":\"1\",\"assets.create\":\"1\",\"assets.edit\":\"1\",\"assets.delete\":\"1\",\"assets.checkin\":\"1\",\"assets.checkout\":\"1\",\"assets.audit\":\"1\",\"assets.view.requestable\":\"1\",\"accessories.view\":\"1\",\"accessories.create\":\"1\",\"accessories.edit\":\"1\",\"accessories.delete\":\"1\",\"accessories.checkout\":\"1\",\"accessories.checkin\":\"1\",\"consumables.view\":\"1\",\"consumables.create\":\"1\",\"consumables.edit\":\"1\",\"consumables.delete\":\"1\",\"consumables.checkout\":\"1\",\"licenses.view\":\"1\",\"licenses.create\":\"1\",\"licenses.edit\":\"1\",\"licenses.delete\":\"1\",\"licenses.checkout\":\"1\",\"licenses.keys\":\"1\",\"components.view\":\"1\",\"components.create\":\"1\",\"components.edit\":\"1\",\"components.delete\":\"1\",\"components.checkout\":\"1\",\"components.checkin\":\"1\",\"users.view\":\"1\",\"users.create\":\"1\",\"users.edit\":\"1\",\"users.delete\":\"1\",\"models.view\":\"1\",\"models.create\":\"1\",\"models.edit\":\"1\",\"models.delete\":\"1\",\"categories.view\":\"1\",\"categories.create\":\"1\",\"categories.edit\":\"1\",\"categories.delete\":\"1\",\"departments.view\":\"1\",\"departments.create\":\"1\",\"departments.edit\":\"1\",\"departments.delete\":\"1\",\"statuslabels.view\":\"1\",\"statuslabels.create\":\"1\",\"statuslabels.edit\":\"1\",\"statuslabels.delete\":\"1\",\"customfields.view\":\"1\",\"customfields.create\":\"1\",\"customfields.edit\":\"1\",\"customfields.delete\":\"1\",\"suppliers.view\":\"1\",\"suppliers.create\":\"1\",\"suppliers.edit\":\"1\",\"suppliers.delete\":\"1\",\"manufacturers.view\":\"1\",\"manufacturers.create\":\"1\",\"manufacturers.edit\":\"1\",\"manufacturers.delete\":\"1\",\"depreciations.view\":\"1\",\"depreciations.create\":\"1\",\"depreciations.edit\":\"1\",\"depreciations.delete\":\"1\",\"locations.view\":\"1\",\"locations.create\":\"1\",\"locations.edit\":\"1\",\"locations.delete\":\"1\",\"companies.view\":\"1\",\"companies.create\":\"1\",\"companies.edit\":\"1\",\"companies.delete\":\"1\",\"self.two_factor\":\"1\",\"self.api\":\"1\",\"self.edit_location\":\"1\"}',1,NULL,NULL,'2019-08-02 01:45:36',NULL,NULL,'LE','DUONG','2019-07-16 20:12:19','2019-08-02 01:45:36',NULL,NULL,NULL,NULL,1,NULL,NULL,62,NULL,NULL,'lntduong',NULL,5,'tQxaVdyFU9cmTBMC4znjBjZLr21QsId2ienjwIisRcfqrkHJfUgN3R1JZ0Lc',0,'en',1,NULL,0,0,7,NULL,NULL,NULL,NULL),(66,NULL,'$2y$10$kt7EocG6A5m/s.cVFE58qu5KnL6FqC4myFeO8/PabuoV84CsOIG4q','{\"superuser\":\"0\",\"admin\":\"0\",\"import\":\"0\",\"reports.view\":\"0\",\"assets.view\":\"1\",\"assets.create\":\"0\",\"assets.edit\":\"0\",\"assets.delete\":\"0\",\"assets.checkin\":\"0\",\"assets.checkout\":\"0\",\"assets.audit\":\"0\",\"assets.view.requestable\":\"1\",\"accessories.view\":\"0\",\"accessories.create\":\"0\",\"accessories.edit\":\"0\",\"accessories.delete\":\"0\",\"accessories.checkout\":\"0\",\"accessories.checkin\":\"0\",\"consumables.view\":\"0\",\"consumables.create\":\"0\",\"consumables.edit\":\"0\",\"consumables.delete\":\"0\",\"consumables.checkout\":\"0\",\"licenses.view\":\"0\",\"licenses.create\":\"0\",\"licenses.edit\":\"0\",\"licenses.delete\":\"0\",\"licenses.checkout\":\"0\",\"licenses.keys\":\"0\",\"components.view\":\"0\",\"components.create\":\"0\",\"components.edit\":\"0\",\"components.delete\":\"0\",\"components.checkout\":\"0\",\"components.checkin\":\"0\",\"users.view\":\"0\",\"users.create\":\"0\",\"users.edit\":\"0\",\"users.delete\":\"0\",\"models.view\":\"0\",\"models.create\":\"0\",\"models.edit\":\"0\",\"models.delete\":\"0\",\"categories.view\":\"0\",\"categories.create\":\"0\",\"categories.edit\":\"0\",\"categories.delete\":\"0\",\"departments.view\":\"0\",\"departments.create\":\"0\",\"departments.edit\":\"0\",\"departments.delete\":\"0\",\"statuslabels.view\":\"0\",\"statuslabels.create\":\"0\",\"statuslabels.edit\":\"0\",\"statuslabels.delete\":\"0\",\"customfields.view\":\"0\",\"customfields.create\":\"0\",\"customfields.edit\":\"0\",\"customfields.delete\":\"0\",\"suppliers.view\":\"0\",\"suppliers.create\":\"0\",\"suppliers.edit\":\"0\",\"suppliers.delete\":\"0\",\"manufacturers.view\":\"0\",\"manufacturers.create\":\"0\",\"manufacturers.edit\":\"0\",\"manufacturers.delete\":\"0\",\"depreciations.view\":\"0\",\"depreciations.create\":\"0\",\"depreciations.edit\":\"0\",\"depreciations.delete\":\"0\",\"locations.view\":\"0\",\"locations.create\":\"0\",\"locations.edit\":\"0\",\"locations.delete\":\"0\",\"companies.view\":\"0\",\"companies.create\":\"0\",\"companies.edit\":\"0\",\"companies.delete\":\"0\",\"self.two_factor\":\"0\",\"self.api\":\"0\",\"self.edit_location\":\"0\"}',1,NULL,NULL,'2019-08-06 02:07:17',NULL,NULL,'ha','vvc','2019-08-06 02:04:32','2019-08-06 02:07:37',NULL,NULL,NULL,NULL,NULL,NULL,NULL,NULL,NULL,NULL,'ha.vvc',NULL,5,'RJzYJOoAMRJpxx2MvBDmuJDKOrHrj4uEW1XNOImNX7ExrNgBaEYOiA5NllH9',0,'en',1,NULL,0,0,NULL,NULL,NULL,NULL,NULL),(67,'trang.dtp@vn.vinx.asia','$2y$10$cmtdoAzhFf3//qm6GZogtu4GXFZ/6fw1ejmwiqal3t4WdMbYt07/u','{\"superuser\":\"1\",\"admin\":\"1\",\"import\":\"1\",\"reports.view\":\"1\",\"assets.view\":\"1\",\"assets.create\":\"1\",\"assets.edit\":\"1\",\"assets.delete\":\"1\",\"assets.checkin\":\"1\",\"assets.checkout\":\"1\",\"assets.audit\":\"1\",\"assets.view.requestable\":\"1\",\"accessories.view\":\"1\",\"accessories.create\":\"1\",\"accessories.edit\":\"1\",\"accessories.delete\":\"1\",\"accessories.checkout\":\"1\",\"accessories.checkin\":\"1\",\"consumables.view\":\"1\",\"consumables.create\":\"1\",\"consumables.edit\":\"1\",\"consumables.delete\":\"1\",\"consumables.checkout\":\"1\",\"licenses.view\":\"1\",\"licenses.create\":\"1\",\"licenses.edit\":\"1\",\"licenses.delete\":\"1\",\"licenses.checkout\":\"1\",\"licenses.keys\":\"1\",\"components.view\":\"1\",\"components.create\":\"1\",\"components.edit\":\"1\",\"components.delete\":\"1\",\"components.checkout\":\"1\",\"components.checkin\":\"1\",\"users.view\":\"1\",\"users.create\":\"1\",\"users.edit\":\"1\",\"users.delete\":\"1\",\"models.view\":\"1\",\"models.create\":\"1\",\"models.edit\":\"1\",\"models.delete\":\"1\",\"categories.view\":\"1\",\"categories.create\":\"1\",\"categories.edit\":\"1\",\"categories.delete\":\"1\",\"departments.view\":\"1\",\"departments.create\":\"1\",\"departments.edit\":\"1\",\"departments.delete\":\"1\",\"statuslabels.view\":\"1\",\"statuslabels.create\":\"1\",\"statuslabels.edit\":\"1\",\"statuslabels.delete\":\"1\",\"customfields.view\":\"1\",\"customfields.create\":\"1\",\"customfields.edit\":\"1\",\"customfields.delete\":\"1\",\"suppliers.view\":\"1\",\"suppliers.create\":\"1\",\"suppliers.edit\":\"1\",\"suppliers.delete\":\"1\",\"manufacturers.view\":\"1\",\"manufacturers.create\":\"1\",\"manufacturers.edit\":\"1\",\"manufacturers.delete\":\"1\",\"depreciations.view\":\"1\",\"depreciations.create\":\"1\",\"depreciations.edit\":\"1\",\"depreciations.delete\":\"1\",\"locations.view\":\"1\",\"locations.create\":\"1\",\"locations.edit\":\"1\",\"locations.delete\":\"1\",\"companies.view\":\"1\",\"companies.create\":\"1\",\"companies.edit\":\"1\",\"companies.delete\":\"1\",\"self.two_factor\":\"1\",\"self.api\":\"1\",\"self.edit_location\":\"1\"}',1,NULL,NULL,'2019-08-11 18:44:50',NULL,NULL,'Trang','inh','2019-08-08 19:15:57','2019-08-11 18:44:50',NULL,NULL,NULL,NULL,NULL,NULL,NULL,NULL,NULL,NULL,'trang.dtp',NULL,5,NULL,0,'en',1,NULL,0,0,NULL,NULL,NULL,NULL,NULL),(68,'','$2y$10$4rcepdblYwTBOqJCRnlhwu0S6AhAp/xkSKo/1nk4cW4PxQtUHaHd6','{\"superuser\":\"0\",\"admin\":\"0\",\"import\":\"0\",\"reports.view\":\"0\",\"assets.view\":\"0\",\"assets.create\":\"0\",\"assets.edit\":\"0\",\"assets.delete\":\"0\",\"assets.checkin\":\"0\",\"assets.checkout\":\"0\",\"assets.audit\":\"0\",\"assets.view.requestable\":\"0\",\"accessories.view\":\"0\",\"accessories.create\":\"0\",\"accessories.edit\":\"0\",\"accessories.delete\":\"0\",\"accessories.checkout\":\"0\",\"accessories.checkin\":\"0\",\"consumables.view\":\"0\",\"consumables.create\":\"0\",\"consumables.edit\":\"0\",\"consumables.delete\":\"0\",\"consumables.checkout\":\"0\",\"licenses.view\":\"0\",\"licenses.create\":\"0\",\"licenses.edit\":\"0\",\"licenses.delete\":\"0\",\"licenses.checkout\":\"0\",\"licenses.keys\":\"0\",\"components.view\":\"0\",\"components.create\":\"0\",\"components.edit\":\"0\",\"components.delete\":\"0\",\"components.checkout\":\"0\",\"components.checkin\":\"0\",\"users.view\":\"0\",\"users.create\":\"0\",\"users.edit\":\"0\",\"users.delete\":\"0\",\"models.view\":\"0\",\"models.create\":\"0\",\"models.edit\":\"0\",\"models.delete\":\"0\",\"categories.view\":\"0\",\"categories.create\":\"0\",\"categories.edit\":\"0\",\"categories.delete\":\"0\",\"departments.view\":\"0\",\"departments.create\":\"0\",\"departments.edit\":\"0\",\"departments.delete\":\"0\",\"statuslabels.view\":\"0\",\"statuslabels.create\":\"0\",\"statuslabels.edit\":\"0\",\"statuslabels.delete\":\"0\",\"customfields.view\":\"0\",\"customfields.create\":\"0\",\"customfields.edit\":\"0\",\"customfields.delete\":\"0\",\"suppliers.view\":\"0\",\"suppliers.create\":\"0\",\"suppliers.edit\":\"0\",\"suppliers.delete\":\"0\",\"manufacturers.view\":\"0\",\"manufacturers.create\":\"0\",\"manufacturers.edit\":\"0\",\"manufacturers.delete\":\"0\",\"depreciations.view\":\"0\",\"depreciations.create\":\"0\",\"depreciations.edit\":\"0\",\"depreciations.delete\":\"0\",\"locations.view\":\"0\",\"locations.create\":\"0\",\"locations.edit\":\"0\",\"locations.delete\":\"0\",\"companies.view\":\"0\",\"companies.create\":\"0\",\"companies.edit\":\"0\",\"companies.delete\":\"0\",\"self.two_factor\":\"0\",\"self.api\":\"0\",\"self.edit_location\":\"0\"}',1,NULL,NULL,NULL,NULL,NULL,'B Thanh','vvc','2019-08-09 01:16:49','2019-08-09 01:16:49',NULL,NULL,NULL,NULL,NULL,NULL,NULL,NULL,NULL,NULL,'thanh.ntn',NULL,7,NULL,0,'en',1,NULL,0,0,NULL,NULL,NULL,NULL,NULL);
/*!40000 ALTER TABLE `users` ENABLE KEYS */;
UNLOCK TABLES;

--
-- Table structure for table `users_groups`
--

DROP TABLE IF EXISTS `users_groups`;
/*!40101 SET @saved_cs_client     = @@character_set_client */;
/*!40101 SET character_set_client = utf8 */;
CREATE TABLE `users_groups` (
  `user_id` int(10) unsigned NOT NULL,
  `group_id` int(10) unsigned NOT NULL,
  PRIMARY KEY (`user_id`,`group_id`)
) ENGINE=InnoDB DEFAULT CHARSET=utf8mb4 COLLATE=utf8mb4_unicode_ci;
/*!40101 SET character_set_client = @saved_cs_client */;

--
-- Dumping data for table `users_groups`
--

LOCK TABLES `users_groups` WRITE;
/*!40000 ALTER TABLE `users_groups` DISABLE KEYS */;
INSERT INTO `users_groups` VALUES (59,1);
/*!40000 ALTER TABLE `users_groups` ENABLE KEYS */;
UNLOCK TABLES;
/*!40103 SET TIME_ZONE=@OLD_TIME_ZONE */;

/*!40101 SET SQL_MODE=@OLD_SQL_MODE */;
/*!40014 SET FOREIGN_KEY_CHECKS=@OLD_FOREIGN_KEY_CHECKS */;
/*!40014 SET UNIQUE_CHECKS=@OLD_UNIQUE_CHECKS */;
/*!40101 SET CHARACTER_SET_CLIENT=@OLD_CHARACTER_SET_CLIENT */;
/*!40101 SET CHARACTER_SET_RESULTS=@OLD_CHARACTER_SET_RESULTS */;
/*!40101 SET COLLATION_CONNECTION=@OLD_COLLATION_CONNECTION */;
/*!40111 SET SQL_NOTES=@OLD_SQL_NOTES */;

-- Dump completed on 2019-08-20 14:14:40
